This is pdfTeX, Version 3.141592653-2.6-1.40.28 (MiKTeX 25.12) (preloaded format=pdflatex 2026.7.23)  4 AUG 2026 00:03
entering extended mode
 restricted \write18 enabled.
 file:line:error style messages enabled.
 %&-line parsing enabled.
**c:/Users/EmmaGolub/Desktop/MRoS_local/Manuscript/main.tex
(c:/Users/EmmaGolub/Desktop/MRoS_local/Manuscript/main.tex
LaTeX2e <2025-11-01>
L3 programming layer <2025-12-24>
(ametsocV6.1.cls
\c@section=\count275
\c@subsection=\count276
\c@subsubsection=\count277
\c@paragraph=\count278
\c@subparagraph=\count279
\c@figure=\count280
\c@table=\count281
\abovecaptionskip=\skip49
\belowcaptionskip=\skip50
\bibindent=\dimen148
 (C:\Users\EmmaGolub\AppData\Local\Programs\MiKTeX\tex/latex/graphics\graphicx.sty
Package: graphicx 2024/12/31 v1.2e Enhanced LaTeX Graphics (DPC,SPQR)
 (C:\Users\EmmaGolub\AppData\Local\Programs\MiKTeX\tex/latex/graphics\keyval.sty
Package: keyval 2022/05/29 v1.15 key=value parser (DPC)
\KV@toks@=\toks17
) (C:\Users\EmmaGolub\AppData\Local\Programs\MiKTeX\tex/latex/graphics\graphics.sty
Package: graphics 2024/08/06 v1.4g Standard LaTeX Graphics (DPC,SPQR)
 (C:\Users\EmmaGolub\AppData\Local\Programs\MiKTeX\tex/latex/graphics\trig.sty
Package: trig 2023/12/02 v1.11 sin cos tan (DPC)
) (C:\Users\EmmaGolub\AppData\Local\Programs\MiKTeX\tex/latex/graphics-cfg\graphics.cfg
File: graphics.cfg 2016/06/04 v1.11 sample graphics configuration
)
Package graphics Info: Driver file: pdftex.def on input line 106.
 (C:\Users\EmmaGolub\AppData\Local\Programs\MiKTeX\tex/latex/graphics-def\pdftex.def
File: pdftex.def 2025/09/29 v1.2d Graphics/color driver for pdftex
))
\Gin@req@height=\dimen149
\Gin@req@width=\dimen150
) (C:\Users\EmmaGolub\AppData\Local\Programs\MiKTeX\tex/latex/amsmath\amsmath.sty
Package: amsmath 2025/07/09 v2.17z AMS math features
\@mathmargin=\skip51

For additional information on amsmath, use the `?' option.
(C:\Users\EmmaGolub\AppData\Local\Programs\MiKTeX\tex/latex/amsmath\amstext.sty
Package: amstext 2024/11/17 v2.01 AMS text
 (C:\Users\EmmaGolub\AppData\Local\Programs\MiKTeX\tex/latex/amsmath\amsgen.sty
File: amsgen.sty 1999/11/30 v2.0 generic functions
\@emptytoks=\toks18
\ex@=\dimen151
)) (C:\Users\EmmaGolub\AppData\Local\Programs\MiKTeX\tex/latex/amsmath\amsbsy.sty
Package: amsbsy 1999/11/29 v1.2d Bold Symbols
\pmbraise@=\dimen152
) (C:\Users\EmmaGolub\AppData\Local\Programs\MiKTeX\tex/latex/amsmath\amsopn.sty
Package: amsopn 2022/04/08 v2.04 operator names
)
\inf@bad=\count282
LaTeX Info: Redefining \frac on input line 233.
\uproot@=\count283
\leftroot@=\count284
LaTeX Info: Redefining \overline on input line 398.
LaTeX Info: Redefining \colon on input line 409.
\classnum@=\count285
\DOTSCASE@=\count286
LaTeX Info: Redefining \ldots on input line 495.
LaTeX Info: Redefining \dots on input line 498.
LaTeX Info: Redefining \cdots on input line 619.
\Mathstrutbox@=\box53
\strutbox@=\box54
LaTeX Info: Redefining \big on input line 721.
LaTeX Info: Redefining \Big on input line 722.
LaTeX Info: Redefining \bigg on input line 723.
LaTeX Info: Redefining \Bigg on input line 724.
\big@size=\dimen153
LaTeX Font Info:    Redeclaring font encoding OML on input line 742.
LaTeX Font Info:    Redeclaring font encoding OMS on input line 743.
\macc@depth=\count287
LaTeX Info: Redefining \bmod on input line 904.
LaTeX Info: Redefining \pmod on input line 909.
LaTeX Info: Redefining \smash on input line 939.
LaTeX Info: Redefining \relbar on input line 969.
LaTeX Info: Redefining \Relbar on input line 970.
\c@MaxMatrixCols=\count288
\dotsspace@=\muskip17
\c@parentequation=\count289
\dspbrk@lvl=\count290
\tag@help=\toks19
\row@=\count291
\column@=\count292
\maxfields@=\count293
\andhelp@=\toks20
\eqnshift@=\dimen154
\alignsep@=\dimen155
\tagshift@=\dimen156
\tagwidth@=\dimen157
\totwidth@=\dimen158
\lineht@=\dimen159
\@envbody=\toks21
\multlinegap=\skip52
\multlinetaggap=\skip53
\mathdisplay@stack=\toks22
LaTeX Info: Redefining \[ on input line 2950.
LaTeX Info: Redefining \] on input line 2951.
) (C:\Users\EmmaGolub\AppData\Local\Programs\MiKTeX\tex/latex/amsfonts\amsfonts.sty
Package: amsfonts 2013/01/14 v3.01 Basic AMSFonts support
\symAMSa=\mathgroup4
\symAMSb=\mathgroup5
LaTeX Font Info:    Redeclaring math symbol \hbar on input line 98.
LaTeX Font Info:    Overwriting math alphabet `\mathfrak' in version `bold'
(Font)                  U/euf/m/n --> U/euf/b/n on input line 106.
) (C:\Users\EmmaGolub\AppData\Local\Programs\MiKTeX\tex/latex/amsfonts\amssymb.sty
Package: amssymb 2013/01/14 v3.01 AMS font symbols
) (C:\Users\EmmaGolub\AppData\Local\Programs\MiKTeX\tex/latex/tools\bm.sty
Package: bm 2025/10/21 v1.2g Bold Symbol Support (DPC/FMi)
\symboldoperators=\mathgroup6
\symboldletters=\mathgroup7
\symboldsymbols=\mathgroup8
Package bm Info: No bold for \OMX/cmex/m/n, using \pmb.
Package bm Info: No bold for \U/msa/m/n, using \pmb.
Package bm Info: No bold for \U/msb/m/n, using \pmb.
LaTeX Font Info:    Redeclaring math alphabet \mathbf on input line 149.
) (C:\Users\EmmaGolub\AppData\Local\Programs\MiKTeX\tex/latex/psnfss\mathptmx.sty
Package: mathptmx 2020/03/25 PSNFSS-v9.3 Times w/ Math, improved (SPQR, WaS) 
LaTeX Font Info:    Redeclaring symbol font `operators' on input line 28.
LaTeX Font Info:    Overwriting symbol font `operators' in version `normal'
(Font)                  OT1/cmr/m/n --> OT1/ztmcm/m/n on input line 28.
LaTeX Font Info:    Overwriting symbol font `operators' in version `bold'
(Font)                  OT1/cmr/bx/n --> OT1/ztmcm/m/n on input line 28.
LaTeX Font Info:    Redeclaring symbol font `letters' on input line 29.
LaTeX Font Info:    Overwriting symbol font `letters' in version `normal'
(Font)                  OML/cmm/m/it --> OML/ztmcm/m/it on input line 29.
LaTeX Font Info:    Overwriting symbol font `letters' in version `bold'
(Font)                  OML/cmm/b/it --> OML/ztmcm/m/it on input line 29.
LaTeX Font Info:    Redeclaring symbol font `symbols' on input line 30.
LaTeX Font Info:    Overwriting symbol font `symbols' in version `normal'
(Font)                  OMS/cmsy/m/n --> OMS/ztmcm/m/n on input line 30.
LaTeX Font Info:    Overwriting symbol font `symbols' in version `bold'
(Font)                  OMS/cmsy/b/n --> OMS/ztmcm/m/n on input line 30.
LaTeX Font Info:    Redeclaring symbol font `largesymbols' on input line 31.
LaTeX Font Info:    Overwriting symbol font `largesymbols' in version `normal'
(Font)                  OMX/cmex/m/n --> OMX/ztmcm/m/n on input line 31.
LaTeX Font Info:    Overwriting symbol font `largesymbols' in version `bold'
(Font)                  OMX/cmex/m/n --> OMX/ztmcm/m/n on input line 31.
\symbold=\mathgroup9
\symitalic=\mathgroup10
LaTeX Font Info:    Redeclaring math alphabet \mathbf on input line 34.
LaTeX Font Info:    Redeclaring math alphabet \mathit on input line 35.
LaTeX Font Info:    Overwriting math alphabet `\mathit' in version `normal'
(Font)                  OT1/cmr/m/it --> OT1/ptm/m/it on input line 35.
LaTeX Font Info:    Overwriting math alphabet `\mathit' in version `bold'
(Font)                  OT1/cmr/bx/it --> OT1/ptm/m/it on input line 35.
LaTeX Info: Redefining \hbar on input line 50.
) (C:\Users\EmmaGolub\AppData\Local\Programs\MiKTeX\tex/latex/newtx\newtxtext.sty
Package: newtxtext 2024/04/01 v1.744(Michael Sharpe) latex and unicode latex support for TeXGyreTermesX
 `newtxtext' v1.744, 2024/04/01 Text macros taking advantage of TeXGyre Termes and its extensions (msharpe) (C:\Users\EmmaGolub\AppData\Local\Programs\MiKTeX\tex/latex/xpatch\xpatch.sty (C:\Users\EmmaGolub\AppData\Local\Programs\MiKTeX\tex/latex/l3kernel\expl3.sty
Package: expl3 2025-12-24 L3 programming layer (loader) 
 (C:\Users\EmmaGolub\AppData\Local\Programs\MiKTeX\tex/latex/l3backend\l3backend-pdftex.def
File: l3backend-pdftex.def 2025-10-09 L3 backend support: PDF output (pdfTeX)
\l__color_backend_stack_int=\count294
))
Package: xpatch 2020/03/25 v0.3a Extending etoolbox patching commands
 (C:\Users\EmmaGolub\AppData\Local\Programs\MiKTeX\tex/latex/l3packages/xparse\xparse.sty
Package: xparse 2025-10-09 L3 Experimental document command parser
) (C:\Users\EmmaGolub\AppData\Local\Programs\MiKTeX\tex/latex/etoolbox\etoolbox.sty
Package: etoolbox 2025/10/02 v2.5m e-TeX tools for LaTeX (JAW)
\etb@tempcnta=\count295
)) (C:\Users\EmmaGolub\AppData\Local\Programs\MiKTeX\tex/latex/xcolor\xcolor.sty
Package: xcolor 2024/09/29 v3.02 LaTeX color extensions (UK)
 (C:\Users\EmmaGolub\AppData\Local\Programs\MiKTeX\tex/latex/graphics-cfg\color.cfg
File: color.cfg 2016/01/02 v1.6 sample color configuration
)
Package xcolor Info: Driver file: pdftex.def on input line 274.
 (C:\Users\EmmaGolub\AppData\Local\Programs\MiKTeX\tex/latex/graphics\mathcolor.ltx)
Package xcolor Info: Model `cmy' substituted by `cmy0' on input line 1349.
Package xcolor Info: Model `hsb' substituted by `rgb' on input line 1353.
Package xcolor Info: Model `RGB' extended on input line 1365.
Package xcolor Info: Model `HTML' substituted by `rgb' on input line 1367.
Package xcolor Info: Model `Hsb' substituted by `hsb' on input line 1368.
Package xcolor Info: Model `tHsb' substituted by `hsb' on input line 1369.
Package xcolor Info: Model `HSB' substituted by `hsb' on input line 1370.
Package xcolor Info: Model `Gray' substituted by `gray' on input line 1371.
Package xcolor Info: Model `wave' substituted by `hsb' on input line 1372.
) (C:\Users\EmmaGolub\AppData\Local\Programs\MiKTeX\tex/generic/iftex\iftex.sty
Package: iftex 2024/12/12 v1.0g TeX engine tests
) (C:\Users\EmmaGolub\AppData\Local\Programs\MiKTeX\tex/latex/xkeyval\xkeyval.sty
Package: xkeyval 2022/06/16 v2.9 package option processing (HA)
 (C:\Users\EmmaGolub\AppData\Local\Programs\MiKTeX\tex/generic/xkeyval\xkeyval.tex (C:\Users\EmmaGolub\AppData\Local\Programs\MiKTeX\tex/generic/xkeyval\xkvutils.tex
\XKV@toks=\toks23
\XKV@tempa@toks=\toks24
)
\XKV@depth=\count296
File: xkeyval.tex 2014/12/03 v2.7a key=value parser (HA)
)) (C:\Users\EmmaGolub\AppData\Local\Programs\MiKTeX\tex/latex/base\textcomp.sty
Package: textcomp 2024/04/24 v2.1b Standard LaTeX package
) (C:\Users\EmmaGolub\AppData\Local\Programs\MiKTeX\tex/latex/xstring\xstring.sty (C:\Users\EmmaGolub\AppData\Local\Programs\MiKTeX\tex/generic/xstring\xstring.tex
\xs_counta=\count297
\xs_countb=\count298
)
Package: xstring 2023/08/22 v1.86 String manipulations (CT)
) (C:\Users\EmmaGolub\AppData\Local\Programs\MiKTeX\tex/latex/base\ifthen.sty
Package: ifthen 2024/03/16 v1.1e Standard LaTeX ifthen package (DPC)
) (C:\Users\EmmaGolub\AppData\Local\Programs\MiKTeX\tex/latex/carlisle\scalefnt.sty)
LaTeX Font Info:    Setting ntxLF sub-encoding to TS1/0 on input line 24.
LaTeX Font Info:    Setting ntxTLF sub-encoding to TS1/0 on input line 24.
LaTeX Font Info:    Setting ntxOsF sub-encoding to TS1/0 on input line 24.
LaTeX Font Info:    Setting ntxTOsF sub-encoding to TS1/0 on input line 24.
 (C:\Users\EmmaGolub\AppData\Local\Programs\MiKTeX\tex/generic/binhex\binhex.tex)
\ntx@tmpcnta=\count299
\ntx@cnt=\count300
 (C:\Users\EmmaGolub\AppData\Local\Programs\MiKTeX\tex/latex/fontaxes\fontaxes.sty
Package: fontaxes 2026-01-02 v2.0.2 Font selection axes (deprecated)
Applying: [2024-11-01] Use figureversions if present on input line 74.
 (C:\Users\EmmaGolub\AppData\Local\Programs\MiKTeX\tex/latex/figureversions\figureversions.sty
Package: figureversions 2025-04-29 v1.0.1 Figure versions
)
Already applied: [0000-00-00] Fall back to v1 on input line 76.
)
\tx@sixem=\dimen160
\tx@y=\dimen161
\tx@x=\dimen162
\tx@tmpdima=\dimen163
\tx@tmpdimb=\dimen164
\tx@tmpdimc=\dimen165
\tx@tmpdimd=\dimen166
\tx@tmpdime=\dimen167
\tx@tmpdimf=\dimen168
\tx@dimA=\dimen169
\tx@dimAA=\dimen170
\tx@dimB=\dimen171
\tx@dimBB=\dimen172
\tx@dimC=\dimen173
LaTeX Info: Redefining \oldstylenums on input line 902.
) (C:\Users\EmmaGolub\AppData\Local\Programs\MiKTeX\tex/latex/newtx\newtxmath.sty
Package: newtxmath 2024/09/22 v1.754
 `newtxmath' v1.754, 2024/09/22 Math macros based originally on txfonts (msharpe) (C:\Users\EmmaGolub\AppData\Local\Programs\MiKTeX\tex/latex/oberdiek\centernot.sty
Package: centernot 2016/05/16 v1.4 Centers the not symbol horizontally (HO)
)
\tx@cntz=\count301
 (C:\Users\EmmaGolub\AppData\Local\Programs\MiKTeX\tex/generic/binhex\binhex.tex)
\tx@Isdigit=\count302
\tx@IsAlNum=\count303
\tx@tA=\toks25
\tx@tB=\toks26
\tx@su=\read2

amsthm NOT loaded
LaTeX Font Info:    Redeclaring symbol font `operators' on input line 402.
LaTeX Font Info:    Overwriting symbol font `operators' in version `normal'
(Font)                  OT1/ztmcm/m/n --> OT1/minntx/m/n on input line 402.
LaTeX Font Info:    Overwriting symbol font `operators' in version `bold'
(Font)                  OT1/ztmcm/m/n --> OT1/minntx/m/n on input line 402.
LaTeX Font Info:    Overwriting symbol font `operators' in version `bold'
(Font)                  OT1/minntx/m/n --> OT1/minntx/b/n on input line 403.
LaTeX Font Info:    Redeclaring math alphabet \mathsf on input line 410.
LaTeX Font Info:    Overwriting math alphabet `\mathsf' in version `normal'
(Font)                  OT1/cmss/m/n --> OT1/qhv/m/n on input line 410.
LaTeX Font Info:    Overwriting math alphabet `\mathsf' in version `bold'
(Font)                  OT1/cmss/bx/n --> OT1/qhv/m/n on input line 410.
LaTeX Font Info:    Overwriting math alphabet `\mathsf' in version `bold'
(Font)                  OT1/qhv/m/n --> OT1/qhv/b/n on input line 412.
LaTeX Font Info:    Redeclaring math alphabet \mathit on input line 419.
LaTeX Font Info:    Overwriting math alphabet `\mathit' in version `normal'
(Font)                  OT1/ptm/m/it --> OT1/minntx/m/it on input line 419.
LaTeX Font Info:    Overwriting math alphabet `\mathit' in version `bold'
(Font)                  OT1/ptm/m/it --> OT1/minntx/m/it on input line 419.
LaTeX Font Info:    Redeclaring math alphabet \mathtt on input line 420.
LaTeX Font Info:    Overwriting math alphabet `\mathtt' in version `normal'
(Font)                  OT1/cmtt/m/n --> OT1/ntxtt/m/n on input line 420.
LaTeX Font Info:    Overwriting math alphabet `\mathtt' in version `bold'
(Font)                  OT1/cmtt/m/n --> OT1/ntxtt/m/n on input line 420.
LaTeX Font Info:    Redeclaring math alphabet \mathbf on input line 422.
LaTeX Font Info:    Overwriting math alphabet `\mathbf' in version `normal'
(Font)                  OT1/ptm/bx/n --> OT1/minntx/b/n on input line 422.
LaTeX Font Info:    Overwriting math alphabet `\mathbf' in version `bold'
(Font)                  OT1/ptm/bx/n --> OT1/minntx/b/n on input line 422.
LaTeX Font Info:    Overwriting math alphabet `\mathit' in version `bold'
(Font)                  OT1/minntx/m/it --> OT1/minntx/b/it on input line 423.
LaTeX Font Info:    Overwriting math alphabet `\mathtt' in version `bold'
(Font)                  OT1/ntxtt/m/n --> OT1/ntxtt/b/n on input line 426.
LaTeX Font Info:    Redeclaring symbol font `letters' on input line 534.
LaTeX Font Info:    Overwriting symbol font `letters' in version `normal'
(Font)                  OML/ztmcm/m/it --> OML/ntxmi/m/it on input line 534.
LaTeX Font Info:    Overwriting symbol font `letters' in version `bold'
(Font)                  OML/ztmcm/m/it --> OML/ntxmi/m/it on input line 534.
LaTeX Font Info:    Overwriting symbol font `letters' in version `bold'
(Font)                  OML/ntxmi/m/it --> OML/ntxmi/b/it on input line 535.
\symlettersA=\mathgroup11
LaTeX Font Info:    Overwriting symbol font `lettersA' in version `bold'
(Font)                  U/ntxmia/m/it --> U/ntxmia/b/it on input line 582.
LaTeX Font Info:    Redeclaring math alphabet \mathfrak on input line 584.
Now handling font encoding LMS ...
... no UTF-8 mapping file for font encoding LMS
LaTeX Font Info:    Redeclaring symbol font `symbols' on input line 604.
LaTeX Font Info:    Encoding `OMS' has changed to `LMS' for symbol font
(Font)              `symbols' in the math version `normal' on input line 604.
LaTeX Font Info:    Overwriting symbol font `symbols' in version `normal'
(Font)                  OMS/ztmcm/m/n --> LMS/ntxsy/m/n on input line 604.
LaTeX Font Info:    Encoding `OMS' has changed to `LMS' for symbol font
(Font)              `symbols' in the math version `bold' on input line 604.
LaTeX Font Info:    Overwriting symbol font `symbols' in version `bold'
(Font)                  OMS/ztmcm/m/n --> LMS/ntxsy/m/n on input line 604.
LaTeX Font Info:    Overwriting symbol font `symbols' in version `bold'
(Font)                  LMS/ntxsy/m/n --> LMS/ntxsy/b/n on input line 605.
\symAMSm=\mathgroup12
LaTeX Font Info:    Overwriting symbol font `AMSm' in version `bold'
(Font)                  U/ntxsym/m/n --> U/ntxsym/b/n on input line 630.
\symsymbolsC=\mathgroup13
LaTeX Font Info:    Overwriting symbol font `symbolsC' in version `bold'
(Font)                  U/ntxsyc/m/n --> U/ntxsyc/b/n on input line 651.
Now handling font encoding LMX ...
... no UTF-8 mapping file for font encoding LMX
LaTeX Font Info:    Redeclaring symbol font `largesymbols' on input line 664.
LaTeX Font Info:    Encoding `OMX' has changed to `LMX' for symbol font
(Font)              `largesymbols' in the math version `normal' on input line 664.
LaTeX Font Info:    Overwriting symbol font `largesymbols' in version `normal'
(Font)                  OMX/ztmcm/m/n --> LMX/ntxexx/m/n on input line 664.
LaTeX Font Info:    Encoding `OMX' has changed to `LMX' for symbol font
(Font)              `largesymbols' in the math version `bold' on input line 664.
LaTeX Font Info:    Overwriting symbol font `largesymbols' in version `bold'
(Font)                  OMX/ztmcm/m/n --> LMX/ntxexx/m/n on input line 664.
LaTeX Font Info:    Overwriting symbol font `largesymbols' in version `bold'
(Font)                  LMX/ntxexx/m/n --> LMX/ntxexx/b/n on input line 665.
\symlargesymbolsTXA=\mathgroup14
LaTeX Font Info:    Overwriting symbol font `largesymbolsTXA' in version `bold'
(Font)                  U/ntxexa/m/n --> U/ntxexa/b/n on input line 679.
\tx@sbptoks=\toks27
LaTeX Font Info:    Redeclaring math delimiter \lfloor on input line 902.
LaTeX Font Info:    Redeclaring math delimiter \rfloor on input line 903.
LaTeX Font Info:    Redeclaring math delimiter \lceil on input line 904.
LaTeX Font Info:    Redeclaring math delimiter \rceil on input line 905.
LaTeX Font Info:    Redeclaring math delimiter \lbrace on input line 910.
LaTeX Font Info:    Redeclaring math delimiter \rbrace on input line 911.
LaTeX Font Info:    Redeclaring math delimiter \langle on input line 913.
LaTeX Font Info:    Redeclaring math delimiter \rangle on input line 915.
LaTeX Font Info:    Redeclaring math delimiter \arrowvert on input line 919.
LaTeX Font Info:    Redeclaring math delimiter \vert on input line 920.
LaTeX Font Info:    Redeclaring math accent \dot on input line 991.
LaTeX Font Info:    Redeclaring math accent \ddot on input line 992.
LaTeX Font Info:    Redeclaring math accent \vec on input line 2057.
LaTeX Info: Redefining \Bbbk on input line 2847.
LaTeX Info: Redefining \not on input line 2995.
) (C:\Users\EmmaGolub\AppData\Local\Programs\MiKTeX\tex/latex/epstopdf-pkg\epstopdf.sty
Package: epstopdf 2020-01-24 v2.11 Conversion with epstopdf on the fly (HO)
 (C:\Users\EmmaGolub\AppData\Local\Programs\MiKTeX\tex/generic/infwarerr\infwarerr.sty
Package: infwarerr 2019/12/03 v1.5 Providing info/warning/error messages (HO)
) (C:\Users\EmmaGolub\AppData\Local\Programs\MiKTeX\tex/latex/grfext\grfext.sty
Package: grfext 2019/12/03 v1.3 Manage graphics extensions (HO)
 (C:\Users\EmmaGolub\AppData\Local\Programs\MiKTeX\tex/generic/kvdefinekeys\kvdefinekeys.sty
Package: kvdefinekeys 2019-12-19 v1.6 Define keys (HO)
)) (C:\Users\EmmaGolub\AppData\Local\Programs\MiKTeX\tex/latex/kvoptions\kvoptions.sty
Package: kvoptions 2022-06-15 v3.15 Key value format for package options (HO)
 (C:\Users\EmmaGolub\AppData\Local\Programs\MiKTeX\tex/generic/ltxcmds\ltxcmds.sty
Package: ltxcmds 2023-12-04 v1.26 LaTeX kernel commands for general use (HO)
) (C:\Users\EmmaGolub\AppData\Local\Programs\MiKTeX\tex/latex/kvsetkeys\kvsetkeys.sty
Package: kvsetkeys 2022-10-05 v1.19 Key value parser (HO)
)) (C:\Users\EmmaGolub\AppData\Local\Programs\MiKTeX\tex/generic/pdftexcmds\pdftexcmds.sty
Package: pdftexcmds 2020-06-27 v0.33 Utility functions of pdfTeX for LuaTeX (HO)
Package pdftexcmds Info: \pdf@primitive is available.
Package pdftexcmds Info: \pdf@ifprimitive is available.
Package pdftexcmds Info: \pdfdraftmode found.
) (C:\Users\EmmaGolub\AppData\Local\Programs\MiKTeX\tex/latex/epstopdf-pkg\epstopdf-base.sty
Package: epstopdf-base 2020-01-24 v2.11 Base part for package epstopdf
Package epstopdf-base Info: Redefining graphics rule for `.eps' on input line 485.
Package grfext Info: Graphics extension search list:
(grfext)             [.pdf,.png,.jpg,.mps,.jpeg,.jbig2,.jb2,.PDF,.PNG,.JPG,.JPEG,.JBIG2,.JB2,.eps]
(grfext)             \AppendGraphicsExtensions on input line 504.
 (C:\Users\EmmaGolub\AppData\Local\Programs\MiKTeX\tex/latex/00miktex\epstopdf-sys.cfg
File: epstopdf-sys.cfg 2021/03/18 v2.0 Configuration of epstopdf for MiKTeX
))) (C:\Users\EmmaGolub\AppData\Local\Programs\MiKTeX\tex/latex/psnfss\helvet.sty
Package: helvet 2020/03/25 PSNFSS-v9.3 (WaS) 
) (C:\Users\EmmaGolub\AppData\Local\Programs\MiKTeX\tex/latex/fancyhdr\fancyhdr.sty
Package: fancyhdr 2025/02/07 v5.2 Extensive control of page headers and footers
\f@nch@headwidth=\skip54
\f@nch@offset@elh=\skip55
\f@nch@offset@erh=\skip56
\f@nch@offset@olh=\skip57
\f@nch@offset@orh=\skip58
\f@nch@offset@elf=\skip59
\f@nch@offset@erf=\skip60
\f@nch@offset@olf=\skip61
\f@nch@offset@orf=\skip62
\f@nch@height=\skip63
\f@nch@footalignment=\skip64
\f@nch@widthL=\skip65
\f@nch@widthC=\skip66
\f@nch@widthR=\skip67
\@temptokenb=\toks28
) (C:\Users\EmmaGolub\AppData\Local\Programs\MiKTeX\tex/latex/natbib\natbib.sty
Package: natbib 2010/09/13 8.31b (PWD, AO)
\bibhang=\skip68
\bibsep=\skip69
LaTeX Info: Redefining \cite on input line 694.
\c@NAT@ctr=\count304
) (C:\Users\EmmaGolub\AppData\Local\Programs\MiKTeX\tex/latex/url\url.sty
\Urlmuskip=\muskip18
Package: url 2013/09/16  ver 3.4  Verb mode for urls, etc.
) (C:\Users\EmmaGolub\AppData\Local\Programs\MiKTeX\tex/latex/tools\indentfirst.sty
Package: indentfirst 2023/07/02 v1.03 Indent first paragraph (DPC)
) (C:\Users\EmmaGolub\AppData\Local\Programs\MiKTeX\tex/latex/tools\multicol.sty
Package: multicol 2025/10/21 v2.0b multicolumn formatting (FMi)
\c@tracingmulticols=\count305
\mult@box=\box55
\multicol@leftmargin=\dimen174
\c@unbalance=\count306
\c@collectmore=\count307
\doublecol@number=\count308
\multicoltolerance=\count309
\multicolpretolerance=\count310
\full@width=\dimen175
\page@free=\dimen176
\premulticols=\dimen177
\postmulticols=\dimen178
\multicolsep=\skip70
\multicolbaselineskip=\skip71
\partial@page=\box56
\last@line=\box57
\mc@boxedresult=\box58
\maxbalancingoverflow=\dimen179
\mult@rightbox=\box59
\mult@grightbox=\box60
\mult@firstbox=\box61
\mult@gfirstbox=\box62
\@tempa=\box63
\@tempa=\box64
\@tempa=\box65
\@tempa=\box66
\@tempa=\box67
\@tempa=\box68
\@tempa=\box69
\@tempa=\box70
\@tempa=\box71
\@tempa=\box72
\@tempa=\box73
\@tempa=\box74
\@tempa=\box75
\@tempa=\box76
\@tempa=\box77
\@tempa=\box78
\@tempa=\box79
\@tempa=\box80
\@tempa=\box81
\@tempa=\box82
\@tempa=\box83
\@tempa=\box84
\@tempa=\box85
\@tempa=\box86
\@tempa=\box87
\@tempa=\box88
\@tempa=\box89
\@tempa=\box90
\@tempa=\box91
\@tempa=\box92
\@tempa=\box93
\@tempa=\box94
\@tempa=\box95
\@tempa=\box96
\@tempa=\box97
\@tempa=\box98
\c@minrows=\count311
\c@columnbadness=\count312
\c@finalcolumnbadness=\count313
\last@try=\dimen180
\multicolovershoot=\dimen181
\multicolundershoot=\dimen182
\mult@nat@firstbox=\box99
\colbreak@box=\box100
\mc@col@check@num=\count314
\g__mc_curr_col_int=\count315
) (C:\Users\EmmaGolub\AppData\Local\Programs\MiKTeX\tex/latex/graphics\rotating.sty
Package: rotating 2025/01/14 v2.16e rotated objects in LaTeX
\c@r@tfl@t=\count316
\rotFPtop=\skip72
\rotFPbot=\skip73
\rot@float@box=\box101
\rot@mess@toks=\toks29
) (C:\Users\EmmaGolub\AppData\Local\Programs\MiKTeX\tex/latex/appendix\appendix.sty
Package: appendix 2020/02/08 v1.2c extra appendix facilities


Package appendix Warning: No \appendix command in this document class!
(appendix)                Trying to create an appendix will probably fail.

\c@@pps=\count317
\c@@ppsavesec=\count318
\c@@ppsaveapp=\count319
) (C:\Users\EmmaGolub\AppData\Local\Programs\MiKTeX\tex/latex/setspace\setspace.sty
Package: setspace 2022/12/04 v6.7b set line spacing
)
\c@loopnum=\count320
\thanksnum=\count321
\savethanksnum=\count322
)
LaTeX Font Info:    Trying to load font information for OT1+ntxtlf on input line 95.
 (C:\Users\EmmaGolub\AppData\Local\Programs\MiKTeX\tex/latex/newtx\ot1ntxtlf.fd
File: ot1ntxtlf.fd 2021/05/24 v1.0 font definition file for OT1/ntx/tlf
)
LaTeX Font Info:    Font shape `OT1/ntxtlf/m/n' will be
(Font)              scaled to size 9.85pt on input line 95.
 (main.aux)
\openout1 = `main.aux'.

LaTeX Font Info:    Checking defaults for OML/ntxmi/m/it on input line 95.
LaTeX Font Info:    Trying to load font information for OML+ntxmi on input line 95.
 (C:\Users\EmmaGolub\AppData\Local\Programs\MiKTeX\tex/latex/newtx\omlntxmi.fd
File: omlntxmi.fd 2015/08/25 Fontinst v1.933 font definitions for OML/ntxmi.
)
LaTeX Font Info:    ... okay on input line 95.
LaTeX Font Info:    Checking defaults for OMS/cmsy/m/n on input line 95.
LaTeX Font Info:    ... okay on input line 95.
LaTeX Font Info:    Checking defaults for OT1/cmr/m/n on input line 95.
LaTeX Font Info:    ... okay on input line 95.
LaTeX Font Info:    Checking defaults for T1/cmr/m/n on input line 95.
LaTeX Font Info:    ... okay on input line 95.
LaTeX Font Info:    Checking defaults for TS1/cmr/m/n on input line 95.
LaTeX Font Info:    ... okay on input line 95.
LaTeX Font Info:    Checking defaults for OMX/cmex/m/n on input line 95.
LaTeX Font Info:    ... okay on input line 95.
LaTeX Font Info:    Checking defaults for U/ntxexa/m/n on input line 95.
LaTeX Font Info:    Trying to load font information for U+ntxexa on input line 95.
 (C:\Users\EmmaGolub\AppData\Local\Programs\MiKTeX\tex/latex/newtx\untxexa.fd
File: untxexa.fd 2012/04/16 Fontinst v1.933 font definitions for U/ntxexa.
)
LaTeX Font Info:    ... okay on input line 95.
LaTeX Font Info:    Checking defaults for LMS/ntxsy/m/n on input line 95.
LaTeX Font Info:    Trying to load font information for LMS+ntxsy on input line 95.
 (C:\Users\EmmaGolub\AppData\Local\Programs\MiKTeX\tex/latex/newtx\lmsntxsy.fd
File: lmsntxsy.fd 2016/07/02 Fontinst v1.933 font definitions for LMS/ntxsy.
)
LaTeX Font Info:    ... okay on input line 95.
LaTeX Font Info:    Checking defaults for LMX/ntxexx/m/n on input line 95.
LaTeX Font Info:    Trying to load font information for LMX+ntxexx on input line 95.
 (C:\Users\EmmaGolub\AppData\Local\Programs\MiKTeX\tex/latex/newtx\lmxntxexx.fd
File: lmxntxexx.fd 2016/07/03 Fontinst v1.933 font definitions for LMX/ntxexx.
)
LaTeX Font Info:    ... okay on input line 95.
 (C:\Users\EmmaGolub\AppData\Local\Programs\MiKTeX\tex/context/base/mkii\supp-pdf.mkii
[Loading MPS to PDF converter (version 2006.09.02).]
\scratchcounter=\count323
\scratchdimen=\dimen183
\scratchbox=\box102
\nofMPsegments=\count324
\nofMParguments=\count325
\everyMPshowfont=\toks30
\MPscratchCnt=\count326
\MPscratchDim=\dimen184
\MPnumerator=\count327
\makeMPintoPDFobject=\count328
\everyMPtoPDFconversion=\toks31
)
LaTeX Info: Command `\dddot' is already robust on input line 95.
LaTeX Info: Command `\ddddot' is already robust on input line 95.
\c@mv@tabular=\count329
\c@mv@boldtabular=\count330
LaTeX Font Info:    Font shape `OT1/ntxtlf/m/n' will be
(Font)              scaled to size 12.0pt on input line 97.
LaTeX Font Info:    Font shape `OT1/ntxtlf/b/n' will be
(Font)              scaled to size 12.0pt on input line 97.
LaTeX Font Info:    Font shape `OT1/ntxtlf/m/sc' will be
(Font)              scaled to size 9.85pt on input line 97.
LaTeX Font Info:    Calculating math sizes for size <9.85> on input line 97.
LaTeX Font Info:    Trying to load font information for OT1+minntx on input line 97.
 (C:\Users\EmmaGolub\AppData\Local\Programs\MiKTeX\tex/latex/newtx\ot1minntx.fd
File: ot1minntx.fd 2023/09/09 v1.1 font definition file for OT1/minntx
)
LaTeX Font Info:    Font shape `OT1/minntx/m/n' will be
(Font)              scaled to size 9.85pt on input line 97.
LaTeX Font Info:    Font shape `OT1/minntx/m/n' will be
(Font)              scaled to size 7.19046pt on input line 97.
LaTeX Font Info:    Font shape `OT1/minntx/m/n' will be
(Font)              scaled to size 5.41753pt on input line 97.
LaTeX Font Info:    Font shape `OML/ntxmi/m/it' will be
(Font)              scaled to size 9.85pt on input line 97.
LaTeX Font Info:    Font shape `OML/ntxmi/m/it' will be
(Font)              scaled to size 7.19046pt on input line 97.
LaTeX Font Info:    Font shape `OML/ntxmi/m/it' will be
(Font)              scaled to size 5.41753pt on input line 97.
LaTeX Font Info:    Font shape `LMS/ntxsy/m/n' will be
(Font)              scaled to size 9.85pt on input line 97.
LaTeX Font Info:    Font shape `LMS/ntxsy/m/n' will be
(Font)              scaled to size 7.19046pt on input line 97.
LaTeX Font Info:    Font shape `LMS/ntxsy/m/n' will be
(Font)              scaled to size 5.41753pt on input line 97.
LaTeX Font Info:    Font shape `LMX/ntxexx/m/n' will be
(Font)              scaled to size 9.85pt on input line 97.
LaTeX Font Info:    Font shape `LMX/ntxexx/m/n' will be
(Font)              scaled to size 7.19046pt on input line 97.
LaTeX Font Info:    Font shape `LMX/ntxexx/m/n' will be
(Font)              scaled to size 5.41753pt on input line 97.


LaTeX Font Warning: Font shape `OT1/cmr/bx/n' in size <5.41753> not available
(Font)              size <5> substituted on input line 97.


LaTeX Font Warning: Font shape `OML/cmm/b/it' in size <5.41753> not available
(Font)              size <5> substituted on input line 97.


LaTeX Font Warning: Font shape `OMS/cmsy/b/n' in size <5.41753> not available
(Font)              size <5> substituted on input line 97.

LaTeX Font Info:    Trying to load font information for OT1+ptm on input line 97.
(C:\Users\EmmaGolub\AppData\Local\Programs\MiKTeX\tex/latex/psnfss\ot1ptm.fd
File: ot1ptm.fd 2001/06/04 font definitions for OT1/ptm.
)
LaTeX Font Info:    Font shape `OT1/ptm/bx/n' in size <9.85> not available
(Font)              Font shape `OT1/ptm/b/n' tried instead on input line 97.
LaTeX Font Info:    Font shape `OT1/ptm/bx/n' in size <7.19046> not available
(Font)              Font shape `OT1/ptm/b/n' tried instead on input line 97.
LaTeX Font Info:    Font shape `OT1/ptm/bx/n' in size <5.41753> not available
(Font)              Font shape `OT1/ptm/b/n' tried instead on input line 97.
LaTeX Font Info:    Trying to load font information for U+ntxmia on input line 97.
 (C:\Users\EmmaGolub\AppData\Local\Programs\MiKTeX\tex/latex/newtx\untxmia.fd
File: untxmia.fd 2024/04/09 Fontinst v1.933 font definitions for U/ntxmia.
)
LaTeX Font Info:    Font shape `U/ntxmia/m/it' will be
(Font)              scaled to size 9.85pt on input line 97.
LaTeX Font Info:    Font shape `U/ntxmia/m/it' will be
(Font)              scaled to size 7.19046pt on input line 97.
LaTeX Font Info:    Font shape `U/ntxmia/m/it' will be
(Font)              scaled to size 5.41753pt on input line 97.
LaTeX Font Info:    Trying to load font information for U+ntxsym on input line 97.
 (C:\Users\EmmaGolub\AppData\Local\Programs\MiKTeX\tex/latex/newtx\untxsym.fd
File: untxsym.fd 2023/08/16 Fontinst v1.933 font definitions for U/ntxsym.
)
LaTeX Font Info:    Font shape `U/ntxsym/m/n' will be
(Font)              scaled to size 9.85pt on input line 97.
LaTeX Font Info:    Font shape `U/ntxsym/m/n' will be
(Font)              scaled to size 7.19046pt on input line 97.
LaTeX Font Info:    Font shape `U/ntxsym/m/n' will be
(Font)              scaled to size 5.41753pt on input line 97.
LaTeX Font Info:    Trying to load font information for U+ntxsyc on input line 97.
 (C:\Users\EmmaGolub\AppData\Local\Programs\MiKTeX\tex/latex/newtx\untxsyc.fd
File: untxsyc.fd 2012/04/12 Fontinst v1.933 font definitions for U/ntxsyc.
)
LaTeX Font Info:    Font shape `U/ntxsyc/m/n' will be
(Font)              scaled to size 9.85pt on input line 97.
LaTeX Font Info:    Font shape `U/ntxsyc/m/n' will be
(Font)              scaled to size 7.19046pt on input line 97.
LaTeX Font Info:    Font shape `U/ntxsyc/m/n' will be
(Font)              scaled to size 5.41753pt on input line 97.
LaTeX Font Info:    Font shape `U/ntxexa/m/n' will be
(Font)              scaled to size 9.85pt on input line 97.
LaTeX Font Info:    Font shape `U/ntxexa/m/n' will be
(Font)              scaled to size 7.19046pt on input line 97.
LaTeX Font Info:    Font shape `U/ntxexa/m/n' will be
(Font)              scaled to size 5.41753pt on input line 97.
LaTeX Font Info:    Font shape `OT1/ntxtlf/m/sc' will be
(Font)              scaled to size 7.19046pt on input line 97.
LaTeX Font Info:    Font shape `OT1/ntxtlf/m/n' will be
(Font)              scaled to size 7.19046pt on input line 97.
LaTeX Font Info:    Font shape `OT1/ntxtlf/m/n' will be
(Font)              scaled to size 8.5pt on input line 97.
LaTeX Font Info:    Font shape `OT1/ntxtlf/m/it' will be
(Font)              scaled to size 8.5pt on input line 97.
LaTeX Font Info:    Calculating math sizes for size <8.5> on input line 97.
LaTeX Font Info:    Font shape `OT1/minntx/m/n' will be
(Font)              scaled to size 8.5pt on input line 97.
LaTeX Font Info:    Font shape `OT1/minntx/m/n' will be
(Font)              scaled to size 6.20496pt on input line 97.
LaTeX Font Info:    Font shape `OT1/minntx/m/n' will be
(Font)              scaled to size 4.67502pt on input line 97.
LaTeX Font Info:    Font shape `OML/ntxmi/m/it' will be
(Font)              scaled to size 8.5pt on input line 97.
LaTeX Font Info:    Font shape `OML/ntxmi/m/it' will be
(Font)              scaled to size 6.20496pt on input line 97.
LaTeX Font Info:    Font shape `OML/ntxmi/m/it' will be
(Font)              scaled to size 4.67502pt on input line 97.
LaTeX Font Info:    Font shape `LMS/ntxsy/m/n' will be
(Font)              scaled to size 8.5pt on input line 97.
LaTeX Font Info:    Font shape `LMS/ntxsy/m/n' will be
(Font)              scaled to size 6.20496pt on input line 97.
LaTeX Font Info:    Font shape `LMS/ntxsy/m/n' will be
(Font)              scaled to size 4.67502pt on input line 97.
LaTeX Font Info:    Font shape `LMX/ntxexx/m/n' will be
(Font)              scaled to size 8.5pt on input line 97.
LaTeX Font Info:    Font shape `LMX/ntxexx/m/n' will be
(Font)              scaled to size 6.20496pt on input line 97.
LaTeX Font Info:    Font shape `LMX/ntxexx/m/n' will be
(Font)              scaled to size 4.67502pt on input line 97.


LaTeX Font Warning: Font shape `OT1/cmr/bx/n' in size <8.5> not available
(Font)              size <8> substituted on input line 97.


LaTeX Font Warning: Font shape `OML/cmm/b/it' in size <8.5> not available
(Font)              size <8> substituted on input line 97.


LaTeX Font Warning: Font shape `OMS/cmsy/b/n' in size <8.5> not available
(Font)              size <8> substituted on input line 97.

LaTeX Font Info:    Font shape `OT1/ptm/bx/n' in size <8.5> not available
(Font)              Font shape `OT1/ptm/b/n' tried instead on input line 97.
LaTeX Font Info:    Font shape `OT1/ptm/bx/n' in size <6.20496> not available
(Font)              Font shape `OT1/ptm/b/n' tried instead on input line 97.
LaTeX Font Info:    Font shape `OT1/ptm/bx/n' in size <4.67502> not available
(Font)              Font shape `OT1/ptm/b/n' tried instead on input line 97.
LaTeX Font Info:    Font shape `U/ntxmia/m/it' will be
(Font)              scaled to size 8.5pt on input line 97.
LaTeX Font Info:    Font shape `U/ntxmia/m/it' will be
(Font)              scaled to size 6.20496pt on input line 97.
LaTeX Font Info:    Font shape `U/ntxmia/m/it' will be
(Font)              scaled to size 4.67502pt on input line 97.
LaTeX Font Info:    Font shape `U/ntxsym/m/n' will be
(Font)              scaled to size 8.5pt on input line 97.
LaTeX Font Info:    Font shape `U/ntxsym/m/n' will be
(Font)              scaled to size 6.20496pt on input line 97.
LaTeX Font Info:    Font shape `U/ntxsym/m/n' will be
(Font)              scaled to size 4.67502pt on input line 97.
LaTeX Font Info:    Font shape `U/ntxsyc/m/n' will be
(Font)              scaled to size 8.5pt on input line 97.
LaTeX Font Info:    Font shape `U/ntxsyc/m/n' will be
(Font)              scaled to size 6.20496pt on input line 97.
LaTeX Font Info:    Font shape `U/ntxsyc/m/n' will be
(Font)              scaled to size 4.67502pt on input line 97.
LaTeX Font Info:    Font shape `U/ntxexa/m/n' will be
(Font)              scaled to size 8.5pt on input line 97.
LaTeX Font Info:    Font shape `U/ntxexa/m/n' will be
(Font)              scaled to size 6.20496pt on input line 97.
LaTeX Font Info:    Font shape `U/ntxexa/m/n' will be
(Font)              scaled to size 4.67502pt on input line 97.
LaTeX Font Info:    Font shape `OT1/ntxtlf/m/it' will be
(Font)              scaled to size 6.20496pt on input line 97.
LaTeX Font Info:    Font shape `OT1/ntxtlf/m/n' will be
(Font)              scaled to size 6.20496pt on input line 97.
LaTeX Font Info:    Font shape `OT1/ntxtlf/b/it' will be
(Font)              scaled to size 8.5pt on input line 97.
LaTeX Font Info:    Font shape `OT1/ntxtlf/m/n' will be
(Font)              scaled to size 8.0pt on input line 97.
LaTeX Font Info:    Font shape `OT1/minntx/m/n' will be
(Font)              scaled to size 8.0pt on input line 97.
LaTeX Font Info:    Font shape `OT1/minntx/m/n' will be
(Font)              scaled to size 6.0pt on input line 97.
LaTeX Font Info:    Font shape `OT1/minntx/m/n' will be
(Font)              scaled to size 5.5pt on input line 97.
LaTeX Font Info:    Font shape `OML/ntxmi/m/it' will be
(Font)              scaled to size 8.0pt on input line 97.
LaTeX Font Info:    Font shape `OML/ntxmi/m/it' will be
(Font)              scaled to size 6.0pt on input line 97.
LaTeX Font Info:    Font shape `OML/ntxmi/m/it' will be
(Font)              scaled to size 5.5pt on input line 97.
LaTeX Font Info:    Font shape `LMS/ntxsy/m/n' will be
(Font)              scaled to size 8.0pt on input line 97.
LaTeX Font Info:    Font shape `LMS/ntxsy/m/n' will be
(Font)              scaled to size 6.0pt on input line 97.
LaTeX Font Info:    Font shape `LMS/ntxsy/m/n' will be
(Font)              scaled to size 5.5pt on input line 97.
LaTeX Font Info:    Font shape `LMX/ntxexx/m/n' will be
(Font)              scaled to size 8.0pt on input line 97.
LaTeX Font Info:    Font shape `LMX/ntxexx/m/n' will be
(Font)              scaled to size 6.0pt on input line 97.
LaTeX Font Info:    Font shape `LMX/ntxexx/m/n' will be
(Font)              scaled to size 5.5pt on input line 97.

LaTeX Font Warning: Font shape `OT1/cmr/bx/n' in size <5.5> not available
(Font)              size <5> substituted on input line 97.


LaTeX Font Warning: Font shape `OML/cmm/b/it' in size <5.5> not available
(Font)              size <5> substituted on input line 97.


LaTeX Font Warning: Font shape `OMS/cmsy/b/n' in size <5.5> not available
(Font)              size <5> substituted on input line 97.

LaTeX Font Info:    Font shape `OT1/ptm/bx/n' in size <8> not available
(Font)              Font shape `OT1/ptm/b/n' tried instead on input line 97.
LaTeX Font Info:    Font shape `OT1/ptm/bx/n' in size <6> not available
(Font)              Font shape `OT1/ptm/b/n' tried instead on input line 97.
LaTeX Font Info:    Font shape `OT1/ptm/bx/n' in size <5.5> not available
(Font)              Font shape `OT1/ptm/b/n' tried instead on input line 97.
LaTeX Font Info:    Font shape `U/ntxmia/m/it' will be
(Font)              scaled to size 8.0pt on input line 97.
LaTeX Font Info:    Font shape `U/ntxmia/m/it' will be
(Font)              scaled to size 6.0pt on input line 97.
LaTeX Font Info:    Font shape `U/ntxmia/m/it' will be
(Font)              scaled to size 5.5pt on input line 97.
LaTeX Font Info:    Font shape `U/ntxsym/m/n' will be
(Font)              scaled to size 8.0pt on input line 97.
LaTeX Font Info:    Font shape `U/ntxsym/m/n' will be
(Font)              scaled to size 6.0pt on input line 97.
LaTeX Font Info:    Font shape `U/ntxsym/m/n' will be
(Font)              scaled to size 5.5pt on input line 97.
LaTeX Font Info:    Font shape `U/ntxsyc/m/n' will be
(Font)              scaled to size 8.0pt on input line 97.
LaTeX Font Info:    Font shape `U/ntxsyc/m/n' will be
(Font)              scaled to size 6.0pt on input line 97.
LaTeX Font Info:    Font shape `U/ntxsyc/m/n' will be
(Font)              scaled to size 5.5pt on input line 97.
LaTeX Font Info:    Font shape `U/ntxexa/m/n' will be
(Font)              scaled to size 8.0pt on input line 97.
LaTeX Font Info:    Font shape `U/ntxexa/m/n' will be
(Font)              scaled to size 6.0pt on input line 97.
LaTeX Font Info:    Font shape `U/ntxexa/m/n' will be
(Font)              scaled to size 5.5pt on input line 97.
LaTeX Font Info:    Font shape `OT1/ntxtlf/m/n' will be
(Font)              scaled to size 6.0pt on input line 97.
LaTeX Font Info:    Font shape `OT1/ntxtlf/m/it' will be
(Font)              scaled to size 8.0pt on input line 97.
LaTeX Font Info:    Font shape `OT1/ntxtlf/m/n' will be
(Font)              scaled to size 9.0pt on input line 97.
LaTeX Font Info:    Font shape `OT1/ntxtlf/m/n' will be
(Font)              scaled to size 10.5pt on input line 103.
LaTeX Font Info:    Font shape `OT1/ntxtlf/m/it' will be
(Font)              scaled to size 10.5pt on input line 103.
LaTeX Font Info:    Font shape `OT1/ntxtlf/b/n' will be
(Font)              scaled to size 9.85pt on input line 112.

Overfull \vbox (15.74136pt too high) has occurred while \output is active []


Underfull \vbox (badness 1502) has occurred while \output is active []



Package fancyhdr Warning: \headheight is too small (12.0pt): 
(fancyhdr)                Make it at least 33.23175pt, for example:
(fancyhdr)                \setlength{\headheight}{33.23175pt}.
(fancyhdr)                You might also make \topmargin smaller:
(fancyhdr)                \addtolength{\topmargin}{-21.23175pt}.

[1{C:/Users/EmmaGolub/AppData/Local/MiKTeX/fonts/map/pdftex/pdftex.map}{C:/Users/EmmaGolub/AppData/Local/Programs/MiKTeX/fonts/enc/dvips/newtx/ntx-ot1-tlf.enc}{C:/Users/EmmaGolub/AppData/Local/Programs/MiKTeX/fonts/enc/dvips/newtx/ntx-ot1-tlf-pc.enc}


]
<figures/CA/mros_phase_diagnostics_combined_CA.png, id=10, 1003.5894pt x 879.285pt>
File: figures/CA/mros_phase_diagnostics_combined_CA.png Graphic file (type png)
<use figures/CA/mros_phase_diagnostics_combined_CA.png>
Package pdftex.def Info: figures/CA/mros_phase_diagnostics_combined_CA.png  used on input line 233.
(pdftex.def)             Requested size: 304.12654pt x 266.45747pt.
<figures/CO/mros_phase_diagnostics_combined_CO.png, id=12, 1003.5894pt x 879.285pt>
File: figures/CO/mros_phase_diagnostics_combined_CO.png Graphic file (type png)
<use figures/CO/mros_phase_diagnostics_combined_CO.png>
Package pdftex.def Info: figures/CO/mros_phase_diagnostics_combined_CO.png  used on input line 234.
(pdftex.def)             Requested size: 304.12654pt x 266.45747pt.
LaTeX Font Info:    Font shape `OT1/ntxtlf/m/sc' will be
(Font)              scaled to size 8.0pt on input line 254.


LaTeX Warning: Float too large for page by 2.72896pt on input line 256.

LaTeX Font Info:    Font shape `OT1/ntxtlf/m/it' will be
(Font)              scaled to size 9.85pt on input line 264.
LaTeX Font Info:    Font shape `OT1/ntxtlf/m/sc' will be
(Font)              scaled to size 8.5pt on input line 281.
[2] [3 <./figures/CA/mros_phase_diagnostics_combined_CA.png> <./figures/CO/mros_phase_diagnostics_combined_CO.png>]
LaTeX Font Info:    Trying to load font information for OT1+ntxtt on input line 282.
 (C:\Users\EmmaGolub\AppData\Local\Programs\MiKTeX\tex/latex/newtx\ot1ntxtt.fd
File: ot1ntxtt.fd 2012/04/20 v3.1
)
LaTeX Font Info:    Font shape `OT1/ntxtt/m/n' will be
(Font)              scaled to size 9.85pt on input line 282.

Underfull \hbox (badness 10000) in paragraph at lines 282--298
[]\OT1/minntx/m/n/9.85 Each sub-mis-sion is pro-cessed with the
 []


Underfull \hbox (badness 10000) in paragraph at lines 311--319
[]\OT1/minntx/m/n/9.85 Half-hourly GPM IMERG probability-of-liquid-
 []


Underfull \hbox (badness 1048) in paragraph at lines 311--319
\OT1/minntx/m/n/9.85 phase (only rain or snow) from pas-sive mi-crowave
 []

<figures/architecture.png, id=22, 3854.4pt x 1606.0pt>
File: figures/architecture.png Graphic file (type png)
<use figures/architecture.png>
Package pdftex.def Info: figures/architecture.png  used on input line 386.
(pdftex.def)             Requested size: 421.19714pt x 175.48428pt.
[4]
LaTeX Font Info:    Freeze math alphabet allocation in version normal.
(Font)              Allocated math groups: 15 (local: 2) on input line 442.
LaTeX Font Info:    Font shape `OT1/minntx/b/n' will be
(Font)              scaled to size 9.85pt on input line 442.
LaTeX Font Info:    Font shape `OT1/minntx/b/n' will be
(Font)              scaled to size 7.19046pt on input line 442.
LaTeX Font Info:    Font shape `OT1/minntx/b/n' will be
(Font)              scaled to size 5.41753pt on input line 442.
LaTeX Font Info:    Undo math alphabet allocation in version normal on input line 443.
LaTeX Font Info:    No math alphabet change to frozen version normal on input line 443.
LaTeX Font Info:    Undo math alphabet allocation in version normal on input line 446.

Underfull \vbox (badness 10000) has occurred while \output is active []

LaTeX Font Info:    Undo math alphabet allocation in version normal on input line 451.
LaTeX Font Info:    No math alphabet change to frozen version normal on input line 451.
 [5 <./figures/architecture.png>]
LaTeX Font Info:    No math alphabet change to frozen version normal on input line 472.
LaTeX Font Info:    No math alphabet change to frozen version normal on input line 472.
LaTeX Font Info:    No math alphabet change to frozen version normal on input line 473.
<figures/CA/quicklook_20240204T1700Z.png, id=34, 1144.7568pt x 695.9601pt>
File: figures/CA/quicklook_20240204T1700Z.png Graphic file (type png)
<use figures/CA/quicklook_20240204T1700Z.png>
Package pdftex.def Info: figures/CA/quicklook_20240204T1700Z.png  used on input line 496.
(pdftex.def)             Requested size: 444.59857pt x 270.28705pt.
<figures/CO/quicklook_20240203T1700Z.png, id=35, 1157.2836pt x 695.9601pt>
File: figures/CO/quicklook_20240203T1700Z.png Graphic file (type png)
<use figures/CO/quicklook_20240203T1700Z.png>
Package pdftex.def Info: figures/CO/quicklook_20240203T1700Z.png  used on input line 497.
(pdftex.def)             Requested size: 444.59857pt x 267.3667pt.
LaTeX Font Info:    No math alphabet change to frozen version normal on input line 527.
LaTeX Font Info:    No math alphabet change to frozen version normal on input line 580.
LaTeX Font Info:    No math alphabet change to frozen version normal on input line 587.
LaTeX Font Info:    No math alphabet change to frozen version normal on input line 591.
 [6] [7 <./figures/CA/quicklook_20240204T1700Z.png> <./figures/CO/quicklook_20240203T1700Z.png>]
LaTeX Font Info:    No math alphabet change to frozen version normal on input line 629.
LaTeX Font Info:    No math alphabet change to frozen version normal on input line 633.
LaTeX Font Info:    No math alphabet change to frozen version normal on input line 634.
LaTeX Font Info:    No math alphabet change to frozen version normal on input line 635.
LaTeX Font Info:    No math alphabet change to frozen version normal on input line 637.
LaTeX Font Info:    Nested math: keeping math alphabet allocation in version normal on input line 641.
LaTeX Font Info:    Nested math: keeping math alphabet allocation in version normal on input line 641.
LaTeX Font Info:    Nested math: keeping math alphabet allocation in version normal on input line 641.
LaTeX Font Info:    Font shape `OT1/ntxtlf/m/n' will be
(Font)              scaled to size 5.41753pt on input line 642.
LaTeX Font Info:    Nested math: keeping math alphabet allocation in version normal on input line 642.
LaTeX Font Info:    Nested math: keeping math alphabet allocation in version normal on input line 642.
LaTeX Font Info:    Nested math: keeping math alphabet allocation in version normal on input line 642.
LaTeX Font Info:    Nested math: keeping math alphabet allocation in version normal on input line 643.
LaTeX Font Info:    Nested math: keeping math alphabet allocation in version normal on input line 643.
LaTeX Font Info:    Nested math: keeping math alphabet allocation in version normal on input line 644.
LaTeX Font Info:    No math alphabet change to frozen version normal on input line 646.
LaTeX Font Info:    No math alphabet change to frozen version normal on input line 646.
LaTeX Font Info:    No math alphabet change to frozen version normal on input line 647.
LaTeX Font Info:    No math alphabet change to frozen version normal on input line 648.
LaTeX Font Info:    No math alphabet change to frozen version normal on input line 648.
LaTeX Font Info:    No math alphabet change to frozen version normal on input line 649.
LaTeX Font Info:    No math alphabet change to frozen version normal on input line 649.
LaTeX Font Info:    No math alphabet change to frozen version normal on input line 651.
LaTeX Font Info:    No math alphabet change to frozen version normal on input line 671.
LaTeX Font Info:    No math alphabet change to frozen version normal on input line 674.
LaTeX Font Info:    No math alphabet change to frozen version normal on input line 674.
LaTeX Font Info:    No math alphabet change to frozen version normal on input line 674.
LaTeX Font Info:    No math alphabet change to frozen version normal on input line 675.
LaTeX Font Info:    No math alphabet change to frozen version normal on input line 675.
LaTeX Font Info:    No math alphabet change to frozen version normal on input line 675.
LaTeX Font Info:    No math alphabet change to frozen version normal on input line 676.
LaTeX Font Info:    No math alphabet change to frozen version normal on input line 676.
LaTeX Font Info:    No math alphabet change to frozen version normal on input line 708.
LaTeX Font Info:    No math alphabet change to frozen version normal on input line 710.
 [8]
LaTeX Font Info:    No math alphabet change to frozen version normal on input line 729.
LaTeX Font Info:    No math alphabet change to frozen version normal on input line 729.
LaTeX Font Info:    No math alphabet change to frozen version normal on input line 729.
LaTeX Font Info:    No math alphabet change to frozen version normal on input line 729.
LaTeX Font Info:    No math alphabet change to frozen version normal on input line 729.
LaTeX Font Info:    No math alphabet change to frozen version normal on input line 729.
LaTeX Font Info:    No math alphabet change to frozen version normal on input line 729.
LaTeX Font Info:    No math alphabet change to frozen version normal on input line 729.
LaTeX Font Info:    No math alphabet change to frozen version normal on input line 729.
LaTeX Font Info:    No math alphabet change to frozen version normal on input line 729.
LaTeX Font Info:    No math alphabet change to frozen version normal on input line 729.
LaTeX Font Info:    No math alphabet change to frozen version normal on input line 729.
LaTeX Font Info:    No math alphabet change to frozen version normal on input line 729.
LaTeX Font Info:    No math alphabet change to frozen version normal on input line 729.
LaTeX Font Info:    No math alphabet change to frozen version normal on input line 729.
LaTeX Font Info:    No math alphabet change to frozen version normal on input line 729.
LaTeX Font Info:    No math alphabet change to frozen version normal on input line 729.
LaTeX Font Info:    No math alphabet change to frozen version normal on input line 729.
LaTeX Font Info:    No math alphabet change to frozen version normal on input line 729.
LaTeX Font Info:    No math alphabet change to frozen version normal on input line 729.
LaTeX Font Info:    No math alphabet change to frozen version normal on input line 729.
LaTeX Font Info:    No math alphabet change to frozen version normal on input line 729.
LaTeX Font Info:    No math alphabet change to frozen version normal on input line 729.
LaTeX Font Info:    No math alphabet change to frozen version normal on input line 729.
LaTeX Font Info:    No math alphabet change to frozen version normal on input line 729.
LaTeX Font Info:    No math alphabet change to frozen version normal on input line 729.
LaTeX Font Info:    No math alphabet change to frozen version normal on input line 729.
LaTeX Font Info:    No math alphabet change to frozen version normal on input line 729.
LaTeX Font Info:    No math alphabet change to frozen version normal on input line 729.
LaTeX Font Info:    No math alphabet change to frozen version normal on input line 729.
LaTeX Font Info:    No math alphabet change to frozen version normal on input line 729.
LaTeX Font Info:    No math alphabet change to frozen version normal on input line 729.
LaTeX Font Info:    No math alphabet change to frozen version normal on input line 729.
LaTeX Font Info:    No math alphabet change to frozen version normal on input line 729.
LaTeX Font Info:    No math alphabet change to frozen version normal on input line 729.
LaTeX Font Info:    No math alphabet change to frozen version normal on input line 729.
LaTeX Font Info:    No math alphabet change to frozen version normal on input line 729.
LaTeX Font Info:    No math alphabet change to frozen version normal on input line 729.
LaTeX Font Info:    No math alphabet change to frozen version normal on input line 729.
LaTeX Font Info:    No math alphabet change to frozen version normal on input line 729.
LaTeX Font Info:    No math alphabet change to frozen version normal on input line 729.
LaTeX Font Info:    No math alphabet change to frozen version normal on input line 729.
LaTeX Font Info:    Nested math: keeping math alphabet allocation in version normal on input line 740.
LaTeX Font Info:    Nested math: keeping math alphabet allocation in version normal on input line 744.
LaTeX Font Info:    Nested math: keeping math alphabet allocation in version normal on input line 748.

Underfull \hbox (badness 4328) in paragraph at lines 751--751
[]\OT1/minntx/m/n/8 Precision and re-call, both
 []

LaTeX Font Info:    Nested math: keeping math alphabet allocation in version normal on input line 752.
LaTeX Font Info:    Nested math: keeping math alphabet allocation in version normal on input line 753.

Underfull \hbox (badness 1668) in paragraph at lines 754--754
[]\OT1/minntx/m/n/8 Ignores the prob-a-bil-i-ties be-hind
 []

LaTeX Font Info:    Nested math: keeping math alphabet allocation in version normal on input line 757.

Underfull \hbox (badness 1337) in paragraph at lines 763--763
[]\OT1/minntx/m/n/8 Ranking: does snow score
 []


Underfull \hbox (badness 1215) in paragraph at lines 768--768
[]\OT1/minntx/m/n/8 Squared er-ror of the stated
 []

LaTeX Font Info:    Nested math: keeping math alphabet allocation in version normal on input line 769.
LaTeX Font Info:    Nested math: keeping math alphabet allocation in version normal on input line 773.

Underfull \hbox (badness 10000) in paragraph at lines 778--778
[]\OT1/minntx/m/n/8 Observer-reported mix the
 []

LaTeX Font Info:    Nested math: keeping math alphabet allocation in version normal on input line 779.
LaTeX Font Info:    Nested math: keeping math alphabet allocation in version normal on input line 783.
LaTeX Font Info:    No math alphabet change to frozen version normal on input line 786.
LaTeX Font Info:    No math alphabet change to frozen version normal on input line 818.
LaTeX Font Info:    No math alphabet change to frozen version normal on input line 818.
LaTeX Font Info:    No math alphabet change to frozen version normal on input line 818.
LaTeX Font Info:    No math alphabet change to frozen version normal on input line 819.
LaTeX Font Info:    No math alphabet change to frozen version normal on input line 819.
LaTeX Font Info:    No math alphabet change to frozen version normal on input line 820.
LaTeX Font Info:    No math alphabet change to frozen version normal on input line 822.
LaTeX Font Info:    No math alphabet change to frozen version normal on input line 861.
[9]
LaTeX Font Info:    No math alphabet change to frozen version normal on input line 909.
LaTeX Font Info:    No math alphabet change to frozen version normal on input line 925.
LaTeX Font Info:    No math alphabet change to frozen version normal on input line 925.
LaTeX Font Info:    No math alphabet change to frozen version normal on input line 925.
LaTeX Font Info:    No math alphabet change to frozen version normal on input line 925.
LaTeX Font Info:    No math alphabet change to frozen version normal on input line 925.
LaTeX Font Info:    No math alphabet change to frozen version normal on input line 925.
LaTeX Font Info:    No math alphabet change to frozen version normal on input line 925.
LaTeX Font Info:    No math alphabet change to frozen version normal on input line 925.
LaTeX Font Info:    No math alphabet change to frozen version normal on input line 925.
LaTeX Font Info:    No math alphabet change to frozen version normal on input line 925.
LaTeX Font Info:    No math alphabet change to frozen version normal on input line 925.
LaTeX Font Info:    No math alphabet change to frozen version normal on input line 925.
LaTeX Font Info:    Nested math: keeping math alphabet allocation in version normal on input line 940.
LaTeX Font Info:    Nested math: keeping math alphabet allocation in version normal on input line 940.
LaTeX Font Info:    Nested math: keeping math alphabet allocation in version normal on input line 940.
LaTeX Font Info:    Nested math: keeping math alphabet allocation in version normal on input line 940.
LaTeX Font Info:    Nested math: keeping math alphabet allocation in version normal on input line 940.
LaTeX Font Info:    Nested math: keeping math alphabet allocation in version normal on input line 940.
LaTeX Font Info:    Nested math: keeping math alphabet allocation in version normal on input line 940.
LaTeX Font Info:    Nested math: keeping math alphabet allocation in version normal on input line 941.
LaTeX Font Info:    Nested math: keeping math alphabet allocation in version normal on input line 941.
LaTeX Font Info:    Nested math: keeping math alphabet allocation in version normal on input line 941.
LaTeX Font Info:    Nested math: keeping math alphabet allocation in version normal on input line 941.
LaTeX Font Info:    Nested math: keeping math alphabet allocation in version normal on input line 941.
LaTeX Font Info:    Nested math: keeping math alphabet allocation in version normal on input line 941.
LaTeX Font Info:    Nested math: keeping math alphabet allocation in version normal on input line 941.
LaTeX Font Info:    No math alphabet change to frozen version normal on input line 943.
LaTeX Font Info:    No math alphabet change to frozen version normal on input line 951.
LaTeX Font Info:    No math alphabet change to frozen version normal on input line 951.
LaTeX Font Info:    No math alphabet change to frozen version normal on input line 951.
 [10]
LaTeX Font Info:    No math alphabet change to frozen version normal on input line 959.
LaTeX Font Info:    No math alphabet change to frozen version normal on input line 962.
LaTeX Font Info:    No math alphabet change to frozen version normal on input line 962.
LaTeX Font Info:    No math alphabet change to frozen version normal on input line 965.
LaTeX Font Info:    No math alphabet change to frozen version normal on input line 966.
<figures/CA/CA_f1_by_wetbulb.png, id=55, 1437.6912pt x 374.8404pt>
File: figures/CA/CA_f1_by_wetbulb.png Graphic file (type png)
<use figures/CA/CA_f1_by_wetbulb.png>
Package pdftex.def Info: figures/CA/CA_f1_by_wetbulb.png  used on input line 979.
(pdftex.def)             Requested size: 444.59857pt x 115.91333pt.
<figures/CO/CO_f1_by_wetbulb.png, id=56, 1437.6912pt x 374.8404pt>
File: figures/CO/CO_f1_by_wetbulb.png Graphic file (type png)
<use figures/CO/CO_f1_by_wetbulb.png>
Package pdftex.def Info: figures/CO/CO_f1_by_wetbulb.png  used on input line 980.
(pdftex.def)             Requested size: 444.59857pt x 115.91333pt.
LaTeX Font Info:    No math alphabet change to frozen version normal on input line 996.
LaTeX Font Info:    No math alphabet change to frozen version normal on input line 996.
LaTeX Font Info:    No math alphabet change to frozen version normal on input line 996.
LaTeX Font Info:    No math alphabet change to frozen version normal on input line 996.
LaTeX Font Info:    No math alphabet change to frozen version normal on input line 996.
LaTeX Font Info:    No math alphabet change to frozen version normal on input line 996.
LaTeX Font Info:    No math alphabet change to frozen version normal on input line 996.
LaTeX Font Info:    No math alphabet change to frozen version normal on input line 996.
LaTeX Font Info:    No math alphabet change to frozen version normal on input line 996.
LaTeX Font Info:    No math alphabet change to frozen version normal on input line 996.
LaTeX Font Info:    No math alphabet change to frozen version normal on input line 996.
LaTeX Font Info:    No math alphabet change to frozen version normal on input line 996.
LaTeX Font Info:    No math alphabet change to frozen version normal on input line 996.
LaTeX Font Info:    No math alphabet change to frozen version normal on input line 996.
LaTeX Font Info:    No math alphabet change to frozen version normal on input line 996.
LaTeX Font Info:    No math alphabet change to frozen version normal on input line 996.
LaTeX Font Info:    No math alphabet change to frozen version normal on input line 996.
LaTeX Font Info:    No math alphabet change to frozen version normal on input line 996.
 [11]
LaTeX Font Info:    No math alphabet change to frozen version normal on input line 1068.
<figures/CA/CA_story5_nearfreeze_twet_comparison.png, id=60, 931.8012pt x 356.532pt>
File: figures/CA/CA_story5_nearfreeze_twet_comparison.png Graphic file (type png)
<use figures/CA/CA_story5_nearfreeze_twet_comparison.png>
Package pdftex.def Info: figures/CA/CA_story5_nearfreeze_twet_comparison.png  used on input line 1075.
(pdftex.def)             Requested size: 444.59857pt x 170.11607pt.
<figures/CO/CO_story5_nearfreeze_twet_comparison.png, id=61, 931.8012pt x 356.532pt>
File: figures/CO/CO_story5_nearfreeze_twet_comparison.png Graphic file (type png)
<use figures/CO/CO_story5_nearfreeze_twet_comparison.png>
Package pdftex.def Info: figures/CO/CO_story5_nearfreeze_twet_comparison.png  used on input line 1076.
(pdftex.def)             Requested size: 444.59857pt x 170.11607pt.
LaTeX Font Info:    No math alphabet change to frozen version normal on input line 1095.
LaTeX Font Info:    No math alphabet change to frozen version normal on input line 1095.
LaTeX Font Info:    No math alphabet change to frozen version normal on input line 1095.
LaTeX Font Info:    No math alphabet change to frozen version normal on input line 1095.
LaTeX Font Info:    No math alphabet change to frozen version normal on input line 1095.
LaTeX Font Info:    No math alphabet change to frozen version normal on input line 1095.
LaTeX Font Info:    No math alphabet change to frozen version normal on input line 1095.
LaTeX Font Info:    No math alphabet change to frozen version normal on input line 1095.
LaTeX Font Info:    No math alphabet change to frozen version normal on input line 1095.
LaTeX Font Info:    No math alphabet change to frozen version normal on input line 1095.
LaTeX Font Info:    No math alphabet change to frozen version normal on input line 1095.
LaTeX Font Info:    No math alphabet change to frozen version normal on input line 1095.
LaTeX Font Info:    No math alphabet change to frozen version normal on input line 1095.
LaTeX Font Info:    No math alphabet change to frozen version normal on input line 1095.
LaTeX Font Info:    No math alphabet change to frozen version normal on input line 1095.
LaTeX Font Info:    Font shape `OT1/ntxtlf/m/n' will be
(Font)              scaled to size 7.0pt on input line 1101.
LaTeX Font Info:    No math alphabet change to frozen version normal on input line 1115.
LaTeX Font Info:    No math alphabet change to frozen version normal on input line 1115.
LaTeX Font Info:    No math alphabet change to frozen version normal on input line 1115.
LaTeX Font Info:    No math alphabet change to frozen version normal on input line 1115.
LaTeX Font Info:    No math alphabet change to frozen version normal on input line 1115.
LaTeX Font Info:    No math alphabet change to frozen version normal on input line 1115.
LaTeX Font Info:    No math alphabet change to frozen version normal on input line 1115.
LaTeX Font Info:    No math alphabet change to frozen version normal on input line 1115.
LaTeX Font Info:    No math alphabet change to frozen version normal on input line 1115.
LaTeX Font Info:    No math alphabet change to frozen version normal on input line 1115.
LaTeX Font Info:    No math alphabet change to frozen version normal on input line 1115.
LaTeX Font Info:    No math alphabet change to frozen version normal on input line 1115.
LaTeX Font Info:    No math alphabet change to frozen version normal on input line 1115.
LaTeX Font Info:    No math alphabet change to frozen version normal on input line 1115.
LaTeX Font Info:    No math alphabet change to frozen version normal on input line 1115.
LaTeX Font Info:    No math alphabet change to frozen version normal on input line 1115.
LaTeX Font Info:    No math alphabet change to frozen version normal on input line 1115.
LaTeX Font Info:    No math alphabet change to frozen version normal on input line 1115.
LaTeX Font Info:    No math alphabet change to frozen version normal on input line 1115.
LaTeX Font Info:    No math alphabet change to frozen version normal on input line 1115.
LaTeX Font Info:    No math alphabet change to frozen version normal on input line 1115.
LaTeX Font Info:    No math alphabet change to frozen version normal on input line 1115.
LaTeX Font Info:    No math alphabet change to frozen version normal on input line 1115.
LaTeX Font Info:    No math alphabet change to frozen version normal on input line 1115.
LaTeX Font Info:    No math alphabet change to frozen version normal on input line 1115.
LaTeX Font Info:    No math alphabet change to frozen version normal on input line 1115.
LaTeX Font Info:    No math alphabet change to frozen version normal on input line 1115.
LaTeX Font Info:    No math alphabet change to frozen version normal on input line 1115.
LaTeX Font Info:    No math alphabet change to frozen version normal on input line 1115.
LaTeX Font Info:    No math alphabet change to frozen version normal on input line 1115.
LaTeX Font Info:    No math alphabet change to frozen version normal on input line 1115.
LaTeX Font Info:    No math alphabet change to frozen version normal on input line 1115.
LaTeX Font Info:    No math alphabet change to frozen version normal on input line 1115.
LaTeX Font Info:    No math alphabet change to frozen version normal on input line 1115.
LaTeX Font Info:    No math alphabet change to frozen version normal on input line 1115.
LaTeX Font Info:    No math alphabet change to frozen version normal on input line 1115.
LaTeX Font Info:    No math alphabet change to frozen version normal on input line 1115.
LaTeX Font Info:    No math alphabet change to frozen version normal on input line 1115.
LaTeX Font Info:    No math alphabet change to frozen version normal on input line 1115.
LaTeX Font Info:    No math alphabet change to frozen version normal on input line 1115.
LaTeX Font Info:    No math alphabet change to frozen version normal on input line 1115.
LaTeX Font Info:    No math alphabet change to frozen version normal on input line 1115.
LaTeX Font Info:    No math alphabet change to frozen version normal on input line 1115.
LaTeX Font Info:    No math alphabet change to frozen version normal on input line 1115.
LaTeX Font Info:    No math alphabet change to frozen version normal on input line 1115.
LaTeX Font Info:    No math alphabet change to frozen version normal on input line 1115.
LaTeX Font Info:    No math alphabet change to frozen version normal on input line 1115.
LaTeX Font Info:    No math alphabet change to frozen version normal on input line 1115.
LaTeX Font Info:    No math alphabet change to frozen version normal on input line 1115.
LaTeX Font Info:    No math alphabet change to frozen version normal on input line 1115.
LaTeX Font Info:    No math alphabet change to frozen version normal on input line 1115.
LaTeX Font Info:    No math alphabet change to frozen version normal on input line 1115.
LaTeX Font Info:    No math alphabet change to frozen version normal on input line 1115.
LaTeX Font Info:    No math alphabet change to frozen version normal on input line 1115.
LaTeX Font Info:    No math alphabet change to frozen version normal on input line 1115.
LaTeX Font Info:    No math alphabet change to frozen version normal on input line 1115.
LaTeX Font Info:    No math alphabet change to frozen version normal on input line 1115.
LaTeX Font Info:    No math alphabet change to frozen version normal on input line 1115.
LaTeX Font Info:    No math alphabet change to frozen version normal on input line 1115.
LaTeX Font Info:    No math alphabet change to frozen version normal on input line 1115.
LaTeX Font Info:    No math alphabet change to frozen version normal on input line 1115.
LaTeX Font Info:    No math alphabet change to frozen version normal on input line 1115.
LaTeX Font Info:    No math alphabet change to frozen version normal on input line 1115.
LaTeX Font Info:    No math alphabet change to frozen version normal on input line 1115.
LaTeX Font Info:    No math alphabet change to frozen version normal on input line 1115.
LaTeX Font Info:    No math alphabet change to frozen version normal on input line 1115.
LaTeX Font Info:    No math alphabet change to frozen version normal on input line 1115.
LaTeX Font Info:    No math alphabet change to frozen version normal on input line 1115.
LaTeX Font Info:    No math alphabet change to frozen version normal on input line 1115.
LaTeX Font Info:    No math alphabet change to frozen version normal on input line 1135.
LaTeX Font Info:    No math alphabet change to frozen version normal on input line 1149.
LaTeX Font Info:    No math alphabet change to frozen version normal on input line 1150.
LaTeX Font Info:    No math alphabet change to frozen version normal on input line 1158.
LaTeX Font Info:    No math alphabet change to frozen version normal on input line 1167.
LaTeX Font Info:    No math alphabet change to frozen version normal on input line 1168.
LaTeX Font Info:    No math alphabet change to frozen version normal on input line 1168.
LaTeX Font Info:    No math alphabet change to frozen version normal on input line 1169.
LaTeX Font Info:    No math alphabet change to frozen version normal on input line 1170.
LaTeX Font Info:    No math alphabet change to frozen version normal on input line 1171.
LaTeX Font Info:    No math alphabet change to frozen version normal on input line 1174.

Underfull \vbox (badness 5924) has occurred while \output is active []

 [12 <./figures/CA/CA_f1_by_wetbulb.png> <./figures/CO/CO_f1_by_wetbulb.png>]
LaTeX Font Info:    No math alphabet change to frozen version normal on input line 1184.
LaTeX Font Info:    No math alphabet change to frozen version normal on input line 1187.

Underfull \vbox (badness 10000) has occurred while \output is active []

 [13 <./figures/CA/CA_story5_nearfreeze_twet_comparison.png> <./figures/CO/CO_story5_nearfreeze_twet_comparison.png>]
LaTeX Font Info:    No math alphabet change to frozen version normal on input line 1228.
LaTeX Font Info:    No math alphabet change to frozen version normal on input line 1228.
LaTeX Font Info:    No math alphabet change to frozen version normal on input line 1228.
LaTeX Font Info:    No math alphabet change to frozen version normal on input line 1228.
LaTeX Font Info:    No math alphabet change to frozen version normal on input line 1228.
LaTeX Font Info:    No math alphabet change to frozen version normal on input line 1228.
LaTeX Font Info:    No math alphabet change to frozen version normal on input line 1228.
LaTeX Font Info:    No math alphabet change to frozen version normal on input line 1228.
LaTeX Font Info:    No math alphabet change to frozen version normal on input line 1228.
LaTeX Font Info:    No math alphabet change to frozen version normal on input line 1228.
LaTeX Font Info:    No math alphabet change to frozen version normal on input line 1228.
LaTeX Font Info:    No math alphabet change to frozen version normal on input line 1228.
LaTeX Font Info:    Font shape `OT1/ntxtlf/b/n' will be
(Font)              scaled to size 8.0pt on input line 1234.
LaTeX Font Info:    Nested math: keeping math alphabet allocation in version normal on input line 1235.
LaTeX Font Info:    Nested math: keeping math alphabet allocation in version normal on input line 1236.
LaTeX Font Info:    Nested math: keeping math alphabet allocation in version normal on input line 1237.
LaTeX Font Info:    Nested math: keeping math alphabet allocation in version normal on input line 1238.
LaTeX Font Info:    Nested math: keeping math alphabet allocation in version normal on input line 1240.
LaTeX Font Info:    Nested math: keeping math alphabet allocation in version normal on input line 1242.
LaTeX Font Info:    Nested math: keeping math alphabet allocation in version normal on input line 1243.
LaTeX Font Info:    Nested math: keeping math alphabet allocation in version normal on input line 1246.
LaTeX Font Info:    Nested math: keeping math alphabet allocation in version normal on input line 1247.
LaTeX Font Info:    Nested math: keeping math alphabet allocation in version normal on input line 1248.
LaTeX Font Info:    Nested math: keeping math alphabet allocation in version normal on input line 1249.
LaTeX Font Info:    Nested math: keeping math alphabet allocation in version normal on input line 1250.
LaTeX Font Info:    Nested math: keeping math alphabet allocation in version normal on input line 1252.
LaTeX Font Info:    Nested math: keeping math alphabet allocation in version normal on input line 1254.
LaTeX Font Info:    No math alphabet change to frozen version normal on input line 1256.
<figures/CA/CA_benchmark_accuracy_by_tair_ci.png, id=73, 678.8562pt x 386.4036pt>
File: figures/CA/CA_benchmark_accuracy_by_tair_ci.png Graphic file (type png)
<use figures/CA/CA_benchmark_accuracy_by_tair_ci.png>
Package pdftex.def Info: figures/CA/CA_benchmark_accuracy_by_tair_ci.png  used on input line 1261.
(pdftex.def)             Requested size: 229.32257pt x 130.52644pt.
<figures/CO/CO_benchmark_accuracy_by_tair_ci.png, id=74, 678.8562pt x 386.4036pt>
File: figures/CO/CO_benchmark_accuracy_by_tair_ci.png Graphic file (type png)
<use figures/CO/CO_benchmark_accuracy_by_tair_ci.png>
Package pdftex.def Info: figures/CO/CO_benchmark_accuracy_by_tair_ci.png  used on input line 1262.
(pdftex.def)             Requested size: 229.32257pt x 130.52644pt.
LaTeX Font Info:    No math alphabet change to frozen version normal on input line 1280.
LaTeX Font Info:    No math alphabet change to frozen version normal on input line 1280.
LaTeX Font Info:    No math alphabet change to frozen version normal on input line 1280.
LaTeX Font Info:    No math alphabet change to frozen version normal on input line 1280.
LaTeX Font Info:    No math alphabet change to frozen version normal on input line 1280.
LaTeX Font Info:    No math alphabet change to frozen version normal on input line 1280.
LaTeX Font Info:    No math alphabet change to frozen version normal on input line 1280.
LaTeX Font Info:    No math alphabet change to frozen version normal on input line 1280.
LaTeX Font Info:    No math alphabet change to frozen version normal on input line 1280.
LaTeX Font Info:    No math alphabet change to frozen version normal on input line 1280.
LaTeX Font Info:    No math alphabet change to frozen version normal on input line 1280.
LaTeX Font Info:    No math alphabet change to frozen version normal on input line 1280.
<figures/CA/CA_benchmark_delta_forest.png, id=75, 569.9694pt x 281.853pt>
File: figures/CA/CA_benchmark_delta_forest.png Graphic file (type png)
<use figures/CA/CA_benchmark_delta_forest.png>
Package pdftex.def Info: figures/CA/CA_benchmark_delta_forest.png  used on input line 1286.
(pdftex.def)             Requested size: 229.32257pt x 113.4015pt.
<figures/CO/CO_benchmark_delta_forest.png, id=76, 569.9694pt x 281.853pt>
File: figures/CO/CO_benchmark_delta_forest.png Graphic file (type png)
<use figures/CO/CO_benchmark_delta_forest.png>
Package pdftex.def Info: figures/CO/CO_benchmark_delta_forest.png  used on input line 1287.
(pdftex.def)             Requested size: 229.32257pt x 113.4015pt.
<figures/CA/CA_benchmark_delta_forest_nearfreeze.png, id=77, 569.9694pt x 281.853pt>
File: figures/CA/CA_benchmark_delta_forest_nearfreeze.png Graphic file (type png)
<use figures/CA/CA_benchmark_delta_forest_nearfreeze.png>
Package pdftex.def Info: figures/CA/CA_benchmark_delta_forest_nearfreeze.png  used on input line 1288.
(pdftex.def)             Requested size: 229.32257pt x 113.4015pt.
<figures/CO/CO_benchmark_delta_forest_nearfreeze.png, id=78, 569.9694pt x 281.853pt>
File: figures/CO/CO_benchmark_delta_forest_nearfreeze.png Graphic file (type png)
<use figures/CO/CO_benchmark_delta_forest_nearfreeze.png>
Package pdftex.def Info: figures/CO/CO_benchmark_delta_forest_nearfreeze.png  used on input line 1289.
(pdftex.def)             Requested size: 229.32257pt x 113.4015pt.
LaTeX Font Info:    No math alphabet change to frozen version normal on input line 1307.
LaTeX Font Info:    No math alphabet change to frozen version normal on input line 1307.
LaTeX Font Info:    No math alphabet change to frozen version normal on input line 1307.
LaTeX Font Info:    No math alphabet change to frozen version normal on input line 1307.
LaTeX Font Info:    No math alphabet change to frozen version normal on input line 1307.
LaTeX Font Info:    No math alphabet change to frozen version normal on input line 1307.
LaTeX Font Info:    No math alphabet change to frozen version normal on input line 1307.
LaTeX Font Info:    No math alphabet change to frozen version normal on input line 1307.
LaTeX Font Info:    No math alphabet change to frozen version normal on input line 1307.
LaTeX Font Info:    No math alphabet change to frozen version normal on input line 1307.
LaTeX Font Info:    No math alphabet change to frozen version normal on input line 1307.
LaTeX Font Info:    No math alphabet change to frozen version normal on input line 1307.
LaTeX Font Info:    No math alphabet change to frozen version normal on input line 1307.
LaTeX Font Info:    No math alphabet change to frozen version normal on input line 1307.
LaTeX Font Info:    No math alphabet change to frozen version normal on input line 1307.
LaTeX Font Info:    No math alphabet change to frozen version normal on input line 1317.
LaTeX Font Info:    No math alphabet change to frozen version normal on input line 1327.
LaTeX Font Info:    No math alphabet change to frozen version normal on input line 1327.
LaTeX Font Info:    No math alphabet change to frozen version normal on input line 1331.
LaTeX Font Info:    No math alphabet change to frozen version normal on input line 1331.
LaTeX Font Info:    No math alphabet change to frozen version normal on input line 1332.
LaTeX Font Info:    No math alphabet change to frozen version normal on input line 1343.
LaTeX Font Info:    No math alphabet change to frozen version normal on input line 1343.
LaTeX Font Info:    No math alphabet change to frozen version normal on input line 1344.
LaTeX Font Info:    No math alphabet change to frozen version normal on input line 1350.
LaTeX Font Info:    No math alphabet change to frozen version normal on input line 1350.
LaTeX Font Info:    No math alphabet change to frozen version normal on input line 1350.
LaTeX Font Info:    No math alphabet change to frozen version normal on input line 1352.
<figures/CA/CA_band_placement_appendix.png, id=79, 642.2394pt x 496.7358pt>
File: figures/CA/CA_band_placement_appendix.png Graphic file (type png)
<use figures/CA/CA_band_placement_appendix.png>
Package pdftex.def Info: figures/CA/CA_band_placement_appendix.png  used on input line 1361.
(pdftex.def)             Requested size: 336.96057pt x 260.62344pt.
<figures/CO/CO_band_placement_appendix.png, id=80, 642.7212pt x 496.7358pt>
File: figures/CO/CO_band_placement_appendix.png Graphic file (type png)
<use figures/CO/CO_band_placement_appendix.png>
Package pdftex.def Info: figures/CO/CO_band_placement_appendix.png  used on input line 1362.
(pdftex.def)             Requested size: 336.96057pt x 260.4188pt.
LaTeX Font Info:    No math alphabet change to frozen version normal on input line 1382.
LaTeX Font Info:    No math alphabet change to frozen version normal on input line 1382.
LaTeX Font Info:    No math alphabet change to frozen version normal on input line 1382.
LaTeX Font Info:    No math alphabet change to frozen version normal on input line 1382.
LaTeX Font Info:    No math alphabet change to frozen version normal on input line 1382.
LaTeX Font Info:    No math alphabet change to frozen version normal on input line 1382.
LaTeX Font Info:    No math alphabet change to frozen version normal on input line 1382.
LaTeX Font Info:    No math alphabet change to frozen version normal on input line 1382.
LaTeX Font Info:    No math alphabet change to frozen version normal on input line 1382.
LaTeX Font Info:    No math alphabet change to frozen version normal on input line 1382.
LaTeX Font Info:    No math alphabet change to frozen version normal on input line 1382.
LaTeX Font Info:    No math alphabet change to frozen version normal on input line 1382.
LaTeX Font Info:    No math alphabet change to frozen version normal on input line 1382.
LaTeX Font Info:    No math alphabet change to frozen version normal on input line 1382.
LaTeX Font Info:    No math alphabet change to frozen version normal on input line 1382.
LaTeX Font Info:    No math alphabet change to frozen version normal on input line 1382.
LaTeX Font Info:    No math alphabet change to frozen version normal on input line 1382.
LaTeX Font Info:    No math alphabet change to frozen version normal on input line 1382.
LaTeX Font Info:    No math alphabet change to frozen version normal on input line 1391.

Underfull \vbox (badness 2057) has occurred while \output is active []

 [14]
Underfull \vbox (badness 10000) has occurred while \output is active []


Underfull \vbox (badness 10000) has occurred while \output is active []

 [15 <./figures/CA/CA_benchmark_accuracy_by_tair_ci.png> <./figures/CO/CO_benchmark_accuracy_by_tair_ci.png>]
LaTeX Font Info:    No math alphabet change to frozen version normal on input line 1450.

Underfull \vbox (badness 4479) has occurred while \output is active []

 [16 <./figures/CA/CA_benchmark_delta_forest.png> <./figures/CO/CO_benchmark_delta_forest.png> <./figures/CA/CA_benchmark_delta_forest_nearfreeze.png> <./figures/CO/CO_benchmark_delta_forest_nearfreeze.png>] [17 <./figures/CA/CA_band_placement_appendix.png> <./figures/CO/CO_band_placement_appendix.png>]
LaTeX Font Info:    No math alphabet change to frozen version normal on input line 1530.
 [18]
<figures/CA/CA_calibration_reliability.png, id=104, 859.5312pt x 665.8476pt>
File: figures/CA/CA_calibration_reliability.png Graphic file (type png)
<use figures/CA/CA_calibration_reliability.png>
Package pdftex.def Info: figures/CA/CA_calibration_reliability.png  used on input line 1581.
(pdftex.def)             Requested size: 229.32257pt x 177.64764pt.
<figures/CO/CO_calibration_reliability.png, id=105, 859.5312pt x 665.8476pt>
File: figures/CO/CO_calibration_reliability.png Graphic file (type png)
<use figures/CO/CO_calibration_reliability.png>
Package pdftex.def Info: figures/CO/CO_calibration_reliability.png  used on input line 1582.
(pdftex.def)             Requested size: 229.32257pt x 177.64764pt.
LaTeX Font Info:    No math alphabet change to frozen version normal on input line 1603.
LaTeX Font Info:    No math alphabet change to frozen version normal on input line 1603.
LaTeX Font Info:    No math alphabet change to frozen version normal on input line 1603.
<figures/CA/CA_f1_by_tair.png, id=106, 1437.6912pt x 374.8404pt>
File: figures/CA/CA_f1_by_tair.png Graphic file (type png)
<use figures/CA/CA_f1_by_tair.png>
Package pdftex.def Info: figures/CA/CA_f1_by_tair.png  used on input line 1609.
(pdftex.def)             Requested size: 444.59857pt x 115.91333pt.
<figures/CO/CO_f1_by_tair.png, id=107, 1437.6912pt x 374.8404pt>
File: figures/CO/CO_f1_by_tair.png Graphic file (type png)
<use figures/CO/CO_f1_by_tair.png>
Package pdftex.def Info: figures/CO/CO_f1_by_tair.png  used on input line 1610.
(pdftex.def)             Requested size: 444.59857pt x 115.91333pt.
LaTeX Font Info:    No math alphabet change to frozen version normal on input line 1632.
LaTeX Font Info:    No math alphabet change to frozen version normal on input line 1632.
LaTeX Font Info:    No math alphabet change to frozen version normal on input line 1632.
LaTeX Font Info:    No math alphabet change to frozen version normal on input line 1632.
LaTeX Font Info:    No math alphabet change to frozen version normal on input line 1632.
LaTeX Font Info:    No math alphabet change to frozen version normal on input line 1632.
LaTeX Font Info:    No math alphabet change to frozen version normal on input line 1632.
LaTeX Font Info:    No math alphabet change to frozen version normal on input line 1632.
LaTeX Font Info:    No math alphabet change to frozen version normal on input line 1632.
LaTeX Font Info:    No math alphabet change to frozen version normal on input line 1632.
LaTeX Font Info:    No math alphabet change to frozen version normal on input line 1632.
LaTeX Font Info:    No math alphabet change to frozen version normal on input line 1632.
LaTeX Font Info:    No math alphabet change to frozen version normal on input line 1632.
LaTeX Font Info:    No math alphabet change to frozen version normal on input line 1632.
LaTeX Font Info:    No math alphabet change to frozen version normal on input line 1632.
LaTeX Font Info:    No math alphabet change to frozen version normal on input line 1632.
LaTeX Font Info:    No math alphabet change to frozen version normal on input line 1632.
LaTeX Font Info:    No math alphabet change to frozen version normal on input line 1632.
LaTeX Font Info:    No math alphabet change to frozen version normal on input line 1632.
LaTeX Font Info:    No math alphabet change to frozen version normal on input line 1632.
LaTeX Font Info:    No math alphabet change to frozen version normal on input line 1632.
LaTeX Font Info:    No math alphabet change to frozen version normal on input line 1632.
LaTeX Font Info:    No math alphabet change to frozen version normal on input line 1632.
LaTeX Font Info:    No math alphabet change to frozen version normal on input line 1632.
LaTeX Font Info:    No math alphabet change to frozen version normal on input line 1632.
LaTeX Font Info:    No math alphabet change to frozen version normal on input line 1632.
LaTeX Font Info:    No math alphabet change to frozen version normal on input line 1632.
<figures/CA/CA_shap_mean_by_phase_appendix.png, id=108, 715.473pt x 352.6776pt>
File: figures/CA/CA_shap_mean_by_phase_appendix.png Graphic file (type png)
<use figures/CA/CA_shap_mean_by_phase_appendix.png>
Package pdftex.def Info: figures/CA/CA_shap_mean_by_phase_appendix.png  used on input line 1638.
(pdftex.def)             Requested size: 444.59857pt x 219.15294pt.
<figures/CO/CO_shap_mean_by_phase_appendix.png, id=109, 715.473pt x 352.6776pt>
File: figures/CO/CO_shap_mean_by_phase_appendix.png Graphic file (type png)
<use figures/CO/CO_shap_mean_by_phase_appendix.png>
Package pdftex.def Info: figures/CO/CO_shap_mean_by_phase_appendix.png  used on input line 1639.
(pdftex.def)             Requested size: 444.59857pt x 219.15294pt.
LaTeX Font Info:    No math alphabet change to frozen version normal on input line 1663.
LaTeX Font Info:    No math alphabet change to frozen version normal on input line 1663.
LaTeX Font Info:    No math alphabet change to frozen version normal on input line 1663.
LaTeX Font Info:    No math alphabet change to frozen version normal on input line 1663.
LaTeX Font Info:    No math alphabet change to frozen version normal on input line 1663.
LaTeX Font Info:    No math alphabet change to frozen version normal on input line 1663.
LaTeX Font Info:    No math alphabet change to frozen version normal on input line 1663.
LaTeX Font Info:    No math alphabet change to frozen version normal on input line 1663.
LaTeX Font Info:    No math alphabet change to frozen version normal on input line 1663.
LaTeX Font Info:    No math alphabet change to frozen version normal on input line 1663.
LaTeX Font Info:    No math alphabet change to frozen version normal on input line 1663.
LaTeX Font Info:    No math alphabet change to frozen version normal on input line 1663.
<figures/CA/CA_shap_wetbulb_heatmap.png, id=110, 691.383pt x 418.2024pt>
File: figures/CA/CA_shap_wetbulb_heatmap.png Graphic file (type png)
<use figures/CA/CA_shap_wetbulb_heatmap.png>
Package pdftex.def Info: figures/CA/CA_shap_wetbulb_heatmap.png  used on input line 1669.
(pdftex.def)             Requested size: 444.59857pt x 268.92487pt.
<figures/CO/CO_shap_wetbulb_heatmap.png, id=111, 697.6464pt x 418.2024pt>
File: figures/CO/CO_shap_wetbulb_heatmap.png Graphic file (type png)
<use figures/CO/CO_shap_wetbulb_heatmap.png>
Package pdftex.def Info: figures/CO/CO_shap_wetbulb_heatmap.png  used on input line 1670.
(pdftex.def)             Requested size: 444.59857pt x 266.51913pt.
LaTeX Font Info:    No math alphabet change to frozen version normal on input line 1695.
LaTeX Font Info:    No math alphabet change to frozen version normal on input line 1695.
LaTeX Font Info:    No math alphabet change to frozen version normal on input line 1695.
LaTeX Font Info:    No math alphabet change to frozen version normal on input line 1695.
LaTeX Font Info:    No math alphabet change to frozen version normal on input line 1695.
LaTeX Font Info:    No math alphabet change to frozen version normal on input line 1695.
LaTeX Font Info:    No math alphabet change to frozen version normal on input line 1695.
LaTeX Font Info:    No math alphabet change to frozen version normal on input line 1695.
LaTeX Font Info:    No math alphabet change to frozen version normal on input line 1695.
LaTeX Font Info:    No math alphabet change to frozen version normal on input line 1695.
LaTeX Font Info:    No math alphabet change to frozen version normal on input line 1695.
LaTeX Font Info:    No math alphabet change to frozen version normal on input line 1695.
LaTeX Font Info:    No math alphabet change to frozen version normal on input line 1695.
LaTeX Font Info:    No math alphabet change to frozen version normal on input line 1695.
LaTeX Font Info:    No math alphabet change to frozen version normal on input line 1695.
LaTeX Font Info:    No math alphabet change to frozen version normal on input line 1695.
LaTeX Font Info:    No math alphabet change to frozen version normal on input line 1695.
LaTeX Font Info:    No math alphabet change to frozen version normal on input line 1695.
LaTeX Font Info:    No math alphabet change to frozen version normal on input line 1695.
LaTeX Font Info:    No math alphabet change to frozen version normal on input line 1695.
LaTeX Font Info:    No math alphabet change to frozen version normal on input line 1695.
LaTeX Font Info:    No math alphabet change to frozen version normal on input line 1695.
LaTeX Font Info:    No math alphabet change to frozen version normal on input line 1695.
LaTeX Font Info:    No math alphabet change to frozen version normal on input line 1695.
LaTeX Font Info:    No math alphabet change to frozen version normal on input line 1695.
LaTeX Font Info:    No math alphabet change to frozen version normal on input line 1695.
LaTeX Font Info:    No math alphabet change to frozen version normal on input line 1695.
LaTeX Font Info:    No math alphabet change to frozen version normal on input line 1695.
LaTeX Font Info:    No math alphabet change to frozen version normal on input line 1695.
LaTeX Font Info:    No math alphabet change to frozen version normal on input line 1695.
LaTeX Font Info:    No math alphabet change to frozen version normal on input line 1695.
LaTeX Font Info:    No math alphabet change to frozen version normal on input line 1695.
LaTeX Font Info:    No math alphabet change to frozen version normal on input line 1695.


LaTeX Warning: Float too large for page by 10.75801pt on input line 1697.

<figures/CA/CA_ablation_deltas_ci.png, id=112, 1291.7058pt x 297.2706pt>
File: figures/CA/CA_ablation_deltas_ci.png Graphic file (type png)
<use figures/CA/CA_ablation_deltas_ci.png>
Package pdftex.def Info: figures/CA/CA_ablation_deltas_ci.png  used on input line 1703.
(pdftex.def)             Requested size: 444.59857pt x 102.31805pt.
<figures/CO/CO_ablation_deltas_ci.png, id=113, 1291.224pt x 297.2706pt>
File: figures/CO/CO_ablation_deltas_ci.png Graphic file (type png)
<use figures/CO/CO_ablation_deltas_ci.png>
Package pdftex.def Info: figures/CO/CO_ablation_deltas_ci.png  used on input line 1704.
(pdftex.def)             Requested size: 444.59857pt x 102.35434pt.
LaTeX Font Info:    No math alphabet change to frozen version normal on input line 1727.
LaTeX Font Info:    No math alphabet change to frozen version normal on input line 1727.
LaTeX Font Info:    No math alphabet change to frozen version normal on input line 1727.
LaTeX Font Info:    No math alphabet change to frozen version normal on input line 1727.
LaTeX Font Info:    No math alphabet change to frozen version normal on input line 1727.
LaTeX Font Info:    No math alphabet change to frozen version normal on input line 1727.
LaTeX Font Info:    No math alphabet change to frozen version normal on input line 1727.
LaTeX Font Info:    No math alphabet change to frozen version normal on input line 1727.
LaTeX Font Info:    No math alphabet change to frozen version normal on input line 1727.
LaTeX Font Info:    No math alphabet change to frozen version normal on input line 1727.
LaTeX Font Info:    No math alphabet change to frozen version normal on input line 1727.
LaTeX Font Info:    No math alphabet change to frozen version normal on input line 1727.
<figures/CA/CA_story5_nearfreeze_tair_comparison.png, id=114, 931.8012pt x 356.532pt>
File: figures/CA/CA_story5_nearfreeze_tair_comparison.png Graphic file (type png)
<use figures/CA/CA_story5_nearfreeze_tair_comparison.png>
Package pdftex.def Info: figures/CA/CA_story5_nearfreeze_tair_comparison.png  used on input line 1733.
(pdftex.def)             Requested size: 444.59857pt x 170.11607pt.
<figures/CO/CO_story5_nearfreeze_tair_comparison.png, id=115, 931.8012pt x 356.532pt>
File: figures/CO/CO_story5_nearfreeze_tair_comparison.png Graphic file (type png)
<use figures/CO/CO_story5_nearfreeze_tair_comparison.png>
Package pdftex.def Info: figures/CO/CO_story5_nearfreeze_tair_comparison.png  used on input line 1734.
(pdftex.def)             Requested size: 444.59857pt x 170.11607pt.
LaTeX Font Info:    No math alphabet change to frozen version normal on input line 1751.
LaTeX Font Info:    No math alphabet change to frozen version normal on input line 1751.
LaTeX Font Info:    No math alphabet change to frozen version normal on input line 1751.
LaTeX Font Info:    No math alphabet change to frozen version normal on input line 1751.
LaTeX Font Info:    No math alphabet change to frozen version normal on input line 1751.
LaTeX Font Info:    No math alphabet change to frozen version normal on input line 1751.
LaTeX Font Info:    No math alphabet change to frozen version normal on input line 1751.
LaTeX Font Info:    No math alphabet change to frozen version normal on input line 1751.
LaTeX Font Info:    No math alphabet change to frozen version normal on input line 1751.
LaTeX Font Info:    No math alphabet change to frozen version normal on input line 1751.
LaTeX Font Info:    No math alphabet change to frozen version normal on input line 1751.
LaTeX Font Info:    No math alphabet change to frozen version normal on input line 1751.
LaTeX Font Info:    No math alphabet change to frozen version normal on input line 1751.
LaTeX Font Info:    No math alphabet change to frozen version normal on input line 1751.
LaTeX Font Info:    No math alphabet change to frozen version normal on input line 1751.
LaTeX Font Info:    No math alphabet change to frozen version normal on input line 1751.
LaTeX Font Info:    No math alphabet change to frozen version normal on input line 1751.
LaTeX Font Info:    No math alphabet change to frozen version normal on input line 1751.
LaTeX Font Info:    No math alphabet change to frozen version normal on input line 1751.
LaTeX Font Info:    No math alphabet change to frozen version normal on input line 1751.
LaTeX Font Info:    No math alphabet change to frozen version normal on input line 1751.
LaTeX Font Info:    No math alphabet change to frozen version normal on input line 1751.
LaTeX Font Info:    No math alphabet change to frozen version normal on input line 1751.
LaTeX Font Info:    No math alphabet change to frozen version normal on input line 1751.
<figures/CA/CA_benchmark_relative_improvement_ci.png, id=116, 662.9568pt x 386.4036pt>
File: figures/CA/CA_benchmark_relative_improvement_ci.png Graphic file (type png)
<use figures/CA/CA_benchmark_relative_improvement_ci.png>
Package pdftex.def Info: figures/CA/CA_benchmark_relative_improvement_ci.png  used on input line 1757.
(pdftex.def)             Requested size: 219.96057pt x 128.20341pt.
<figures/CO/CO_benchmark_relative_improvement_ci.png, id=117, 666.3294pt x 386.4036pt>
File: figures/CO/CO_benchmark_relative_improvement_ci.png Graphic file (type png)
<use figures/CO/CO_benchmark_relative_improvement_ci.png>
Package pdftex.def Info: figures/CO/CO_benchmark_relative_improvement_ci.png  used on input line 1758.
(pdftex.def)             Requested size: 219.96057pt x 127.55484pt.
LaTeX Font Info:    No math alphabet change to frozen version normal on input line 1776.
LaTeX Font Info:    No math alphabet change to frozen version normal on input line 1776.
LaTeX Font Info:    No math alphabet change to frozen version normal on input line 1776.
LaTeX Font Info:    No math alphabet change to frozen version normal on input line 1776.
LaTeX Font Info:    No math alphabet change to frozen version normal on input line 1776.
LaTeX Font Info:    No math alphabet change to frozen version normal on input line 1776.
<figures/CA/CA_benchmark_accuracy_by_tair.png, id=118, 642.7212pt x 923.1288pt>
File: figures/CA/CA_benchmark_accuracy_by_tair.png Graphic file (type png)
<use figures/CA/CA_benchmark_accuracy_by_tair.png>
Package pdftex.def Info: figures/CA/CA_benchmark_accuracy_by_tair.png  used on input line 1782.
(pdftex.def)             Requested size: 219.96057pt x 315.91617pt.
<figures/CO/CO_benchmark_accuracy_by_tair.png, id=119, 642.7212pt x 923.1288pt>
File: figures/CO/CO_benchmark_accuracy_by_tair.png Graphic file (type png)
<use figures/CO/CO_benchmark_accuracy_by_tair.png>
Package pdftex.def Info: figures/CO/CO_benchmark_accuracy_by_tair.png  used on input line 1783.
(pdftex.def)             Requested size: 219.96057pt x 315.91617pt.
LaTeX Font Info:    No math alphabet change to frozen version normal on input line 1804.
LaTeX Font Info:    No math alphabet change to frozen version normal on input line 1804.
LaTeX Font Info:    No math alphabet change to frozen version normal on input line 1804.
LaTeX Font Info:    No math alphabet change to frozen version normal on input line 1804.
LaTeX Font Info:    No math alphabet change to frozen version normal on input line 1804.
LaTeX Font Info:    No math alphabet change to frozen version normal on input line 1804.
<figures/CA/CA_mix_capture_by_wetbulb.png, id=120, 642.2394pt x 388.3308pt>
File: figures/CA/CA_mix_capture_by_wetbulb.png Graphic file (type png)
<use figures/CA/CA_mix_capture_by_wetbulb.png>
Package pdftex.def Info: figures/CA/CA_mix_capture_by_wetbulb.png  used on input line 1811.
(pdftex.def)             Requested size: 444.59857pt x 268.83142pt.
<figures/CO/CO_mix_capture_by_wetbulb.png, id=121, 642.2394pt x 388.3308pt>
File: figures/CO/CO_mix_capture_by_wetbulb.png Graphic file (type png)
<use figures/CO/CO_mix_capture_by_wetbulb.png>
Package pdftex.def Info: figures/CO/CO_mix_capture_by_wetbulb.png  used on input line 1812.
(pdftex.def)             Requested size: 444.59857pt x 268.83142pt.
LaTeX Font Info:    No math alphabet change to frozen version normal on input line 1838.
LaTeX Font Info:    No math alphabet change to frozen version normal on input line 1838.
LaTeX Font Info:    No math alphabet change to frozen version normal on input line 1838.
LaTeX Font Info:    No math alphabet change to frozen version normal on input line 1838.
LaTeX Font Info:    No math alphabet change to frozen version normal on input line 1838.
LaTeX Font Info:    No math alphabet change to frozen version normal on input line 1838.
LaTeX Font Info:    No math alphabet change to frozen version normal on input line 1838.
LaTeX Font Info:    No math alphabet change to frozen version normal on input line 1838.
LaTeX Font Info:    No math alphabet change to frozen version normal on input line 1838.
LaTeX Font Info:    No math alphabet change to frozen version normal on input line 1838.
LaTeX Font Info:    No math alphabet change to frozen version normal on input line 1838.
LaTeX Font Info:    No math alphabet change to frozen version normal on input line 1838.
LaTeX Font Info:    No math alphabet change to frozen version normal on input line 1838.
LaTeX Font Info:    No math alphabet change to frozen version normal on input line 1838.
LaTeX Font Info:    No math alphabet change to frozen version normal on input line 1838.
LaTeX Font Info:    No math alphabet change to frozen version normal on input line 1838.
LaTeX Font Info:    No math alphabet change to frozen version normal on input line 1838.
LaTeX Font Info:    No math alphabet change to frozen version normal on input line 1838.
LaTeX Font Info:    No math alphabet change to frozen version normal on input line 1838.
LaTeX Font Info:    No math alphabet change to frozen version normal on input line 1838.
LaTeX Font Info:    No math alphabet change to frozen version normal on input line 1838.
LaTeX Font Info:    No math alphabet change to frozen version normal on input line 1838.
LaTeX Font Info:    No math alphabet change to frozen version normal on input line 1838.
LaTeX Font Info:    No math alphabet change to frozen version normal on input line 1838.
LaTeX Font Info:    No math alphabet change to frozen version normal on input line 1838.
LaTeX Font Info:    No math alphabet change to frozen version normal on input line 1838.
LaTeX Font Info:    No math alphabet change to frozen version normal on input line 1838.
LaTeX Font Info:    No math alphabet change to frozen version normal on input line 1838.
LaTeX Font Info:    No math alphabet change to frozen version normal on input line 1838.
LaTeX Font Info:    No math alphabet change to frozen version normal on input line 1838.
LaTeX Font Info:    No math alphabet change to frozen version normal on input line 1838.
LaTeX Font Info:    No math alphabet change to frozen version normal on input line 1838.
LaTeX Font Info:    No math alphabet change to frozen version normal on input line 1838.
LaTeX Font Info:    No math alphabet change to frozen version normal on input line 1838.
LaTeX Font Info:    No math alphabet change to frozen version normal on input line 1838.
LaTeX Font Info:    No math alphabet change to frozen version normal on input line 1838.

LaTeX Warning: Float too large for page by 12.97685pt on input line 1840.

(main.bbl
LaTeX Font Info:    No math alphabet change to frozen version normal on input line 15.
LaTeX Font Info:    No math alphabet change to frozen version normal on input line 20.
LaTeX Font Info:    No math alphabet change to frozen version normal on input line 26.
LaTeX Font Info:    No math alphabet change to frozen version normal on input line 30.
LaTeX Font Info:    No math alphabet change to frozen version normal on input line 35.
LaTeX Font Info:    No math alphabet change to frozen version normal on input line 43.
LaTeX Font Info:    No math alphabet change to frozen version normal on input line 49.
LaTeX Font Info:    No math alphabet change to frozen version normal on input line 54.
LaTeX Font Info:    No math alphabet change to frozen version normal on input line 61.
LaTeX Font Info:    No math alphabet change to frozen version normal on input line 70.
LaTeX Font Info:    No math alphabet change to frozen version normal on input line 78.
LaTeX Font Info:    No math alphabet change to frozen version normal on input line 84.
LaTeX Font Info:    No math alphabet change to frozen version normal on input line 97.
LaTeX Font Info:    No math alphabet change to frozen version normal on input line 104.
LaTeX Font Info:    No math alphabet change to frozen version normal on input line 111.
LaTeX Font Info:    No math alphabet change to frozen version normal on input line 117.
LaTeX Font Info:    No math alphabet change to frozen version normal on input line 122.
LaTeX Font Info:    No math alphabet change to frozen version normal on input line 136.
LaTeX Font Info:    No math alphabet change to frozen version normal on input line 141.

Underfull \hbox (badness 1199) in paragraph at lines 139--142
[]\OT1/minntx/m/n/8 Lundberg, S. M., and Coau-thors, 2020: From lo-cal ex-pla-na-
 []

LaTeX Font Info:    No math alphabet change to frozen version normal on input line 149.
[19] [20 <./figures/CA/CA_calibration_reliability.png> <./figures/CO/CO_calibration_reliability.png> <./figures/CA/CA_f1_by_tair.png> <./figures/CO/CO_f1_by_tair.png>]
LaTeX Font Info:    No math alphabet change to frozen version normal on input line 154.

Underfull \vbox (badness 10000) has occurred while \output is active []

LaTeX Font Info:    No math alphabet change to frozen version normal on input line 162.
 [21 <./figures/CA/CA_shap_mean_by_phase_appendix.png> <./figures/CO/CO_shap_mean_by_phase_appendix.png>] [22 <./figures/CA/CA_shap_wetbulb_heatmap.png> <./figures/CO/CO_shap_wetbulb_heatmap.png>]
LaTeX Font Info:    No math alphabet change to frozen version normal on input line 169.
LaTeX Font Info:    No math alphabet change to frozen version normal on input line 176.
LaTeX Font Info:    No math alphabet change to frozen version normal on input line 181.
LaTeX Font Info:    No math alphabet change to frozen version normal on input line 186.
LaTeX Font Info:    No math alphabet change to frozen version normal on input line 190.
LaTeX Font Info:    No math alphabet change to frozen version normal on input line 198.
LaTeX Font Info:    No math alphabet change to frozen version normal on input line 206.
) [23 <./figures/CA/CA_ablation_deltas_ci.png> <./figures/CO/CO_ablation_deltas_ci.png>] [24 <./figures/CA/CA_story5_nearfreeze_tair_comparison.png> <./figures/CO/CO_story5_nearfreeze_tair_comparison.png>] [25 <./figures/CA/CA_benchmark_relative_improvement_ci.png> <./figures/CO/CO_benchmark_relative_improvement_ci.png>] [26 <./figures/CA/CA_benchmark_accuracy_by_tair.png> <./figures/CO/CO_benchmark_accuracy_by_tair.png>] [27 <./figures/CA/CA_mix_capture_by_wetbulb.png> <./figures/CO/CO_mix_capture_by_wetbulb.png>] (main.aux)
 ***********
LaTeX2e <2025-11-01>
L3 programming layer <2020/03/25>
 ***********


LaTeX Font Warning: Size substitutions with differences
(Font)              up to 0.5pt have occurred.

 ) 
Here is how much of TeX's memory you used:
 9393 strings out of 467871
 152481 string characters out of 5416440
 592998 words of memory out of 5000000
 38023 multiletter control sequences out of 15000+600000
 719116 words of font info for 235 fonts, out of 8000000 for 9000
 1141 hyphenation exceptions out of 8191
 89i,14n,91p,1808b,398s stack positions out of 10000i,1000n,20000p,200000b,200000s
<C:/Users/EmmaGolub/AppData/Local/Programs/MiKTeX/fonts/type1/public/newtx/NewTXMI.pfb><C:/Users/EmmaGolub/AppData/Local/Programs/MiKTeX/fonts/type1/public/newtx/NewTXMI5.pfb><C:/Users/EmmaGolub/AppData/Local/Programs/MiKTeX/fonts/type1/public/newtx/NewTXMI7.pfb><C:/Users/EmmaGolub/AppData/Local/Programs/MiKTeX/fonts/type1/public/newtx/txexs.pfb><C:/Users/EmmaGolub/AppData/Local/Programs/MiKTeX/fonts/type1/public/newtx/txmiaX.pfb><C:/Users/EmmaGolub/AppData/Local/Programs/MiKTeX/fonts/type1/public/newtx/txsys.pfb><C:/Users/EmmaGolub/AppData/Local/Programs/MiKTeX/fonts/type1/public/txfonts/txtt.pfb><C:/Users/EmmaGolub/AppData/Local/Programs/MiKTeX/fonts/type1/public/newtx/ztmb.pfb><C:/Users/EmmaGolub/AppData/Local/Programs/MiKTeX/fonts/type1/public/newtx/ztmbi.pfb><C:/Users/EmmaGolub/AppData/Local/Programs/MiKTeX/fonts/type1/public/newtx/ztmr.pfb><C:/Users/EmmaGolub/AppData/Local/Programs/MiKTeX/fonts/type1/public/newtx/ztmri.pfb>
Output written on main.pdf (27 pages, 12121719 bytes).
PDF statistics:
 219 PDF objects out of 1000 (max. 8388607)
 0 named destinations out of 1000 (max. 500000)
 176 words of extra memory for PDF output out of 10000 (max. 10000000)

