lon,lat,elev,obs_phase,pred_phase,pred_support_snow,pred_support_mix,pred_support_rain,obs_support_snow,obs_support_mix,obs_support_rain
-119.8693339,39.602419,1591.5308837890625,rain,rain,0.0,0.0,1.0,0.0,0.0,1.0
-119.789474444822,39.467373955931,1370.559814453125,rain,rain,0.0,0.0,1.0,0.0,0.0,1.0
-120.151957254969,39.6700191870701,1904.4161376953125,rain,rain,0.0,0.0,1.0,0.0,0.0,1.0
-120.103913472849,39.3597906521326,1783.9434814453125,rain,rain,0.0,0.0,1.0,0.0,0.0,1.0
-120.68613482384,38.7394815438513,892.43505859375,rain,rain,0.0,0.0,1.0,0.0,0.0,1.0
-120.4689769,39.8056649,1484.389892578125,rain,rain,0.0,0.0,1.0,0.0,0.0,1.0
-119.8693141,39.6024387,1591.5308837890625,rain,rain,0.0,0.0,1.0,0.0,0.0,1.0
-119.8708015,39.5249159,1486.023193359375,rain,rain,0.0,0.0,1.0,0.0,0.0,1.0
-119.7053879,39.6660124,1382.35986328125,rain,rain,0.0,0.0,1.0,0.0,0.0,1.0
-119.9667774,39.2520091,2016.028076171875,rain,rain,0.0,0.0,1.0,0.0,0.0,1.0
-119.8692828,39.6024303,1591.5308837890625,rain,rain,0.0,0.0,1.0,0.0,0.0,1.0
-120.4689717,39.8055946,1484.389892578125,rain,rain,0.0,0.0,1.0,0.0,0.0,1.0
-119.8323173,39.4791589,1471.4849853515625,rain,rain,0.0,0.0,1.0,0.0,0.0,1.0
-119.877410263522,39.6592998047225,1532.5301513671875,rain,rain,0.0,0.0,1.0,0.0,0.0,1.0
-119.807313130297,39.4905922089874,1379.580322265625,rain,rain,0.0,0.0,1.0,0.0,0.0,1.0
-119.8708727,39.5248389,1486.023193359375,rain,rain,0.0,0.0,1.0,0.0,0.0,1.0
-119.8692828,39.6024303,1591.5308837890625,rain,rain,0.0,0.0,1.0,0.0,0.0,1.0
-119.7053957,39.666093,1382.35986328125,rain,rain,0.0,0.0,1.0,0.0,0.0,1.0
-119.777917400132,39.3828501080791,1549.0029296875,rain,rain,0.0,0.0,1.0,0.0,0.0,1.0
-119.9668039,39.2520674,2016.028076171875,rain,rain,0.0,0.0,1.0,0.0,0.0,1.0
-119.8323078,39.4790593,1471.4849853515625,rain,rain,0.0,0.0,1.0,0.0,0.0,1.0
-119.869375,39.6023915,1591.5308837890625,rain,rain,0.0,0.0,1.0,0.0,0.0,1.0
-119.2364261,39.5970487,1270.4388427734375,rain,rain,0.0,0.0,1.0,0.0,0.0,1.0
-120.315823129357,39.8175302585422,1494.4031982421875,rain,rain,0.0,0.0,1.0,0.0,0.0,1.0
-119.802182180255,39.572160344152,1488.3441162109375,rain,rain,0.0,0.0,1.0,0.0,0.0,1.0
-119.869375,39.6023915,1591.5308837890625,rain,rain,0.0,0.0,1.0,0.0,0.0,1.0
-119.965751,39.2526347,2016.028076171875,rain,rain,0.0,0.0,1.0,0.0,0.0,1.0
-119.869375,39.6023915,1591.5308837890625,rain,rain,0.0,0.0,1.0,0.0,0.0,1.0
-120.4689717,39.8055946,1484.389892578125,rain,rain,0.0,0.0,1.0,0.0,0.0,1.0
-119.7616511,39.1562011,1420.0274658203125,rain,rain,0.0,0.0,1.0,0.0,0.0,1.0
-120.315823129357,39.8175302585422,1494.4031982421875,rain,rain,0.0,0.0,1.0,0.0,0.0,1.0
-119.86968,39.6025507,1591.5308837890625,rain,rain,0.0,0.0,1.0,0.0,0.0,1.0
-119.8693283,39.602411,1591.5308837890625,rain,rain,0.0,0.0,1.0,0.0,0.0,1.0
-119.776623783333,39.0843566,1463.08984375,rain,rain,0.0,0.0,1.0,0.0,0.0,1.0
-119.80202492909,39.5721488947207,1488.3441162109375,rain,rain,0.0,0.0,1.0,0.0,0.0,1.0
-119.8693274,39.6023876,1591.5308837890625,rain,rain,0.0,0.0,1.0,0.0,0.0,1.0
-119.733860061901,39.5795066438073,1362.42431640625,rain,rain,0.0,0.0,1.0,0.0,0.0,1.0
-119.8323146,39.4790668,1471.4849853515625,rain,rain,0.0,0.006610420406062859,0.993389579593937,0.0,0.0,1.0
-119.819055133333,39.2731945,1534.48974609375,rain,rain,0.0,0.04318482509320356,0.9568151749067965,0.0,0.0,1.0
-120.315823129357,39.8175302585422,1494.4031982421875,rain,rain,0.0,0.14144044632197572,0.8585595536780243,0.0,0.0,1.0
-119.8693274,39.6023876,1591.5308837890625,rain,rain,0.0,0.014068732713109823,0.9859312672868901,0.0,0.0,1.0
-119.789320769316,39.5281661,1363.1636962890625,rain,rain,0.0,0.0016991645816402607,0.9983008354183598,0.0,0.0,1.0
-119.9667505,39.2520179,2016.028076171875,rain,rain,0.0,0.09065356796851136,0.9093464320314886,0.0,0.0,1.0
-119.8168531,39.5251552,1377.3780517578125,rain,rain,0.0,0.0017304896892147777,0.9982695103107853,0.0,0.0,1.0
-120.332602506885,39.3054019321021,2232.354248046875,mix,rain,0.0,0.0,1.0,0.0,1.0,0.0
-119.6870391,39.5591129,1424.55712890625,mix,rain,0.0033634237478693345,0.0,0.9966365762521306,0.0,1.0,0.0
-119.781537466667,39.5133430166667,1350.2310791015625,rain,rain,0.004877586684393963,0.2406935607116946,0.7544288526039115,0.0,0.0,1.0
-119.744263,39.5600358,1356.5489501953125,rain,mix,0.0028447170757073437,0.5404653205089137,0.456689962415379,0.0,0.0,1.0
-120.468989,39.8056058,1484.389892578125,snow,rain,0.0,0.02802141723461115,0.9719785827653888,1.0,0.0,0.0
-120.315823129357,39.8175302585422,1494.4031982421875,rain,snow,0.7940030975583526,0.03698118176183975,0.16901572067980766,0.0,0.0,1.0
-119.8693104,39.6024208,1591.5308837890625,rain,rain,0.01715273304328535,0.20135701930320793,0.7814902476535067,0.0,0.0,1.0
-119.775830883333,39.0883375833333,1463.08984375,rain,rain,0.05981957233600513,0.21235118820030047,0.7278292394636944,0.0,0.0,1.0
-119.825888090029,39.5150290227961,1390.4053955078125,rain,rain,0.0,0.0,1.0,0.0,0.0,1.0
-119.801967301189,39.5721929736194,1488.3441162109375,rain,rain,0.0,0.0,1.0,0.0,0.0,1.0
-119.7997252,39.5710285,1488.3441162109375,rain,rain,0.0,0.0,1.0,0.0,0.0,1.0
-119.8693011,39.6024063,1591.5308837890625,rain,rain,0.0,0.0,1.0,0.0,0.0,1.0
-119.744107,39.5600515,1356.5489501953125,rain,mix,0.296312328869364,0.703687671130636,0.0,0.0,0.0,1.0
-119.967197160021,39.2516797949727,2016.028076171875,mix,snow,0.9999725242679982,2.5430317114040243e-05,2.045414887684886e-06,0.0,1.0,0.0
-120.222090368832,39.3257460635105,1840.677490234375,mix,mix,0.2549022471182713,0.7368192259369477,0.008278526944781036,0.0,1.0,0.0
-120.330264791671,39.3181584768099,2178.289306640625,snow,mix,0.04719234163775627,0.9378649380081867,0.014942720354056962,1.0,0.0,0.0
-120.162976764996,39.3581949908575,1793.0777587890625,mix,mix,0.08632064934793597,0.9065308008194765,0.007148549832587449,0.0,1.0,0.0
-119.9667552,39.2520524,2016.028076171875,snow,mix,3.0503001466511567e-06,0.9999948985957422,2.0511041111398836e-06,1.0,0.0,0.0
-120.109127107769,39.345307382032,1855.036376953125,mix,mix,0.10321761866943538,0.8866617613178273,0.010120620012737386,0.0,1.0,0.0
-119.822206842198,39.5694042736137,1477.7032470703125,rain,snow,0.7556632418178794,0.0,0.2443367581821207,0.0,0.0,1.0
-120.17576846452,39.3532522959514,1832.049560546875,snow,rain,0.04668647500045096,0.0,0.953313524999549,1.0,0.0,0.0
-120.109127107769,39.345307382032,1855.036376953125,snow,rain,0.43716586287437703,0.0,0.562834137125623,1.0,0.0,0.0
-120.162976764996,39.3581949908575,1793.0777587890625,rain,snow,0.9989793569466247,0.0,0.0010206430533753522,0.0,0.0,1.0
-119.9667552,39.2520524,2016.028076171875,snow,snow,0.6652610338684722,0.0,0.3347389661315278,1.0,0.0,0.0
-120.591783574163,39.6175852053894,1676.726806640625,rain,snow,1.0,0.0,0.0,0.0,0.0,1.0
-119.9667073,39.252032,2016.028076171875,snow,snow,0.9925859205578138,0.0,0.0074140794421861415,1.0,0.0,0.0
-120.031578971819,39.2381142460757,1900.6717529296875,snow,snow,0.9917927660950028,0.0,0.008207233904997242,1.0,0.0,0.0
-120.166530336179,39.1421151694486,1993.328857421875,snow,snow,0.8797830392107957,0.0,0.12021696078920438,1.0,0.0,0.0
-119.9667073,39.252032,2016.028076171875,snow,snow,0.7802283644925896,0.0,0.2197716355074104,1.0,0.0,0.0
-119.8692602,39.6024359,1591.5308837890625,rain,snow,1.0,0.0,0.0,0.0,0.0,1.0
-119.8705354,39.5250508,1486.023193359375,rain,snow,1.0,0.0,0.0,0.0,0.0,1.0
-120.277522116519,39.3282281957694,1945.9403076171875,snow,snow,1.0,0.0,0.0,1.0,0.0,0.0
-120.307468486441,39.3383490967045,2047.0211181640625,snow,snow,1.0,0.0,0.0,1.0,0.0,0.0
-120.4689914,39.8055695,1484.389892578125,rain,snow,0.8755372359057002,0.12446276409429977,0.0,0.0,0.0,1.0
-120.332369927121,39.3434852028129,2225.060302734375,snow,snow,1.0,0.0,0.0,1.0,0.0,0.0
-120.350000512851,39.3392383204308,2207.297119140625,snow,snow,1.0,0.0,0.0,1.0,0.0,0.0
-120.175777073428,39.3532520452717,1832.049560546875,snow,snow,1.0,0.0,0.0,1.0,0.0,0.0
-120.390595219736,39.3268941169778,2016.658203125,snow,snow,1.0,0.0,0.0,1.0,0.0,0.0
-120.0079555,38.9237972,1905.078125,snow,snow,0.9999999612803194,3.871968051873375e-08,0.0,1.0,0.0,0.0
-120.379301355947,39.3196356030291,2063.993408203125,snow,snow,1.0,0.0,0.0,1.0,0.0,0.0
-120.402385064738,39.3231735887712,2048.87890625,snow,snow,1.0,0.0,0.0,1.0,0.0,0.0
-120.441626539495,39.315292712408,1870.712890625,snow,snow,0.9681597988856275,0.031840201114372475,0.0,1.0,0.0,0.0
-120.495483027279,39.3119893447507,1835.4298095703125,snow,snow,0.8643489495854798,0.13565105041452022,0.0,1.0,0.0,0.0
-120.554458240423,39.3152605614581,1790.7691650390625,snow,mix,0.3049882507410455,0.6481159222216601,0.04689582703729444,1.0,0.0,0.0
-120.5710898754,39.3274127827981,1702.49609375,mix,snow,0.9148713552247718,0.03582175572324137,0.049306889051986894,0.0,1.0,0.0
-120.603213358168,39.3240725463284,1739.359375,snow,snow,0.4365922618079408,0.41959026953987827,0.14381746865218098,1.0,0.0,0.0
-120.633582344036,39.3109309026213,1675.3851318359375,snow,mix,0.20920148550627848,0.467567697326551,0.32323081716717045,1.0,0.0,0.0
-120.654335811511,39.3041415149951,1638.441650390625,mix,rain,0.20734799113067373,0.011204771739119369,0.7814472371302069,0.0,1.0,0.0
-120.007949,38.923794,1905.078125,snow,snow,0.9999999612763645,3.872363559717099e-08,0.0,1.0,0.0,0.0
-120.665259703984,39.3010793091818,1577.3743896484375,rain,mix,0.08485272684050847,0.5321389619738692,0.38300831118562234,0.0,0.0,1.0
-120.677337658653,39.2942424274257,1616.498779296875,rain,rain,0.07829997278067793,0.19034385244798147,0.7313561747713406,0.0,0.0,1.0
-120.70406967862,39.284245305731,1560.6502685546875,rain,rain,0.06751506719167163,0.10319676264803455,0.8292881701602938,0.0,0.0,1.0
-120.723988385496,39.2683651598094,1495.1611328125,rain,rain,0.06307331048321123,0.08001559891020804,0.8569110906065808,0.0,0.0,1.0
-120.768012862952,39.2234691651383,1295.53125,rain,rain,0.10841282907115514,0.11737063450046344,0.7742165364283815,0.0,0.0,1.0
-120.163063788779,39.3581989854055,1793.0777587890625,snow,snow,1.0,0.0,0.0,1.0,0.0,0.0
-120.00057,38.9276617,1900.0968017578125,snow,snow,0.9587361839191948,0.04126381608080516,0.0,1.0,0.0,0.0
-119.979268655749,38.9444890233806,1898.4395751953125,mix,snow,1.0,0.0,0.0,0.0,1.0,0.0
-120.100182780268,39.3566253638445,1798.48291015625,snow,mix,0.09891777938913576,0.9010822206108643,0.0,1.0,0.0,0.0
-120.163063832809,39.3581986245747,1793.0777587890625,mix,snow,1.0,0.0,0.0,0.0,1.0,0.0
-119.9667869,39.2520773,2016.028076171875,snow,snow,0.6140740993319189,0.385925900668081,0.0,1.0,0.0,0.0
-120.655877972117,39.3086743463249,1564.3427734375,mix,rain,0.46047986266663904,0.027946051514138228,0.5115740858192227,0.0,1.0,0.0
-120.682175128802,39.3080501134221,1422.817138671875,rain,snow,0.9950175350837744,0.00498246491622566,0.0,0.0,0.0,1.0
-120.68369375125,39.308852377278,1422.817138671875,snow,rain,0.0,0.004543290044840217,0.9954567099551598,1.0,0.0,0.0
-120.771758821174,39.3097989687669,1451.513671875,mix,snow,0.3933157094058243,0.2267587123181666,0.3799255782760091,0.0,1.0,0.0
-119.966773897617,39.2523514013931,2016.028076171875,mix,snow,0.8466368520714931,0.0,0.1533631479285069,0.0,1.0,0.0
-120.221571160635,39.3255662963242,1840.677490234375,snow,snow,0.946754037896006,0.04311602391826756,0.010129938185726417,1.0,0.0,0.0
-120.013251037432,38.9211995604349,1911.875244140625,rain,snow,0.53095396771744,0.46904603228256003,0.0,0.0,0.0,1.0
-120.175776217042,39.3532506110192,1832.049560546875,snow,snow,0.9384958259385118,0.052098819834072045,0.00940535422741616,1.0,0.0,0.0
-120.0977286,39.2027161,1929.392578125,snow,snow,0.5317351278972778,0.30510319277702647,0.16316167932569564,1.0,0.0,0.0
-119.996462860168,38.8705107280837,1950.8565673828125,snow,rain,0.02021490889114116,0.4539666219330431,0.5258184691758158,1.0,0.0,0.0
-120.0079634,38.9237982,1905.078125,mix,rain,0.3976443255190022,0.005382340977037115,0.5969733335039606,0.0,1.0,0.0
-119.96651770947,39.2523372457816,2016.028076171875,snow,snow,0.5239630983010307,0.2364551675661576,0.23958173413281172,1.0,0.0,0.0
-120.162980327601,39.358183110899,1793.0777587890625,mix,snow,0.7866559471358486,0.055114356127314995,0.15822969673683626,0.0,1.0,0.0
-120.966522209391,39.2608261083298,928.4439086914062,rain,snow,0.44616176309613953,0.342179910004574,0.21165832689928654,0.0,0.0,1.0
-119.7614489,39.1561837,1420.0274658203125,rain,snow,0.6212184839077384,0.2206931521707672,0.15808836392149436,0.0,0.0,1.0
-119.95558226379,38.909731207954,1956.0849609375,rain,mix,0.42645020665330613,0.5597594891679439,0.013790304178749971,0.0,0.0,1.0
-120.823863948334,39.5679419373897,999.898681640625,rain,rain,0.39546538651395685,0.0,0.6045346134860431,0.0,0.0,1.0
-120.175776968226,39.3532497485455,1832.049560546875,snow,rain,0.0,0.0,1.0,1.0,0.0,0.0
-120.007684154881,39.5274882123828,1521.617431640625,rain,snow,0.5526440062131606,0.0,0.44735599378683943,0.0,0.0,1.0
-120.689660767603,38.6953595286921,809.8617553710938,rain,rain,0.3611690781543806,0.0,0.6388309218456194,0.0,0.0,1.0
-119.7054113,39.6659872,1382.35986328125,rain,rain,0.21838192736545337,0.0,0.7816180726345466,0.0,0.0,1.0
-120.175776968226,39.3532497485455,1832.049560546875,snow,snow,0.9763403998103369,0.0,0.02365960018966308,1.0,0.0,0.0
-120.0079521,38.9237947,1905.078125,snow,snow,0.9916157034309149,0.0,0.00838429656908511,1.0,0.0,0.0
-120.100185556692,39.3566254585072,1798.48291015625,snow,snow,0.9687985004229158,0.0,0.031201499577084235,1.0,0.0,0.0
-119.750198530758,39.1853990224277,1433.7567138671875,rain,snow,1.0,0.0,0.0,0.0,0.0,1.0
-119.979316462698,38.9445520364052,1898.4395751953125,snow,snow,0.9898806208199494,0.0,0.01011937918005057,1.0,0.0,0.0
-119.6056503,37.3366649,948.925537109375,rain,rain,0.0,0.0,1.0,0.0,0.0,1.0
-120.7826406,38.5112555,515.516845703125,rain,rain,0.0,0.0,1.0,0.0,0.0,1.0
-119.898477292598,37.4560254325184,716.6741943359375,rain,rain,0.0,0.0,1.0,0.0,0.0,1.0
-120.280517976731,38.7766985189175,1407.0838623046875,rain,rain,0.39301194129835954,0.0,0.6069880587016405,0.0,0.0,1.0
-120.143947017109,38.7989357608335,1798.019775390625,rain,snow,0.9430353210161957,0.0,0.05696467898380425,0.0,0.0,1.0
-120.111268496197,38.802907803085,2017.3365478515625,snow,rain,0.0,0.0,1.0,1.0,0.0,0.0
-120.823871572924,39.5679409958394,999.898681640625,rain,rain,0.20229855470362668,0.09629500266882736,0.701406442627546,0.0,0.0,1.0
-120.9268059,38.9920847,638.5701293945312,rain,rain,0.1327451483080502,0.06983344571305716,0.7974214059788926,0.0,0.0,1.0
-120.8159454,39.2188567,1065.0308837890625,rain,rain,0.18344462514769466,0.09489870491338563,0.7216566699389197,0.0,0.0,1.0
-120.245763335211,39.3689621433484,2002.6611328125,snow,mix,0.27256031801073266,0.3908728243982741,0.33656685759099336,1.0,0.0,0.0
-119.886983040932,39.517162850767,1483.864501953125,mix,rain,0.3674418066682129,0.16524967496588666,0.4673085183659004,0.0,1.0,0.0
-120.217107053218,39.3231499612608,1830.3636474609375,mix,snow,0.7497750368846382,0.004300937164815835,0.24592402595054597,0.0,1.0,0.0
-120.183839752159,39.3328666744168,1781.1376953125,snow,rain,0.06972126217522931,0.3381165266937684,0.5921622111310023,1.0,0.0,0.0
-120.2438795,39.6787897,1505.601806640625,rain,rain,0.33616197614674687,0.3191317757455151,0.3447062481077381,0.0,0.0,1.0
-120.782651,38.5111949,515.516845703125,rain,rain,0.18268416764072484,0.1515814937663488,0.6657343385929264,0.0,0.0,1.0
-120.176445094416,39.3526158570604,1882.773681640625,rain,snow,0.8214659440416928,0.17274531673071725,0.005788739227589978,0.0,0.0,1.0
-120.939163327721,39.9454805514586,1056.2681884765625,rain,rain,0.16388416521539176,0.14256439334368656,0.6935514414409216,0.0,0.0,1.0
-120.258800188329,39.3474117861153,2073.827392578125,snow,snow,0.9281598809942302,0.0,0.07184011900576986,1.0,0.0,0.0
-120.328217866011,39.3145310646291,2170.5810546875,snow,snow,0.9354421361973655,0.0,0.0645578638026345,1.0,0.0,0.0
-120.7989355,38.9282695,866.0097045898438,rain,rain,0.2639385131171685,0.0,0.7360614868828316,0.0,0.0,1.0
-120.166533919908,39.1421106478903,1993.328857421875,snow,snow,0.9429704272362979,0.0,0.05702957276370216,1.0,0.0,0.0
-120.953150973995,39.2008451602188,741.2722778320312,rain,rain,0.09570662681874652,0.0,0.9042933731812535,0.0,0.0,1.0
-120.100534108428,39.1903227119294,1943.499267578125,snow,snow,0.9408176444060076,0.0,0.05918235559399241,1.0,0.0,0.0
-120.007683321601,39.5275008911748,1521.617431640625,rain,snow,0.8985674330559006,0.0,0.10143256694409944,0.0,0.0,1.0
-120.956049278234,39.1013626113061,747.3925170898438,rain,rain,0.08193007302579713,0.0,0.9180699269742028,0.0,0.0,1.0
-120.9819513,39.0433698,689.05712890625,rain,rain,0.08067076102759899,0.0,0.919329238972401,0.0,0.0,1.0
-120.203960992109,39.315535182326,1812.044677734375,rain,snow,0.9450085260468106,0.0,0.05499147395318941,0.0,0.0,1.0
-120.953150973995,39.2008451602188,741.2722778320312,rain,rain,0.017632226826610274,0.0,0.9823677731733896,0.0,0.0,1.0
-120.966648554067,39.2609215119286,928.4439086914062,rain,rain,0.018459877940048195,0.0,0.9815401220599518,0.0,0.0,1.0
-120.4685264,39.8056002,1484.389892578125,rain,rain,0.08748110890663816,0.0,0.9125188910933619,0.0,0.0,1.0
-120.0078247,38.9238522,1905.078125,snow,snow,0.5659409670853763,0.0,0.43405903291462367,1.0,0.0,0.0
-120.7826376,38.5112662,515.516845703125,rain,rain,0.15109461607892344,0.0,0.8489053839210765,0.0,0.0,1.0
-120.315841707245,39.8175333233017,1494.4031982421875,rain,rain,0.09362856837868372,0.0,0.9063714316213163,0.0,0.0,1.0
-120.686132280607,38.739482624012,892.43505859375,rain,rain,0.1968226007590732,0.0,0.8031773992409268,0.0,0.0,1.0
-120.166533919908,39.1421106478903,1993.328857421875,snow,rain,0.4271489938667985,0.0,0.5728510061332015,1.0,0.0,0.0
-120.2505905,39.3709521,2037.4736328125,snow,rain,0.08273623463850963,0.0,0.9172637653614905,1.0,0.0,0.0
-120.223048310176,39.325099811379,1887.5587158203125,mix,rain,0.4080679520234847,0.14589821292830707,0.44603383504820826,0.0,1.0,0.0
-120.968269463766,39.2851968374676,1025.0782470703125,rain,rain,0.003349052773333968,0.003200056875076051,0.99345089035159,0.0,0.0,1.0
-120.086659889307,38.9511256787865,1982.799560546875,mix,snow,0.9276015034490583,0.014430965310325118,0.05796753124061647,0.0,1.0,0.0
-120.181271276108,39.3340358819234,1818.37109375,rain,snow,0.5587006984439055,0.42774240397721425,0.013556897578880346,0.0,0.0,1.0
-119.9666781,39.251942,2016.028076171875,rain,rain,0.033619542993653787,0.03978378653386412,0.9265966704724821,0.0,0.0,1.0
-119.7752108,39.4472819,1370.5115966796875,rain,rain,0.001317440728530976,0.001397456789876432,0.9972851024815926,0.0,0.0,1.0
-120.321133691981,38.0115409645149,765.7699584960938,rain,rain,0.011183653890670652,0.0028192261934610312,0.9859971199158684,0.0,0.0,1.0
-120.2505905,39.3709521,2037.4736328125,snow,mix,0.23591101457115224,0.5222442074928284,0.24184477793601933,1.0,0.0,0.0
-120.0078247,38.9238522,1905.078125,snow,snow,0.7338145794678206,0.24060280804528594,0.025582612486893426,1.0,0.0,0.0
-120.269118617127,38.0564151322029,1192.9775390625,rain,rain,0.005341153320724392,0.0013370914979301432,0.9933217551813455,0.0,0.0,1.0
-119.929711976821,39.244145654122,2005.8486328125,rain,rain,0.02705151325832484,0.030887484115067074,0.9420610026266081,0.0,0.0,1.0
-119.769740326448,39.4393860734134,1379.3941650390625,rain,rain,0.0013008479396570108,0.0013827012524918704,0.9973164508078511,0.0,0.0,1.0
-120.315841707245,39.8175333233017,1494.4031982421875,rain,rain,0.3035407023410367,0.27555040173016465,0.4209088959287987,0.0,0.0,1.0
-120.221091246639,38.0473405837276,1300.3265380859375,rain,rain,0.006217509147868822,0.0015419833100116446,0.9922405075421196,0.0,0.0,1.0
-119.946997448289,38.9609180712718,1902.406005859375,snow,snow,0.8429946962175601,0.1174031593638829,0.03960214441855709,1.0,0.0,0.0
-120.966303329582,39.2610228266388,928.4439086914062,rain,rain,0.0033047661371336636,0.003169982093592852,0.9935252517692734,0.0,0.0,1.0
-120.162990262856,39.3581696564105,1793.0777587890625,mix,snow,0.8328372091052697,0.030887020832073838,0.13627577006265632,0.0,1.0,0.0
-120.175780035976,39.3532494757867,1832.049560546875,snow,mix,0.023458504742683354,0.7442837363286476,0.23225775892866907,1.0,0.0,0.0
-120.950842095299,39.093254177451,733.2221069335938,rain,rain,0.06495682438406328,0.09137456148152862,0.8436686141344081,0.0,0.0,1.0
-119.870872394751,38.9750829033402,2201.280517578125,snow,snow,0.8432582571968433,0.08795268513019097,0.06878905767296577,1.0,0.0,0.0
-119.996488120674,38.8704945360444,1950.8565673828125,snow,snow,0.8183071452039211,0.15164086136706117,0.03005199342901778,1.0,0.0,0.0
-119.9295744,39.2442578,2005.8486328125,snow,mix,0.3024147881958805,0.6975852118041195,0.0,1.0,0.0,0.0
-120.0137111,38.9138107,1933.13525390625,snow,snow,0.9940151085362191,0.002229654232361035,0.0037552372314198948,1.0,0.0,0.0
-119.951112808979,39.5309560869255,1587.759521484375,rain,rain,0.0,0.0,1.0,0.0,0.0,1.0
-119.9666781,39.251942,2016.028076171875,mix,snow,0.9993421053692693,0.0006578946307307188,0.0,0.0,1.0,0.0
-120.1719136,39.3636405,1818.9453125,snow,snow,0.693897038364047,0.306102961635953,0.0,1.0,0.0,0.0
-119.955582504532,38.9097305532933,1956.0849609375,snow,snow,0.9599918864056695,0.01515540168628838,0.024852711908042162,1.0,0.0,0.0
-120.950842095299,39.093254177451,733.2221069335938,snow,snow,0.6742474611042691,0.32575253889573086,0.0,1.0,0.0,0.0
-119.961503879449,39.251877466137,2003.246337890625,mix,mix,0.49465609499087476,0.5053439050091252,0.0,0.0,1.0,0.0
-120.0977012,39.2027118,1929.392578125,mix,mix,0.47659869060958243,0.5234013093904176,0.0,0.0,1.0,0.0
-120.18641041577,39.3275551236639,1810.587158203125,snow,snow,0.7154804645047489,0.28451953549525116,0.0,1.0,0.0,0.0
-120.078585351852,39.3456862370223,1854.2523193359375,mix,snow,0.9498025701278782,0.05019742987212183,0.0,0.0,1.0,0.0
-119.954151234358,39.5225057009277,1522.3409423828125,rain,rain,0.0,0.0,1.0,0.0,0.0,1.0
-119.749527031127,38.9503541740089,1446.9903564453125,mix,rain,0.000255408390799153,0.0,0.9997445916092008,0.0,1.0,0.0
-119.687790770757,38.9156966286345,1515.9644775390625,rain,rain,0.05529691360046953,0.17504441395229514,0.7696586724472354,0.0,0.0,1.0
-119.837463702929,39.5273302808723,1390.502197265625,rain,rain,0.0,0.0,1.0,0.0,0.0,1.0
-119.950280142675,39.5247833241549,1538.666748046875,rain,rain,0.0,0.0,1.0,0.0,0.0,1.0
-120.0078247,38.9238522,1905.078125,snow,snow,0.9938541837644749,0.00230349813693607,0.0038423180985890995,1.0,0.0,0.0
-119.996488120674,38.8704945360444,1950.8565673828125,snow,snow,0.9869010232042537,0.004783729419882509,0.008315247375863845,1.0,0.0,0.0
-120.109116818605,39.3452944185921,1855.036376953125,mix,snow,0.7974889695122714,0.20251103048772862,0.0,0.0,1.0,0.0
-120.103916536792,39.3597884348366,1783.9434814453125,snow,mix,0.3568484185181686,0.6431515814818314,0.0,1.0,0.0,0.0
-120.392268884271,39.3252073456059,2016.658203125,snow,snow,0.6918825743220909,0.3081174256779091,0.0,1.0,0.0,0.0
-119.979321055226,38.9445593503202,1898.4395751953125,snow,snow,0.9702910810998546,0.011348495231106754,0.018360423669038665,1.0,0.0,0.0
-120.083522677622,39.3495213308219,1844.1141357421875,snow,mix,0.0803053108648723,0.9196946891351278,0.0,1.0,0.0,0.0
-120.016546931278,38.8630271535991,1920.9759521484375,snow,snow,0.987711673624505,0.004451253687569304,0.007837072687925701,1.0,0.0,0.0
-119.6839149,38.8835019,1527.037353515625,rain,rain,0.06471093131932007,0.10609654232665772,0.8291925263540221,0.0,0.0,1.0
-119.870717463472,39.5248586374033,1486.023193359375,rain,rain,0.0,0.0,1.0,0.0,0.0,1.0
-119.871593983195,39.5313534012627,1503.12060546875,rain,rain,0.0,0.0,1.0,0.0,0.0,1.0
-119.711714135594,39.6364544844624,1367.823486328125,rain,rain,0.0,0.0,1.0,0.0,0.0,1.0
-119.9667966,39.2519897,2016.028076171875,snow,mix,1.3057121738256991e-05,0.9999869428782618,0.0,1.0,0.0,0.0
-119.759881082032,39.4444981791505,1369.423095703125,rain,rain,0.0,0.0,1.0,0.0,0.0,1.0
-119.749852108002,38.949006674333,1446.9903564453125,rain,mix,0.00025673276056617197,0.9989310769034946,0.0008121903359393078,0.0,0.0,1.0
-120.315841707245,39.8175333233017,1494.4031982421875,mix,snow,0.6988587918803283,0.0,0.30114120811967177,0.0,1.0,0.0
-119.762567,39.4471184,1369.423095703125,rain,rain,0.0,0.0,1.0,0.0,0.0,1.0
-119.776093,39.4469652,1370.5115966796875,rain,rain,0.0,0.0,1.0,0.0,0.0,1.0
-120.221095401259,38.0473398439392,1300.3265380859375,rain,snow,0.7799831749466095,0.0,0.22001682505339046,0.0,0.0,1.0
-120.4685264,39.8056002,1484.389892578125,snow,mix,0.15578327428991068,0.7173084283074846,0.1269082974026047,1.0,0.0,0.0
-119.946913188435,38.9609261881923,1902.406005859375,mix,snow,0.9999999407716301,0.0,5.922836987161109e-08,0.0,1.0,0.0
-120.109116818605,39.3452944185921,1855.036376953125,snow,snow,0.7256283728735613,0.27437162712643864,0.0,1.0,0.0,0.0
-120.155681862192,39.3475580310583,1797.789306640625,snow,snow,0.9763549702164916,0.023645029783508385,0.0,1.0,0.0,0.0
-120.1798919,39.3379664,1818.37109375,snow,snow,0.9767417321615669,0.02325826783843308,0.0,1.0,0.0,0.0
-120.035093506562,39.3723201877694,1746.3760986328125,mix,snow,0.5133466476200941,0.48665335237990603,0.0,0.0,1.0,0.0
-119.8692991,39.6024419,1591.5308837890625,rain,rain,0.0,0.05585928798308408,0.944140712016916,0.0,0.0,1.0
-119.9667651,39.2519935,2016.028076171875,snow,snow,0.9978557722338234,0.0016364769035424713,0.0005077508626342162,1.0,0.0,0.0
-120.0722954,38.1481206,1605.92138671875,mix,rain,0.09045712008883415,0.10789896811860246,0.8016439117925633,0.0,1.0,0.0
-119.961503879449,39.251877466137,2003.246337890625,snow,snow,0.997878477183695,0.0015914501024688532,0.0005300727138361604,1.0,0.0,0.0
-120.162990262856,39.3581696564105,1793.0777587890625,snow,snow,0.9817613621999441,0.018238637800055964,0.0,1.0,0.0,0.0
-119.968328601005,39.6941778004595,1549.4569091796875,rain,rain,0.04866227539405555,0.04054924401507209,0.9107884805908725,0.0,0.0,1.0
-119.885054077344,39.5322203001045,1516.285888671875,rain,rain,0.01964081737159441,0.060782953775463985,0.9195762288529417,0.0,0.0,1.0
-120.082410048714,39.3830949779205,1740.096435546875,mix,snow,0.6437029850047694,0.3364608190208099,0.01983619597442068,0.0,1.0,0.0
-120.71125483911,38.730703317327,794.8796997070312,rain,mix,0.12984709249707588,0.8701529075029242,0.0,0.0,0.0,1.0
-120.571888558349,39.3278366823408,1702.49609375,snow,snow,0.8087950880298314,0.19120491197016862,0.0,1.0,0.0,0.0
-119.7054326,39.6660097,1382.35986328125,rain,rain,0.0,0.039455813408502065,0.960544186591498,0.0,0.0,1.0
-119.894876752282,37.4389357979871,611.9118041992188,rain,mix,0.18876037897590886,0.4311157067053294,0.3801239143187617,0.0,0.0,1.0
-119.996488120674,38.8704945360444,1950.8565673828125,snow,snow,0.8260993491411169,0.16284025360533402,0.011060397253549037,1.0,0.0,0.0
-120.571382740975,38.759414798868,1152.727783203125,mix,rain,0.17239182175017345,0.15838667173940627,0.6692215065104202,0.0,1.0,0.0
-119.92529819152,39.8472086492167,1491.7423095703125,rain,rain,0.09554705509261283,0.03799385129008277,0.8664590936173044,0.0,0.0,1.0
-120.175780035976,39.3532494757867,1832.049560546875,snow,snow,0.9851153966598488,0.014884603340151093,0.0,1.0,0.0,0.0
-120.315841707245,39.8175333233017,1494.4031982421875,snow,rain,0.16688060462652454,0.08527372269170179,0.7478456726817737,1.0,0.0,0.0
-120.0119345,38.9320251,1899.7607421875,snow,snow,0.8570901970766186,0.13845582596913025,0.004453976954251231,1.0,0.0,0.0
-120.497664289912,38.5045865921146,1265.690673828125,mix,mix,0.25109321214131786,0.3993071829189868,0.3495996049396954,0.0,1.0,0.0
-119.8322577,39.4790697,1471.4849853515625,rain,rain,0.033798278938351425,0.10254204219462763,0.863659678867021,0.0,0.0,1.0
-119.946997448289,38.9609180712718,1902.406005859375,snow,mix,6.730494273932326e-06,0.99999321029635,5.920937605758767e-08,1.0,0.0,0.0
-119.963968731719,39.5109041966814,1497.848388671875,rain,rain,0.08218673556574298,0.15195415557523217,0.7658591088590248,0.0,0.0,1.0
-119.5824,39.2715531,1333.44287109375,rain,rain,0.21497053035243355,0.07140563910388462,0.7136238305436818,0.0,0.0,1.0
-119.750198530758,39.1853990224277,1433.7567138671875,rain,snow,0.5266415139125722,0.1553195406940313,0.31803894539339655,0.0,0.0,1.0
-120.221086023546,38.0473311128968,1300.3265380859375,rain,mix,0.06988275151288904,0.8588775894387166,0.07123965904839431,0.0,0.0,1.0
-119.979322715159,38.9445602232694,1898.4395751953125,snow,snow,0.696289410792531,0.30068219790870404,0.003028391298764903,1.0,0.0,0.0
-119.74351714918,39.5859456755984,1414.6666259765625,rain,rain,0.04044525214039853,0.06538213608601764,0.8941726117735838,0.0,0.0,1.0
-120.15239541976,39.1499213332492,1968.499267578125,snow,snow,0.9154737606444446,0.08452623935555545,0.0,1.0,0.0,0.0
-119.968328601005,39.6941778004595,1549.4569091796875,mix,rain,0.17263511037808024,0.007778351461524556,0.8195865381603952,0.0,1.0,0.0
-119.996488120674,38.8704945360444,1950.8565673828125,snow,snow,0.9521547112875545,0.0,0.047845288712445616,1.0,0.0,0.0
-119.830919976414,39.3763113874733,1739.0556640625,mix,mix,0.12140261405661013,0.6750325516195652,0.20356483432382463,0.0,1.0,0.0
-119.9667719,39.2519942,2016.028076171875,snow,snow,0.7362633901528324,0.18539107852153075,0.07834553132563687,1.0,0.0,0.0
-119.92529819152,39.8472086492167,1491.7423095703125,mix,snow,0.9999989176030913,3.944281370142308e-07,6.879687716117849e-07,0.0,1.0,0.0
-119.8693108,39.6024137,1591.5308837890625,rain,rain,0.2247162708640244,0.0913094510595213,0.6839742780764544,0.0,0.0,1.0
-119.709376112584,39.5456398227484,1341.52783203125,rain,rain,0.03533659643427491,0.08469089119762305,0.879972512368102,0.0,0.0,1.0
-119.929999014113,39.5227589965856,1500.779541015625,rain,snow,0.8361494509014109,0.011652128892397053,0.152198420206192,0.0,0.0,1.0
-120.968269463766,39.2851968374676,1025.0782470703125,rain,snow,0.8917959843407628,0.0,0.10820401565923732,0.0,0.0,1.0
-119.807525723971,39.1962149775242,1641.729248046875,snow,snow,0.6529869461057591,0.28324051018462015,0.06377254370962072,1.0,0.0,0.0
-119.925303552411,39.8473069165273,1491.7423095703125,snow,mix,3.654778705404896e-07,0.9999989471600207,6.873621087767926e-07,1.0,0.0,0.0
-119.946997448289,38.9609180712718,1902.406005859375,snow,snow,0.9822951238818587,0.0,0.017704876118141324,1.0,0.0,0.0
-120.070637400128,39.237853042303,1922.7923583984375,snow,snow,0.8979926606080201,0.10200733939197995,0.0,1.0,0.0,0.0
-119.8669768,39.5186567,1484.758056640625,rain,rain,0.15058165492564507,0.08568362999286204,0.7637347150814929,0.0,0.0,1.0
-119.687790770757,38.9156966286345,1515.9644775390625,rain,snow,1.0,0.0,0.0,0.0,0.0,1.0
-119.950280142675,39.5247833241549,1538.666748046875,snow,rain,0.010180941836818915,0.017967005544327504,0.9718520526188535,1.0,0.0,0.0
-119.978730703035,39.6809355131375,1541.6162109375,rain,mix,0.3838996669861808,0.5958913080789726,0.02020902493484669,0.0,0.0,1.0
-120.26911890265,38.0564154608869,1192.9775390625,mix,snow,0.9983931089852823,0.0,0.001606891014717718,0.0,1.0,0.0
-119.996704710759,39.6672595292699,1545.19970703125,snow,rain,0.020089305239377502,0.23125270157115327,0.7486579931894692,1.0,0.0,0.0
-119.683918,38.8835014,1527.037353515625,snow,rain,0.07633963381760994,0.0,0.9236603661823901,1.0,0.0,0.0
-120.221096510308,38.0473395061799,1300.3265380859375,snow,mix,0.00973075129626084,0.9886322537697354,0.0016369949340038032,1.0,0.0,0.0
-119.8125769,39.505741,1371.762451171875,rain,rain,0.06968704629250029,0.1523130535009315,0.7779999002065683,0.0,0.0,1.0
-119.979322715058,38.944560223166,1898.4395751953125,snow,snow,0.9861783158231717,0.0,0.013821684176828337,1.0,0.0,0.0
-119.8226822,39.4178474,1609.224365234375,mix,mix,0.04816318294595772,0.5717084858421932,0.38012833121184897,0.0,1.0,0.0
-120.0081203,38.923843,1905.078125,snow,snow,0.5049618884295946,0.0,0.49503811157040545,1.0,0.0,0.0
-119.9633706,39.2533389,2016.028076171875,snow,rain,0.300139767951346,0.0,0.699860232048654,1.0,0.0,0.0
-119.746261665772,39.1837784959561,1420.589599609375,rain,snow,0.7934557486640682,0.0,0.2065442513359318,0.0,0.0,1.0
-119.682345895246,38.9171844399206,1535.7108154296875,rain,snow,0.999721182396386,0.0,0.0002788176036140038,0.0,0.0,1.0
-119.687766254859,38.9157380227296,1515.9644775390625,snow,rain,0.00045398568362718504,0.0,0.9995460143163728,1.0,0.0,0.0
-120.4689614,39.8056369,1484.389892578125,rain,mix,0.0,1.0,0.0,0.0,0.0,1.0
-120.666288225753,39.308346101366,1456.7669677734375,mix,mix,0.0,0.9954440205251881,0.004555979474811944,0.0,1.0,0.0
-120.711228391773,39.3039410919498,1467.2232666015625,mix,mix,0.0,0.9957009440855983,0.004299055914401608,0.0,1.0,0.0
-120.4689516,39.8055954,1484.389892578125,rain,rain,0.09240498125062493,0.08415654026996573,0.8234384784794093,0.0,0.0,1.0
-120.315841707245,39.8175333233017,1494.4031982421875,rain,rain,0.08742106296715364,0.08728599990767265,0.8252929371251737,0.0,0.0,1.0
-120.100204192791,39.3566187855206,1798.48291015625,mix,snow,0.5429078074432294,0.18582666882746132,0.27126552372930923,0.0,1.0,0.0
-120.37814328178,39.3266473985609,2135.20361328125,snow,snow,0.4831104212952104,0.35363377393178347,0.16325580477300605,1.0,0.0,0.0
-120.455572127829,39.3156317108245,1873.0675048828125,snow,mix,0.05012146428857967,0.872632028062133,0.07724650764928741,1.0,0.0,0.0
-120.474521303662,39.3139496539154,1846.0755615234375,mix,snow,0.8529797132892123,0.0020999899623658173,0.1449202967484219,0.0,1.0,0.0
-120.519709652402,39.3085060688102,1873.6407470703125,rain,mix,0.36991360574268556,0.6242130329704136,0.005873361286900877,0.0,0.0,1.0
-120.519709652402,39.3085060688102,1873.6407470703125,rain,rain,0.09883418931471116,0.0,0.9011658106852889,0.0,0.0,1.0
-120.656149564234,39.3036924788666,1638.441650390625,rain,rain,0.0,0.0,1.0,0.0,0.0,1.0
-120.658827483677,39.3028049048638,1577.3743896484375,rain,rain,0.0,0.0,1.0,0.0,0.0,1.0
-120.71874334278,39.2711845329681,1538.5841064453125,rain,rain,0.0,0.0,1.0,0.0,0.0,1.0
-120.162977409403,39.358171459949,1793.0777587890625,mix,snow,0.9945913834340916,0.0026977421444384156,0.002710874421470042,0.0,1.0,0.0
-120.152395961501,39.1499232185543,1968.499267578125,mix,snow,0.9929919631641552,0.007008036835844877,0.0,0.0,1.0,0.0
-120.719707754836,39.2700894951308,1538.5841064453125,rain,rain,0.0,0.0,1.0,0.0,0.0,1.0
-120.475633,39.8084213,1495.380126953125,rain,rain,0.2450878720168512,0.125969425772333,0.6289427022108158,0.0,0.0,1.0
-120.007684330728,39.5275020628949,1521.617431640625,rain,snow,0.7293804697793261,0.2706195302206739,0.0,0.0,0.0,1.0
-120.784058114626,39.2105792044096,1239.9844970703125,rain,rain,0.0,0.0,1.0,0.0,0.0,1.0
-119.966778,39.2519854,2016.028076171875,snow,snow,0.9999998646371399,1.1162798170280678e-07,2.3734878512592726e-08,1.0,0.0,0.0
-119.946997448289,38.9609180712718,1902.406005859375,snow,mix,0.27649149111858384,0.7235085088814162,0.0,1.0,0.0,0.0
-120.831907843135,39.1884648884632,1036.6898193359375,rain,rain,0.0,0.0,1.0,0.0,0.0,1.0
-120.896602347606,39.1508187912769,878.949462890625,rain,rain,0.0,0.0,1.0,0.0,0.0,1.0
-119.996496088711,38.8704666215956,1950.8565673828125,snow,snow,0.7178049333003946,0.2821950666996053,0.0,1.0,0.0,0.0
-120.932837696132,39.1336967542584,806.7713012695312,rain,rain,0.0,0.0,1.0,0.0,0.0,1.0
-120.939397689242,39.1256286939267,727.7178344726562,rain,rain,0.0,0.0,1.0,0.0,0.0,1.0
-120.212115487321,39.3237655596235,1812.044677734375,snow,snow,0.619430261757697,0.3650287521848466,0.015540986057456373,1.0,0.0,0.0
-120.0081087,38.9238774,1905.078125,snow,mix,0.3776090747506778,0.6223909252493222,0.0,1.0,0.0,0.0
-120.949047878249,39.1002390060172,733.2221069335938,rain,rain,0.0,0.0,1.0,0.0,0.0,1.0
-119.979292953165,38.9445819422324,1898.4395751953125,mix,snow,0.9931535213373334,0.006846478662666628,0.0,0.0,1.0,0.0
-120.166535296055,39.1421084792035,1993.328857421875,snow,mix,0.022865599151939992,0.97713440084806,0.0,1.0,0.0,0.0
-120.950424236888,39.0937649434786,733.2221069335938,rain,rain,0.0,0.0,1.0,0.0,0.0,1.0
-120.973362270592,39.0431804205836,702.5865478515625,rain,rain,0.0,0.0,1.0,0.0,0.0,1.0
-120.175779846042,39.3532496711776,1832.049560546875,snow,mix,0.079704850402898,0.917886027635607,0.0024091219614950803,1.0,0.0,0.0
-119.9667332,39.2520103,2016.028076171875,snow,snow,0.999999864670116,1.1159146646083655e-07,2.373841745182257e-08,1.0,0.0,0.0
-119.924225852853,39.2418691397171,2132.084716796875,snow,snow,0.974068096146582,0.025931903853418075,0.0,1.0,0.0,0.0
-120.7826509,38.5112476,515.516845703125,rain,rain,0.0,0.0,1.0,0.0,0.0,1.0
-120.162977409403,39.358171459949,1793.0777587890625,mix,rain,0.3618683587296033,0.06532714086735053,0.5728045004030462,0.0,1.0,0.0
-120.830014780631,39.5590386998974,937.015625,rain,rain,0.08588778853778889,0.20869785913238253,0.7054143523298285,0.0,0.0,1.0
-120.4172178,39.8420788,1543.364013671875,rain,rain,0.012396144709845588,0.021349254328947548,0.9662546009612069,0.0,0.0,1.0
-119.779499360208,39.1103199104045,1479.2899169921875,rain,rain,0.27719360117188574,0.29900294217462975,0.42380345665348446,0.0,0.0,1.0
-119.979323032021,38.9445597126849,1898.4395751953125,mix,rain,0.009207590182827931,0.004548173363585962,0.986244236453586,0.0,1.0,0.0
-120.315841707245,39.8175333233017,1494.4031982421875,rain,rain,0.014446437079895617,0.025233143120107424,0.9603204197999969,0.0,0.0,1.0
-119.876725768279,39.6484452418412,1532.251708984375,rain,rain,0.07097598568429282,0.10925164490306039,0.8197723694126469,0.0,0.0,1.0
-119.946997448289,38.9609180712718,1902.406005859375,rain,mix,0.01018545878372245,0.9613240211432149,0.028490520073062603,0.0,0.0,1.0
-119.950280142675,39.5247833241549,1538.666748046875,rain,rain,0.12453004754159946,0.19703503746657772,0.6784349149918228,0.0,0.0,1.0
-119.9667684,39.2519865,2016.028076171875,snow,rain,0.0,0.3971299865588839,0.6028700134411162,1.0,0.0,0.0
-120.823932833376,39.5679287202006,999.898681640625,rain,rain,0.23948092300292567,0.0,0.7605190769970744,0.0,0.0,1.0
-120.007861,38.9238444,1905.078125,rain,rain,0.4358040223264509,0.0,0.5641959776735491,0.0,0.0,1.0
-119.9572988,39.2692518,2304.838623046875,snow,snow,0.9875618834590018,0.0,0.012438116540998254,1.0,0.0,0.0
-119.780095738634,39.0593691830822,1418.1063232421875,rain,snow,0.5962265301990866,0.0,0.4037734698009135,0.0,0.0,1.0
-119.9668132,39.251986,2016.028076171875,snow,snow,0.9864807822775539,0.0,0.01351921772244615,1.0,0.0,0.0
-120.966444850642,39.2607963027855,928.4439086914062,rain,rain,0.2143504721967428,0.0,0.7856495278032571,0.0,0.0,1.0
-119.9667826,39.2520006,2016.028076171875,snow,mix,0.016194799268773374,0.9838052007312267,0.0,1.0,0.0,0.0
-119.9572909,39.2692518,2304.838623046875,mix,snow,1.0,0.0,0.0,0.0,1.0,0.0
-120.162977409403,39.358171459949,1793.0777587890625,snow,snow,0.5259774673991163,0.4740225326008838,0.0,1.0,0.0,0.0
-119.996470918183,38.8704350314474,1950.8565673828125,snow,snow,0.6329600224841098,0.36703997751589024,0.0,1.0,0.0,0.0
-119.9665997,39.2518913,2016.028076171875,snow,snow,0.9999999535966686,0.0,4.640333145011664e-08,1.0,0.0,0.0
-119.23683,39.5971357,1270.4388427734375,rain,snow,1.0,0.0,0.0,0.0,0.0,1.0
-119.996466861198,38.8704342666988,1950.8565673828125,snow,snow,0.9968541343410207,0.0,0.003145865658979392,1.0,0.0,0.0
-119.9667581,39.2519638,2016.028076171875,snow,snow,0.9999999536060217,0.0,4.639397828631899e-08,1.0,0.0,0.0
-120.0079579,38.9237957,1905.078125,snow,snow,0.9966676039563258,0.0,0.0033323960436741373,1.0,0.0,0.0
-119.9573213,39.2692525,2304.838623046875,snow,snow,0.9994541955695739,0.0,0.0005458044304260247,1.0,0.0,0.0
-119.996468460601,38.8704332373397,1950.8565673828125,snow,snow,1.0,0.0,0.0,1.0,0.0,0.0
-120.0008278,38.9186051,1905.078125,snow,snow,1.0,0.0,0.0,1.0,0.0,0.0
-120.5640159,39.3194211,1722.9912109375,snow,snow,1.0,0.0,0.0,1.0,0.0,0.0
-119.99621893422,38.8704170895586,1950.8565673828125,snow,snow,1.0,0.0,0.0,1.0,0.0,0.0
-120.007728583592,39.5273888457848,1521.617431640625,snow,snow,1.0,0.0,0.0,1.0,0.0,0.0
-119.925299512367,39.8472069062583,1491.7423095703125,snow,snow,1.0,0.0,0.0,1.0,0.0,0.0
-119.996326880364,38.8702697036825,1962.6326904296875,snow,snow,1.0,0.0,0.0,1.0,0.0,0.0
-120.0079514,38.923811,1905.078125,snow,snow,1.0,0.0,0.0,1.0,0.0,0.0
-119.979335665892,38.9445307513245,1898.4395751953125,snow,snow,1.0,0.0,0.0,1.0,0.0,0.0
-119.9668448,39.2520121,2016.028076171875,snow,snow,0.9987620186703463,0.0007905650283743711,0.0004474163012793848,1.0,0.0,0.0
-119.5898691,39.2355123,1329.010009765625,rain,snow,0.801746491293367,0.19825350870663316,0.0,0.0,0.0,1.0
-119.78513586863,39.4935574620441,1345.801513671875,snow,snow,0.7980731221044778,0.20192687789552224,0.0,1.0,0.0,0.0
-119.929998662852,39.5227594664507,1500.779541015625,snow,snow,0.9327577646829304,0.06724223531706958,0.0,1.0,0.0,0.0
-120.36058110599,38.2305445395892,1117.480224609375,snow,snow,0.7635054854827209,0.10918086356853883,0.12731365094874025,1.0,0.0,0.0
-119.9573061,39.2692391,2304.838623046875,snow,snow,0.9931074678813193,0.004581776397652183,0.0023107557210285054,1.0,0.0,0.0
-119.836866889714,39.5605827286556,1506.2060546875,snow,snow,0.9984908158627339,0.0015091841372660841,0.0,1.0,0.0,0.0
-119.777933398725,39.3828777854766,1549.0029296875,snow,mix,0.1559463096599403,0.8440536903400597,0.0,1.0,0.0,0.0
-119.83584099174,39.5666101782296,1559.46923828125,snow,snow,0.9985860921921454,0.0014139078078545797,0.0,1.0,0.0,0.0
-120.4689865,39.8055983,1484.389892578125,snow,snow,0.9093856504538438,0.0906143495461562,0.0,1.0,0.0,0.0
-119.9589261,39.2541253,2003.246337890625,snow,snow,0.9987342607304991,0.0008118011663592078,0.00045393810314166185,1.0,0.0,0.0
-119.8776483,39.6593362,1532.5301513671875,snow,snow,0.9551931590251663,0.04480684097483367,0.0,1.0,0.0,0.0
-119.765761145066,39.4077704417458,1410.70751953125,mix,snow,0.9875967840101905,0.0,0.012403215989809521,0.0,1.0,0.0
-119.869952853079,39.6167908545629,1554.655517578125,snow,snow,1.0,0.0,0.0,1.0,0.0,0.0
-119.8693429,39.6024381,1591.5308837890625,snow,snow,1.0,0.0,0.0,1.0,0.0,0.0
-119.834065510206,39.5560782483812,1506.2060546875,snow,snow,1.0,0.0,0.0,1.0,0.0,0.0
-119.958905,39.2541419,2003.246337890625,snow,snow,1.0,0.0,0.0,1.0,0.0,0.0
-119.7625705,39.4471412,1369.423095703125,snow,snow,1.0,0.0,0.0,1.0,0.0,0.0
-119.68112719157,39.6345147876729,1381.0489501953125,snow,snow,1.0,0.0,0.0,1.0,0.0,0.0
-119.729846976857,39.4967328887765,1339.4654541015625,snow,snow,1.0,0.0,0.0,1.0,0.0,0.0
-119.800570612289,39.5721939956694,1488.3441162109375,snow,snow,1.0,0.0,0.0,1.0,0.0,0.0
-119.753667899454,39.4301614421082,1367.1973876953125,snow,snow,1.0,0.0,0.0,1.0,0.0,0.0
-119.9502806785,39.5247817640059,1538.666748046875,snow,snow,1.0,0.0,0.0,1.0,0.0,0.0
-119.8225035,39.548793,1425.5679931640625,snow,snow,1.0,0.0,0.0,1.0,0.0,0.0
-119.811061775819,39.3210512445235,1542.5299072265625,snow,snow,1.0,0.0,0.0,1.0,0.0,0.0
-119.8204985,39.5611372,1485.0849609375,snow,snow,1.0,0.0,0.0,1.0,0.0,0.0
-120.162977409403,39.358171459949,1793.0777587890625,snow,snow,1.0,0.0,0.0,1.0,0.0,0.0
-119.7992546,39.5710212,1488.3441162109375,snow,snow,1.0,0.0,0.0,1.0,0.0,0.0
-119.765771913628,39.4077783191447,1410.70751953125,snow,snow,1.0,0.0,0.0,1.0,0.0,0.0
-119.816148780059,39.3723297156957,1695.472412109375,snow,snow,1.0,0.0,0.0,1.0,0.0,0.0
-119.7997355,39.5710897,1488.3441162109375,snow,snow,0.9999893757909977,6.87574148191731e-06,3.7484675205193245e-06,1.0,0.0,0.0
-119.7625705,39.4471412,1369.423095703125,snow,snow,0.9982206307497128,0.0017793692502871864,0.0,1.0,0.0,0.0
-119.800571615884,39.5721912112569,1488.3441162109375,snow,snow,0.9997973430447197,0.00013028296814260315,7.237398713776884e-05,1.0,0.0,0.0
-119.811068939432,39.3210639483464,1542.5299072265625,snow,snow,1.0,0.0,0.0,1.0,0.0,0.0
-119.683910448685,39.6317055837263,1381.0489501953125,snow,snow,0.9693761769309155,0.030623823069084573,0.0,1.0,0.0,0.0
-119.961504869413,39.2518717345687,2003.246337890625,snow,snow,1.0,0.0,0.0,1.0,0.0,0.0
-119.697261645244,39.579157727462,1438.1224365234375,snow,snow,0.9718916058955208,0.028108394104479198,0.0,1.0,0.0,0.0
-120.0976124,39.2027281,1929.392578125,snow,snow,1.0,0.0,0.0,1.0,0.0,0.0
-119.9762565,39.6756042,1534.9154052734375,snow,snow,0.8596534551151119,0.0,0.14034654488488804,1.0,0.0,0.0
-119.743519922345,39.5859476646387,1414.6666259765625,snow,snow,0.9747892262775197,0.025210773722480168,0.0,1.0,0.0,0.0
-120.241880832624,39.1343695489457,2448.19775390625,snow,snow,1.0,0.0,0.0,1.0,0.0,0.0
-119.996219583817,38.9116030538452,1909.7303466796875,snow,snow,1.0,0.0,0.0,1.0,0.0,0.0
-119.9573061,39.2692391,2304.838623046875,snow,snow,1.0,0.0,0.0,1.0,0.0,0.0
-119.925299512367,39.8472069062583,1491.7423095703125,snow,snow,1.0,0.0,0.0,1.0,0.0,0.0
-120.0321153,39.2415337,1930.6707763671875,snow,snow,1.0,0.0,0.0,1.0,0.0,0.0
-120.225094381455,38.0416769273696,1151.58544921875,snow,mix,0.008147590467295655,0.9918524095327044,0.0,1.0,0.0,0.0
-119.759526929119,39.4445885740262,1369.423095703125,snow,snow,0.9983651854548806,0.0016348145451192677,0.0,1.0,0.0,0.0
-118.964624060951,37.6392310367003,2393.76123046875,snow,snow,0.7840092704646516,0.2159907295353484,0.0,1.0,0.0,0.0
-119.927939617375,39.5208421807298,1500.779541015625,rain,snow,0.7634263638915584,0.23657363610844154,0.0,0.0,0.0,1.0
-119.7730133,39.3989811,1470.5784912109375,snow,snow,0.9897360064760122,0.007146929892822474,0.0031170636311653585,1.0,0.0,0.0
-119.962488114477,39.2522839576628,2003.246337890625,snow,snow,1.0,0.0,0.0,1.0,0.0,0.0
-119.807473282658,39.1962241278233,1641.729248046875,snow,snow,1.0,0.0,0.0,1.0,0.0,0.0
-119.8455347819,39.4969943916303,1481.221923828125,mix,snow,0.8212871608624557,0.0,0.17871283913754432,0.0,1.0,0.0
-119.5071947,39.3116964,1324.5926513671875,snow,snow,1.0,0.0,0.0,1.0,0.0,0.0
-119.818396333875,39.5699433737636,1477.7032470703125,snow,snow,0.9817753498431525,0.011390212562956713,0.006834437593890721,1.0,0.0,0.0
-119.7994542,39.5710704,1488.3441162109375,snow,snow,0.9999893448236657,6.899343260305684e-06,3.7558330739707545e-06,1.0,0.0,0.0
-120.007684330728,39.5275020628949,1521.617431640625,snow,rain,0.40680040609435336,0.11130744179553659,0.4818921521101101,1.0,0.0,0.0
-119.734845658443,39.4097953159209,1376.88037109375,snow,snow,0.9837705904654153,0.016229409534584825,0.0,1.0,0.0,0.0
-120.269118745101,38.056415726496,1192.9775390625,mix,snow,1.0,0.0,0.0,0.0,1.0,0.0
-119.765773102376,39.4077790478108,1410.70751953125,snow,snow,0.9930256346023532,0.0069743653976469325,0.0,1.0,0.0,0.0
-119.7346293,38.9348602,1455.9168701171875,snow,snow,0.9919704380244446,0.008029561975555448,0.0,1.0,0.0,0.0
-119.9296186,39.2442694,2005.8486328125,snow,snow,0.7506859221325718,0.24931407786742824,0.0,1.0,0.0,0.0
-119.69734830793,39.57921999976,1438.1224365234375,snow,snow,1.0,0.0,0.0,1.0,0.0,0.0
-119.8486346,39.5978167,1597.0430908203125,snow,snow,1.0,0.0,0.0,1.0,0.0,0.0
-120.070635397825,39.2378557466987,1922.7923583984375,snow,snow,0.8386390923676283,0.1613609076323717,0.0,1.0,0.0,0.0
-120.124252162521,39.020683494745,1994.9439697265625,snow,snow,0.9999997264151548,2.735848452264781e-07,0.0,1.0,0.0,0.0
-119.877393606181,39.6590308361574,1532.5301513671875,snow,snow,1.0,0.0,0.0,1.0,0.0,0.0
-120.237738161071,39.3283807928989,1890.073974609375,snow,snow,0.8686139224764252,0.1313860775235748,0.0,1.0,0.0,0.0
-120.124347424518,39.0206378975279,1994.9439697265625,snow,snow,0.9999999142291286,8.577087136300641e-08,0.0,1.0,0.0,0.0
-119.877235107482,39.6590266600924,1532.5301513671875,snow,snow,1.0,0.0,0.0,1.0,0.0,0.0
-119.7997227,39.5710896,1488.3441162109375,snow,snow,1.0,0.0,0.0,1.0,0.0,0.0
-120.124373405926,39.0205971148925,1994.9439697265625,snow,snow,0.9999999030708022,9.692919778142804e-08,0.0,1.0,0.0,0.0
-119.968330082275,39.6941772095382,1549.4569091796875,snow,snow,1.0,0.0,0.0,1.0,0.0,0.0
-119.870852434432,38.975089667365,2201.280517578125,snow,snow,0.7916724926368759,0.20832750736312414,0.0,1.0,0.0,0.0
-120.191648,37.8369267,872.5946044921875,mix,snow,0.8732506338274095,0.12674936617259044,0.0,0.0,1.0,0.0
-119.682371189169,39.614479111663,1370.2344970703125,snow,snow,1.0,0.0,0.0,1.0,0.0,0.0
-119.765780559259,39.4079432678932,1410.70751953125,mix,snow,0.64860727488899,0.35139272511101005,0.0,0.0,1.0,0.0
-119.8671502,39.6038423,1591.5308837890625,snow,snow,1.0,0.0,0.0,1.0,0.0,0.0
-119.800544737745,39.5721741594979,1488.3441162109375,snow,snow,1.0,0.0,0.0,1.0,0.0,0.0
-119.912362821003,39.6554000907106,1515.7220458984375,snow,snow,1.0,0.0,0.0,1.0,0.0,0.0
-119.730745323948,39.4971520097408,1339.4654541015625,snow,snow,0.9101415811022405,0.0898584188977595,0.0,1.0,0.0,0.0
-119.989902,38.9230871,1907.614990234375,snow,snow,0.9960746670808086,0.003925332919191418,0.0,1.0,0.0,0.0
-119.9883635,38.9239313,1907.614990234375,snow,snow,0.995612917173867,0.004387082826133015,0.0,1.0,0.0,0.0
-119.805469938414,39.5096792426934,1359.778076171875,snow,snow,1.0,0.0,0.0,1.0,0.0,0.0
-119.751211275577,39.3665039221797,1465.11279296875,mix,mix,0.39529708993588364,0.6047029100641165,0.0,0.0,1.0,0.0
-119.749527031127,38.9503541740089,1446.9903564453125,snow,snow,0.9901192441103782,0.009880755889621794,0.0,1.0,0.0,0.0
-119.9773924,38.944261,1908.990234375,mix,snow,1.0,0.0,0.0,0.0,1.0,0.0
-120.005472727274,38.9084885545722,1912.7034912109375,snow,snow,0.9047630410280663,0.09523695897193371,0.0,1.0,0.0,0.0
-119.879359055436,39.5445358164771,1542.7464599609375,snow,snow,1.0,0.0,0.0,1.0,0.0,0.0
-119.799567501067,39.5708915968993,1488.3441162109375,snow,snow,1.0,0.0,0.0,1.0,0.0,0.0
-119.687766254859,38.9157380227296,1515.9644775390625,snow,snow,0.9806018549922579,0.019398145007742115,0.0,1.0,0.0,0.0
-119.7625656,39.4471278,1369.423095703125,snow,mix,0.48772229150966834,0.5122777084903316,0.0,1.0,0.0,0.0
-119.880379759265,39.5317419244645,1516.285888671875,snow,snow,0.9970085905762208,0.0,0.0029914094237792023,1.0,0.0,0.0
-119.9423377,38.9585658,1925.515625,snow,snow,0.9852130767706827,0.014786923229317319,0.0,1.0,0.0,0.0
-119.749448704236,38.9501704911022,1446.9903564453125,snow,snow,1.0,0.0,0.0,1.0,0.0,0.0
-119.682348645038,38.9171803910827,1535.7108154296875,snow,snow,1.0,0.0,0.0,1.0,0.0,0.0
-119.9359272,38.9663784,1913.4559326171875,snow,snow,0.9878623116509543,0.012137688349045644,0.0,1.0,0.0,0.0
-119.885065685815,39.5322172099664,1516.285888671875,snow,snow,0.9972706345167848,0.0,0.0027293654832152717,1.0,0.0,0.0
-119.8693316,39.6023606,1591.5308837890625,snow,snow,1.0,0.0,0.0,1.0,0.0,0.0
-119.800566500164,39.572370937131,1488.3441162109375,snow,snow,1.0,0.0,0.0,1.0,0.0,0.0
-119.777887004997,39.3828404776612,1549.0029296875,snow,snow,0.9645256667062295,0.0,0.035474333293770456,1.0,0.0,0.0
-119.740771745473,38.9332919321509,1452.0609130859375,snow,snow,1.0,0.0,0.0,1.0,0.0,0.0
-119.996469187688,38.8704333460092,1950.8565673828125,snow,snow,0.7286146742479056,0.27138532575209445,0.0,1.0,0.0,0.0
-119.980661993166,38.9022906757191,1942.3338623046875,snow,snow,0.6083941100909067,0.39160588990909323,0.0,1.0,0.0,0.0
-119.9762565,39.6756042,1534.9154052734375,snow,snow,1.0,0.0,0.0,1.0,0.0,0.0
-119.8323009,39.4790625,1471.4849853515625,rain,snow,1.0,0.0,0.0,0.0,0.0,1.0
-120.0137079,38.9138163,1933.13525390625,mix,snow,1.0,0.0,0.0,0.0,1.0,0.0
-119.8487399,39.5978334,1597.0430908203125,snow,snow,1.0,0.0,0.0,1.0,0.0,0.0
-119.9016655,39.5170146,1471.944091796875,snow,snow,0.9975832175829137,0.0,0.002416782417086336,1.0,0.0,0.0
-119.687766254859,38.9157380227296,1515.9644775390625,snow,snow,1.0,0.0,0.0,1.0,0.0,0.0
-119.8777236,39.1144725,1973.446044921875,snow,snow,1.0,0.0,0.0,1.0,0.0,0.0
-119.8722997,39.118374,1973.446044921875,snow,snow,1.0,0.0,0.0,1.0,0.0,0.0
-119.877412564812,39.6590805682656,1532.5301513671875,snow,snow,1.0,0.0,0.0,1.0,0.0,0.0
-119.7997039,39.5710902,1488.3441162109375,snow,snow,1.0,0.0,0.0,1.0,0.0,0.0
-119.7315642,39.0385806,1438.968017578125,snow,snow,1.0,0.0,0.0,1.0,0.0,0.0
-119.737971817302,39.4249153364471,1366.5106201171875,snow,snow,0.9637078836347505,0.0,0.036292116365249594,1.0,0.0,0.0
-119.9502806785,39.5247817640059,1538.666748046875,snow,snow,0.9605321255982928,0.0,0.03946787440170707,1.0,0.0,0.0
-119.8238362,39.1189149,1682.448974609375,snow,snow,1.0,0.0,0.0,1.0,0.0,0.0
-120.124287098309,39.0206186951326,1994.9439697265625,snow,snow,0.823343109569513,0.17665689043048696,0.0,1.0,0.0,0.0
-119.80057028974,39.5721958340209,1488.3441162109375,snow,snow,1.0,0.0,0.0,1.0,0.0,0.0
-119.822795316857,39.4175870476717,1609.224365234375,snow,snow,0.8637382506251516,0.0,0.13626174937484842,1.0,0.0,0.0
-119.743519922345,39.5859476646387,1414.6666259765625,snow,snow,1.0,0.0,0.0,1.0,0.0,0.0
-119.8025534,39.2072333,1598.4373779296875,snow,snow,1.0,0.0,0.0,1.0,0.0,0.0
-119.800544620551,39.5721740258879,1488.3441162109375,snow,snow,1.0,0.0,0.0,1.0,0.0,0.0
-119.901409031644,39.51949479907,1533.693359375,snow,snow,0.9977023345787184,0.0,0.002297665421281684,1.0,0.0,0.0
-119.7625548,39.4471263,1369.423095703125,snow,snow,0.909940753947759,0.0,0.09005924605224092,1.0,0.0,0.0
-119.765780745291,39.4079441997283,1410.70751953125,snow,snow,0.9680371006589547,0.0,0.03196289934104535,1.0,0.0,0.0
-119.8039396,39.2227761,1538.13671875,snow,snow,1.0,0.0,0.0,1.0,0.0,0.0
-119.97923245701,38.9445353237884,1898.4395751953125,snow,snow,0.8028888726194252,0.19711112738057476,0.0,1.0,0.0,0.0
-120.497678167191,38.5045980618944,1265.690673828125,snow,snow,0.5270631086342394,0.0,0.4729368913657606,1.0,0.0,0.0
-119.765783070193,39.4079486654909,1410.70751953125,snow,snow,0.998812498040204,0.0,0.0011875019597959236,1.0,0.0,0.0
-119.807068464264,39.4908606883304,1374.2261962890625,snow,snow,0.9987418016500563,0.0,0.0012581983499436726,1.0,0.0,0.0
-119.929998662852,39.5227594664508,1500.779541015625,snow,snow,0.99971268559833,0.0,0.0002873144016699604,1.0,0.0,0.0
-119.964710607923,39.524375710143,1480.8189697265625,snow,snow,0.9997022249286648,0.0,0.00029777507133519953,1.0,0.0,0.0
-119.837082600473,39.3753826500393,1771.3431396484375,snow,snow,0.9985707284444987,0.0,0.001429271555501413,1.0,0.0,0.0
-120.225094381455,38.0416769273696,1151.58544921875,rain,snow,1.0,0.0,0.0,0.0,0.0,1.0
-120.100207021713,39.3566175572269,1798.48291015625,snow,snow,1.0,0.0,0.0,1.0,0.0,0.0
-119.7616901,39.156192,1420.0274658203125,snow,snow,1.0,0.0,0.0,1.0,0.0,0.0
-119.979314185091,38.9445567216242,1898.4395751953125,snow,snow,1.0,0.0,0.0,1.0,0.0,0.0
-120.5675058,38.3787085,625.4950561523438,rain,snow,1.0,0.0,0.0,0.0,0.0,1.0
-119.9667566,39.2519881,2016.028076171875,snow,snow,1.0,0.0,0.0,1.0,0.0,0.0
-120.221086843163,38.0473444743871,1300.3265380859375,snow,snow,0.5615420427658323,0.0,0.43845795723416775,1.0,0.0,0.0
-119.687766254859,38.9157380227296,1515.9644775390625,snow,snow,1.0,0.0,0.0,1.0,0.0,0.0
-119.7521977,39.1902749,1433.7567138671875,snow,snow,1.0,0.0,0.0,1.0,0.0,0.0
-119.996469187688,38.8704333460092,1950.8565673828125,snow,snow,1.0,0.0,0.0,1.0,0.0,0.0
-119.740631789938,38.9332139300759,1455.9168701171875,snow,snow,1.0,0.0,0.0,1.0,0.0,0.0
-119.9667539,39.2521012,2016.028076171875,snow,snow,1.0,0.0,0.0,1.0,0.0,0.0
-119.809134269923,39.5272251274444,1370.511474609375,snow,snow,1.0,0.0,0.0,1.0,0.0,0.0
-119.7619242,39.1561959,1420.0274658203125,snow,snow,1.0,0.0,0.0,1.0,0.0,0.0
-120.162977409403,39.358171459949,1793.0777587890625,snow,snow,1.0,0.0,0.0,1.0,0.0,0.0
-120.3697675,39.5838935,1511.8182373046875,snow,snow,0.6810479170719901,0.0,0.3189520829280099,1.0,0.0,0.0
-120.981988770085,39.312518373786,970.83740234375,rain,rain,0.025067162280464763,0.0,0.9749328377195353,0.0,0.0,1.0
-120.966432592779,39.2607872907867,928.4439086914062,rain,rain,0.025233151711692655,0.0,0.9747668482883074,0.0,0.0,1.0
-119.687766254859,38.9157380227296,1515.9644775390625,snow,snow,0.999964787086135,0.0,3.5212913864985375e-05,1.0,0.0,0.0
-119.9615548,39.2535013,2003.246337890625,snow,snow,0.9261352773714411,0.0,0.07386472262855893,1.0,0.0,0.0
-120.0118733,38.9320716,1899.7607421875,snow,snow,0.9394268303141977,0.0,0.060573169685802244,1.0,0.0,0.0
-119.68239163991,38.9171548840021,1535.7108154296875,snow,snow,0.9999650125842688,0.0,3.498741573115834e-05,1.0,0.0,0.0
-119.7636095,39.477305,1360.415771484375,snow,snow,0.9256551070828235,0.0,0.07434489291717651,1.0,0.0,0.0
-120.15014696971,39.3353076210445,1786.87939453125,snow,snow,0.9666195213439172,0.0,0.0333804786560829,1.0,0.0,0.0
-119.9637352,39.2532146,2016.028076171875,snow,snow,0.9748548242803577,0.0,0.025145175719642303,1.0,0.0,0.0
-119.996469187688,38.8704333460092,1950.8565673828125,snow,snow,0.961330408428585,0.0,0.03866959157141504,1.0,0.0,0.0
-119.687766254859,38.9157380227296,1515.9644775390625,snow,snow,0.9779287274129321,0.0,0.022071272587067918,1.0,0.0,0.0
-119.870852434432,38.975089667365,2201.280517578125,snow,snow,0.9812962003525458,0.0,0.018703799647454212,1.0,0.0,0.0
-120.689660820923,38.6953643916552,809.8617553710938,rain,snow,1.0,0.0,0.0,0.0,0.0,1.0
-119.996469187688,38.8704333460092,1950.8565673828125,mix,snow,1.0,0.0,0.0,0.0,1.0,0.0
-120.571390516492,38.7594180214619,1152.727783203125,snow,mix,0.3824896047381125,0.6175103952618874,0.0,1.0,0.0,0.0
-119.870852434432,38.975089667365,2201.280517578125,snow,mix,0.05605178082190271,0.9439482191780973,0.0,1.0,0.0,0.0
-120.79090763826,39.2068918794759,1187.1026611328125,rain,rain,0.0,0.0,1.0,0.0,0.0,1.0
-120.789784379416,39.2074450850852,1187.1026611328125,rain,rain,0.0,0.0,1.0,0.0,0.0,1.0
-120.661021582895,39.3020130275183,1577.3743896484375,rain,rain,0.0,0.0,1.0,0.0,0.0,1.0
-119.979308395935,38.944568130243,1898.4395751953125,rain,rain,0.0,0.0,1.0,0.0,0.0,1.0
-120.007965,38.923867,1905.078125,rain,rain,0.0,0.0,1.0,0.0,0.0,1.0
-119.996462628744,38.8704329318528,1950.8565673828125,rain,rain,0.0,0.0,1.0,0.0,0.0,1.0
-120.24576494116,39.3689620006658,2002.6611328125,snow,mix,0.4630303932273476,0.5369696067726524,0.0,1.0,0.0,0.0
-120.4689778,39.8056001,1484.389892578125,snow,snow,0.674137313551843,0.325862686448157,0.0,1.0,0.0,0.0
-120.3699182,39.5838618,1511.8182373046875,mix,snow,1.0,0.0,0.0,0.0,1.0,0.0
-120.4319822,39.6340704,1506.239501953125,snow,mix,0.17516107087403662,0.8248389291259633,0.0,1.0,0.0,0.0
-120.4280212,39.6554706,1506.6434326171875,snow,snow,1.0,0.0,0.0,1.0,0.0,0.0
-120.155562922117,39.3371664429107,1786.87939453125,snow,snow,1.0,0.0,0.0,1.0,0.0,0.0
-120.1719185,39.3636509,1818.9453125,snow,snow,1.0,0.0,0.0,1.0,0.0,0.0
-120.2515137,39.3718371,2037.4736328125,snow,snow,1.0,0.0,0.0,1.0,0.0,0.0
-120.4341427,39.6322723,1506.239501953125,snow,snow,0.8820620555362905,0.01599347979476247,0.10194446466894702,1.0,0.0,0.0
-120.6133375,39.3186035,1700.3870849609375,snow,snow,0.5427717061578211,0.13627666485694048,0.3209516289852384,1.0,0.0,0.0
-120.468979,39.8056024,1484.389892578125,mix,snow,0.81305468284606,0.0,0.18694531715394005,0.0,1.0,0.0
-120.3697717,39.5838143,1511.8182373046875,rain,snow,0.9514870822452772,0.04851291775472278,0.0,0.0,0.0,1.0
-120.4280212,39.6554706,1506.6434326171875,snow,snow,0.9077403882525453,0.021524879187142663,0.07073473256031207,1.0,0.0,0.0
-120.279829792096,39.3248594299657,1917.168701171875,snow,snow,0.7670993240562776,0.23290067594372246,0.0,1.0,0.0,0.0
-120.4280212,39.6554706,1506.6434326171875,snow,mix,0.4723378589243622,0.5276621410756378,0.0,1.0,0.0,0.0
-120.6349102,39.3123436,1675.3851318359375,mix,snow,0.6855743205573042,0.31442567944269584,0.0,0.0,1.0,0.0
-120.830000643578,39.5590332099096,937.015625,mix,snow,0.5801744057816298,0.4198255942183701,0.0,0.0,1.0,0.0
-120.10021690535,39.3566106197502,1798.48291015625,snow,snow,0.8669072268577981,0.13309277314220194,0.0,1.0,0.0,0.0
-119.8708638,39.647456,1522.3125,rain,rain,0.441965267013996,0.0,0.5580347329860039,0.0,0.0,1.0
-120.4280212,39.6554706,1506.6434326171875,snow,rain,0.0,0.0,1.0,1.0,0.0,0.0
-120.315847143503,39.8175356098275,1494.4031982421875,rain,snow,0.8131241450800373,0.0,0.1868758549199627,0.0,0.0,1.0
-120.968818,38.6639091,416.0556945800781,rain,rain,0.17720500470785816,0.07252529830340475,0.750269696988737,0.0,0.0,1.0
-120.452794237175,39.6642451454325,1538.229736328125,snow,rain,0.0017484284330332729,0.4052969187676197,0.5929546527993471,1.0,0.0,0.0
-119.962681507568,39.6930049598018,1570.2252197265625,rain,rain,0.3126516461158881,0.18724579362984564,0.5001025602542664,0.0,0.0,1.0
-120.9819526,39.0433702,689.05712890625,rain,rain,0.24432653404122961,0.10847020232410721,0.6472032636346632,0.0,0.0,1.0
-120.4279778,39.6477971,1504.4288330078125,mix,rain,0.084468641925916,0.0,0.915531358074084,0.0,1.0,0.0
-120.215241790932,39.3260375609405,1840.677490234375,snow,rain,0.19192864343967234,0.21764314270666354,0.5904282138536642,1.0,0.0,0.0
-120.315847143503,39.8175356098275,1494.4031982421875,rain,rain,0.3193062219824393,0.26753883016945135,0.4131549478481094,0.0,0.0,1.0
-120.4280212,39.6554706,1506.6434326171875,rain,mix,0.11698339145589953,0.8809459494338372,0.002070659110263338,0.0,0.0,1.0
-120.209027957283,39.3198304390901,1812.044677734375,snow,rain,0.0,0.4036935341824669,0.5963064658175331,1.0,0.0,0.0
-120.943084698711,39.1933308260093,718.4190673828125,rain,rain,0.22145282946048922,0.20708057575435293,0.5714665947851579,0.0,0.0,1.0
-120.468979,39.8056024,1484.389892578125,rain,mix,0.06405677649896638,0.8770229155895181,0.058920307911515535,0.0,0.0,1.0
-120.7826479,38.511253,515.516845703125,rain,rain,0.03896892398455938,0.023906539727294826,0.9371245362881458,0.0,0.0,1.0
-120.689614890762,38.6953687707358,809.8617553710938,rain,rain,0.057687926144044124,0.031527144901073875,0.9107849289548821,0.0,0.0,1.0
-120.452839247995,39.664042010009,1538.229736328125,mix,rain,0.10723974387875133,0.0,0.8927602561212487,0.0,1.0,0.0
-120.7112550417,38.7306989670753,794.8796997070312,rain,rain,0.203904320854973,0.0,0.7960956791450269,0.0,0.0,1.0
-120.166534351029,39.1421088490058,1993.328857421875,snow,rain,0.4939676202511245,0.0,0.5060323797488755,1.0,0.0,0.0
-120.315847143503,39.8175356098275,1494.4031982421875,rain,rain,0.1532314067640518,0.0,0.8467685932359482,0.0,0.0,1.0
-120.452770476396,39.6640814141901,1538.229736328125,rain,rain,0.2019921638530795,0.0,0.7980078361469205,0.0,0.0,1.0
-120.771092,38.3568972,389.4440002441406,rain,rain,0.14440305930209624,0.0,0.8555969406979038,0.0,0.0,1.0
-120.96576343172,39.2611691331921,928.4439086914062,rain,rain,0.003074035510729784,0.0,0.9969259644892703,0.0,0.0,1.0
-120.0359247,38.8730109,1940.87255859375,rain,snow,0.6144707744462266,0.0,0.3855292255537734,0.0,0.0,1.0
-120.173851777395,39.3394608875563,1811.2808837890625,snow,snow,0.5275904967446128,0.0,0.47240950325538733,1.0,0.0,0.0
-120.968403809256,39.2855522532238,1025.0782470703125,rain,rain,0.00304712512756338,0.0,0.9969528748724367,0.0,0.0,1.0
-120.901642974871,39.148278868385,859.9096069335938,rain,rain,0.10340409715622953,0.04383782153887725,0.8527580813048932,0.0,0.0,1.0
-120.957503109545,39.0159185454709,588.9312744140625,rain,rain,0.08560159374865059,0.03428972270639116,0.8801086835449583,0.0,0.0,1.0
-120.4345028,39.6629923,1508.321533203125,rain,rain,0.24991017080011413,0.11550170973899188,0.634588119460894,0.0,0.0,1.0
-119.9789318,38.9334241,1906.9375,rain,rain,0.009490027925997518,0.0020774189870410085,0.9884325530869614,0.0,0.0,1.0
-119.995573,38.9188457,1903.6112060546875,rain,rain,0.008812818904578835,0.0019954758436648173,0.9891917052517564,0.0,0.0,1.0
-120.070144633924,39.2358105304472,1922.7923583984375,snow,snow,0.6905246229666795,0.2085358175718382,0.10093955946148238,1.0,0.0,0.0
-120.176158757243,39.3527809422145,1882.773681640625,snow,mix,0.05828676488635776,0.923111064549076,0.01860217056456626,1.0,0.0,0.0
-119.9666919,39.2520866,2016.028076171875,snow,snow,0.7626050743481205,0.12217801686620715,0.11521690878567235,1.0,0.0,0.0
-120.189697101986,39.3260984669599,1810.587158203125,mix,snow,0.981464290702581,0.0,0.018535709297419004,0.0,1.0,0.0
-120.315847143503,39.8175356098275,1494.4031982421875,rain,rain,0.19829677066160403,0.08223768928691365,0.7194655400514823,0.0,0.0,1.0
-120.966452293698,39.2608121696562,928.4439086914062,rain,snow,0.6621172311531176,0.16940220888966914,0.16848055995721323,0.0,0.0,1.0
-119.9668132,39.2520281,2016.028076171875,snow,rain,0.35637309970084974,0.12158261327955239,0.5220442870195979,1.0,0.0,0.0
-119.811279519943,39.3214891795341,1542.5299072265625,rain,rain,0.30569161266837885,0.04669779488603624,0.6476105924455849,0.0,0.0,1.0
-120.14663860213,39.3186672404775,1796.230224609375,snow,snow,0.5450598379145457,0.4316949125106793,0.023245249574774935,1.0,0.0,0.0
-120.17578219561,39.3532563406005,1832.049560546875,snow,mix,0.09875746060098754,0.8983073250167158,0.002935214382296595,1.0,0.0,0.0
-120.162970714945,39.3581756834614,1793.0777587890625,mix,snow,0.9968914725169103,0.0,0.003108527483089653,0.0,1.0,0.0
-119.8168589,39.2473257,1538.257080078125,rain,rain,0.350762081748146,0.03946225906981348,0.6097756591820406,0.0,0.0,1.0
-120.2505794,39.3711699,2037.4736328125,snow,snow,0.6345245894513096,0.33416977010070015,0.03130564044799025,1.0,0.0,0.0
-120.315847143503,39.8175356098275,1494.4031982421875,rain,rain,0.15628879812219806,0.0,0.8437112018778019,0.0,0.0,1.0
-120.689658399318,38.6953646647622,809.8617553710938,rain,rain,0.00240105227334735,0.0,0.9975989477266527,0.0,0.0,1.0
-120.0082735,38.9240119,1905.078125,rain,rain,0.00843158103113268,0.0,0.9915684189688674,0.0,0.0,1.0
-119.979306782355,38.9445700516245,1898.4395751953125,rain,rain,0.00966845796900439,0.0,0.9903315420309956,0.0,0.0,1.0
-120.7112550417,38.7306989670753,794.8796997070312,rain,rain,0.0024748792215321305,0.0,0.9975251207784678,0.0,0.0,1.0
-119.9668132,39.2520281,2016.028076171875,snow,rain,0.0,0.0,1.0,1.0,0.0,0.0
-119.8709335,39.5248461,1486.023193359375,rain,rain,0.0004965459818253164,0.0,0.9995034540181748,0.0,0.0,1.0
-119.866630290814,39.5302146690613,1486.790283203125,rain,rain,0.00047602819864500943,0.0,0.999523971801355,0.0,0.0,1.0
-120.175578517173,39.3214790794285,1818.1673583984375,mix,snow,0.7469238089454783,0.0,0.25307619105452167,0.0,1.0,0.0
-120.315847143503,39.8175356098275,1494.4031982421875,rain,rain,0.22475807231206316,0.1740499074340839,0.601192020253853,0.0,0.0,1.0
-119.885054505777,39.5322205604659,1516.285888671875,rain,rain,0.16029583441757497,0.09502076847107127,0.7446833971113538,0.0,0.0,1.0
-120.19604934156,39.1871500383261,1905.830078125,snow,mix,0.25758284173401963,0.5067220981424444,0.2356950601235359,1.0,0.0,0.0
-119.9668132,39.2520281,2016.028076171875,snow,rain,0.28888703178706193,0.333575478092255,0.37753749012068316,1.0,0.0,0.0
-119.681129919548,39.634519894358,1381.0489501953125,rain,rain,0.039595246042273026,0.020495771801734827,0.9399089821559922,0.0,0.0,1.0
-120.0082735,38.9240119,1905.078125,rain,snow,0.6004057255348778,0.1695943229829744,0.2299999514821478,0.0,0.0,1.0
-119.69725987803,39.5547592530524,1362.3389892578125,rain,rain,0.04910129951838564,0.023514823695509553,0.9273838767861047,0.0,0.0,1.0
-120.7112550417,38.7306989670753,794.8796997070312,rain,rain,0.0,0.006123573665674701,0.9938764263343254,0.0,0.0,1.0
-120.9819888,39.0433645,689.05712890625,rain,rain,0.0,0.0065976003492141996,0.9934023996507857,0.0,0.0,1.0
-119.979321249776,38.9445958822759,1898.4395751953125,rain,rain,0.0,0.25256768650469424,0.7474323134953058,0.0,0.0,1.0
-120.689658399318,38.6953646647622,809.8617553710938,rain,rain,0.0,0.005719187560442372,0.9942808124395576,0.0,0.0,1.0
-120.435131720724,39.3333333333333,2215.13916015625,mix,mix,0.0,0.5932835175642706,0.40671648243572944,0.0,1.0,0.0
-120.957574263125,39.0159149815188,588.9312744140625,rain,rain,0.0,0.006562482292416333,0.9934375177075837,0.0,0.0,1.0
-120.2505523,39.371126,2037.4736328125,mix,mix,0.0,0.5154314882703516,0.48456851172964843,0.0,1.0,0.0
-120.0977029,39.2027048,1929.392578125,rain,mix,0.0,0.5782313338138738,0.42176866618612613,0.0,0.0,1.0
-119.968331278956,39.694178091495,1549.4569091796875,rain,mix,0.0,0.5298720666582528,0.4701279333417472,0.0,0.0,1.0
-120.9688176,38.6639067,416.0556945800781,rain,rain,0.0,0.044775940487656506,0.9552240595123436,0.0,0.0,1.0
-120.315847143503,39.8175356098275,1494.4031982421875,rain,rain,0.0,0.0,1.0,0.0,0.0,1.0
-120.4690017,39.8056778,1484.389892578125,rain,rain,0.0,0.0,1.0,0.0,0.0,1.0
-120.689658399318,38.6953646647622,809.8617553710938,rain,rain,0.0,0.0,1.0,0.0,0.0,1.0
-120.7112550417,38.7306989670753,794.8796997070312,rain,rain,0.0,0.0,1.0,0.0,0.0,1.0
-120.26908661006,38.0563924801466,1192.9775390625,rain,rain,0.0,0.0,1.0,0.0,0.0,1.0
-119.9667781,39.2519565,2016.028076171875,rain,rain,0.0,0.0,1.0,0.0,0.0,1.0
-120.1599969539,39.3339150292008,1796.36962890625,rain,rain,0.0,0.0,1.0,0.0,0.0,1.0
-120.0118505,38.9320898,1899.7607421875,rain,rain,0.0,0.0,1.0,0.0,0.0,1.0
-119.9590055,39.25046,2003.246337890625,rain,rain,0.0,0.0,1.0,0.0,0.0,1.0
-120.4280659,39.6476731,1504.4288330078125,rain,rain,0.0,0.0,1.0,0.0,0.0,1.0
-120.9719014,38.6580904,416.0556945800781,rain,rain,0.0,0.0,1.0,0.0,0.0,1.0
-120.011368737811,38.9301722435382,1899.7607421875,rain,rain,0.0,0.0,1.0,0.0,0.0,1.0
-120.4684055,39.8056124,1484.389892578125,rain,rain,0.0,0.0,1.0,0.0,0.0,1.0
-120.941971095526,39.9463631982625,1056.2681884765625,rain,rain,0.0,0.0,1.0,0.0,0.0,1.0
-120.101078501795,39.211696863509,1969.9854736328125,rain,rain,0.0,0.0,1.0,0.0,0.0,1.0
-119.925299372724,39.8472081791592,1491.7423095703125,rain,rain,0.0,0.0,1.0,0.0,0.0,1.0
-120.900501149538,39.1503100849706,859.9096069335938,rain,rain,0.0,0.0,1.0,0.0,0.0,1.0
-120.188504280634,39.3103275820979,1905.5123291015625,rain,rain,0.0,0.0,1.0,0.0,0.0,1.0
-120.900358294586,39.150340793994,859.9096069335938,rain,rain,0.0,0.0,1.0,0.0,0.0,1.0
-120.7112550417,38.7306989670753,794.8796997070312,rain,rain,0.0,0.0,1.0,0.0,0.0,1.0
-120.315847143503,39.8175356098275,1494.4031982421875,rain,rain,0.0,0.0,1.0,0.0,0.0,1.0
-120.176764496363,39.3450586416425,1846.0054931640625,rain,rain,0.0,0.0,1.0,0.0,0.0,1.0
-120.166534351029,39.1421088490058,1993.328857421875,snow,rain,0.0,0.4248779589147143,0.5751220410852858,1.0,0.0,0.0
-120.315847143503,39.8175356098275,1494.4031982421875,rain,mix,0.05617496649140148,0.8426827551052102,0.1011422784033882,0.0,0.0,1.0
-120.4280659,39.6476731,1504.4288330078125,mix,rain,0.07211180995336917,0.18920431557504083,0.73868387447159,0.0,1.0,0.0
-120.194627185113,39.3154856504144,1804.74658203125,rain,mix,0.06040934437622943,0.9325128805181442,0.007077775105626387,0.0,0.0,1.0
-120.2350786,39.3467447,1990.6614990234375,mix,rain,0.0419258123648855,0.01655511221495694,0.9415190754201576,0.0,1.0,0.0
-120.166534351029,39.1421088490058,1993.328857421875,mix,rain,0.0,0.0,1.0,0.0,1.0,0.0
-119.99741830831,38.852328067234,1980.7945556640625,rain,mix,0.0,0.5274110186400144,0.4725889813599856,0.0,0.0,1.0
-120.1443452,39.1685643,1916.4578857421875,rain,mix,0.0,0.9911863934683685,0.008813606531631572,0.0,0.0,1.0
-120.315847143503,39.8175356098275,1494.4031982421875,rain,rain,0.0,0.0,1.0,0.0,0.0,1.0
-120.103910984801,39.3597871303224,1783.9434814453125,rain,rain,0.0,0.0,1.0,0.0,0.0,1.0
-119.950286915505,39.5247882189641,1538.666748046875,rain,rain,0.0,0.0,1.0,0.0,0.0,1.0
-120.473183400998,39.8130047543971,1495.380126953125,rain,rain,0.0,0.0,1.0,0.0,0.0,1.0
-120.1443155,39.1654711,1903.876220703125,rain,rain,0.0,0.0,1.0,0.0,0.0,1.0
-120.4689774,39.8056015,1484.389892578125,rain,rain,0.0,0.0,1.0,0.0,0.0,1.0
-120.016392,38.8520237,1933.7830810546875,mix,rain,0.0,0.0,1.0,0.0,1.0,0.0
-120.315847143503,39.8175356098275,1494.4031982421875,rain,rain,0.0,0.014086152456809525,0.9859138475431904,0.0,0.0,1.0
-120.4689795,39.8056057,1484.389892578125,rain,rain,0.0,0.01345839120363362,0.9865416087963664,0.0,0.0,1.0
-119.996368442018,38.8698929830991,1962.6326904296875,rain,rain,0.0,0.0,1.0,0.0,0.0,1.0
-120.315847143503,39.8175356098275,1494.4031982421875,rain,rain,0.0,0.0,1.0,0.0,0.0,1.0
-120.8458597,38.7085497,518.739013671875,rain,rain,0.0,0.0,1.0,0.0,0.0,1.0
-120.1363015,39.4437571,1763.386474609375,rain,rain,0.0,0.0,1.0,0.0,0.0,1.0
-120.36058073182,38.230544542302,1117.480224609375,rain,rain,0.0,0.0,1.0,0.0,0.0,1.0
-120.7112550417,38.7306989670753,794.8796997070312,rain,rain,0.0,0.0,1.0,0.0,0.0,1.0
-119.8915584,39.6296192,1569.3096923828125,rain,rain,0.0,0.0,1.0,0.0,0.0,1.0
-120.315847143503,39.8175356098275,1494.4031982421875,rain,rain,0.0,0.0,1.0,0.0,0.0,1.0
-120.966479070952,39.2608023020162,928.4439086914062,rain,rain,0.0,0.0,1.0,0.0,0.0,1.0
-120.3161963,39.8148756,1494.4031982421875,rain,rain,0.0,0.0,1.0,0.0,0.0,1.0
-120.377371,39.776862,1491.978515625,rain,rain,0.0,0.0,1.0,0.0,0.0,1.0
-120.9819498,39.0433705,689.05712890625,rain,rain,0.0,0.0,1.0,0.0,0.0,1.0
-120.9822279,39.0434996,689.05712890625,rain,rain,0.0,0.0,1.0,0.0,0.0,1.0
-120.968270307773,39.2851973984164,1025.0782470703125,rain,rain,0.0,0.0,1.0,0.0,0.0,1.0
-120.4689646,39.8056255,1484.389892578125,rain,rain,0.0,0.0,1.0,0.0,0.0,1.0
-119.893587967187,38.971935776199,2218.673828125,rain,rain,0.0,0.0,1.0,0.0,0.0,1.0
-120.2653993,39.3551991,2110.461181640625,mix,snow,0.5771245956314813,0.2982714196477242,0.12460398472079447,0.0,1.0,0.0
-120.2719585,39.349521,2233.087890625,snow,mix,0.0,0.9124549937492168,0.08754500625078322,1.0,0.0,0.0
-120.175768019991,39.3532455434282,1832.049560546875,rain,mix,0.18032521560001044,0.501747491626997,0.3179272927729925,0.0,0.0,1.0
-120.251854,39.3609205,2037.10009765625,mix,rain,0.12557889521349422,0.3537624814659373,0.5206586233205686,0.0,1.0,0.0
-119.950286915505,39.5247882189641,1538.666748046875,rain,rain,0.011697364487195723,0.02568411496081246,0.9626185205519919,0.0,0.0,1.0
-119.9936872,39.5181504,1494.7957763671875,rain,rain,0.014201770814328649,0.031547814576616706,0.9542504146090547,0.0,0.0,1.0
-120.2506779,39.3711461,2037.4736328125,rain,mix,0.09304821354515118,0.8852459904157012,0.021705796039147695,0.0,0.0,1.0
-120.3697994,39.5838506,1511.8182373046875,rain,rain,0.0,0.0,1.0,0.0,0.0,1.0
-119.729916296941,39.584181959788,1355.2467041015625,rain,rain,0.0,0.0,1.0,0.0,0.0,1.0
-119.869064777293,39.6166264640696,1554.655517578125,rain,rain,0.0,0.0,1.0,0.0,0.0,1.0
-120.7826419,38.5112541,515.516845703125,rain,rain,0.0,0.0,1.0,0.0,0.0,1.0
-120.7826349,38.5112158,515.516845703125,rain,rain,0.0,0.0,1.0,0.0,0.0,1.0
-120.006389,38.925977,1900.0968017578125,rain,rain,0.0,0.0,1.0,0.0,0.0,1.0
-120.315847143503,39.8175356098275,1494.4031982421875,rain,rain,0.0,0.0,1.0,0.0,0.0,1.0
-120.4689646,39.8056255,1484.389892578125,rain,rain,0.0,0.0,1.0,0.0,0.0,1.0
-119.925299372724,39.8472081791592,1491.7423095703125,rain,rain,0.0,0.0,1.0,0.0,0.0,1.0
-120.13397652889,39.1771033714674,1967.627685546875,rain,rain,0.0,0.0,1.0,0.0,0.0,1.0
-120.4689646,39.8056255,1484.389892578125,rain,rain,0.0,0.0,1.0,0.0,0.0,1.0
-120.2505468,39.3711569,2037.4736328125,rain,rain,0.0,0.0,1.0,0.0,0.0,1.0
-120.9688137,38.6639016,416.0556945800781,rain,rain,0.0,0.0,1.0,0.0,0.0,1.0
-120.9819175,39.0433401,689.05712890625,rain,rain,0.0,0.0,1.0,0.0,0.0,1.0
-119.9936872,39.5181504,1494.7957763671875,rain,rain,0.0,0.0,1.0,0.0,0.0,1.0
-119.950286915505,39.5247882189641,1538.666748046875,rain,rain,0.0,0.0,1.0,0.0,0.0,1.0
-120.067301051625,39.2492221595013,2091.598876953125,rain,rain,0.0,0.0,1.0,0.0,0.0,1.0
-120.083957135866,39.2278935764652,1958.6190185546875,rain,rain,0.0,0.0,1.0,0.0,0.0,1.0
-119.9637497,39.2523051,2016.028076171875,rain,rain,0.0,0.0,1.0,0.0,0.0,1.0
-119.977378242419,38.9128219083433,1919.2342529296875,rain,rain,0.009050657660732887,0.0,0.9909493423392671,0.0,0.0,1.0
-120.315847143503,39.8175356098275,1494.4031982421875,rain,rain,0.45268034581796507,0.0,0.547319654182035,0.0,0.0,1.0
-120.2505283,39.371159,2037.4736328125,snow,rain,0.0,0.0,1.0,1.0,0.0,0.0
-119.966715,39.2520868,2016.028076171875,rain,rain,0.3383899989734979,0.0,0.661610001026502,0.0,0.0,1.0
-120.035046387566,38.8779910644262,1940.87255859375,rain,rain,0.010132104835224311,0.0,0.9898678951647756,0.0,0.0,1.0
-119.892338692897,38.9799092704236,2223.889892578125,rain,rain,0.025058580566440784,0.0,0.9749414194335592,0.0,0.0,1.0
-120.0079221,38.9239295,1905.078125,rain,rain,0.0,0.03978891951371755,0.9602110804862825,0.0,0.0,1.0
-120.04011485117,38.8749426316339,1961.5,rain,rain,0.0,0.03168525246510033,0.9683147475348998,0.0,0.0,1.0
-120.101078501795,39.211696863509,1969.9854736328125,rain,rain,0.0,0.04429361121960307,0.9557063887803969,0.0,0.0,1.0
-119.872961,39.11942,1973.446044921875,rain,rain,0.0,0.40969158490737023,0.5903084150926298,0.0,0.0,1.0
-120.208274981517,39.3260215114758,1842.712646484375,rain,rain,0.0,6.476947315082084e-08,0.9999999352305269,0.0,0.0,1.0
-120.208241992995,39.3259942199884,1842.712646484375,rain,rain,0.0,6.47889725749418e-08,0.9999999352110275,0.0,0.0,1.0
-120.083786543402,39.2280839161381,1958.6190185546875,rain,rain,0.0,0.059206078334854785,0.9407939216651453,0.0,0.0,1.0
-119.950861292572,39.2729027816653,2182.246337890625,mix,mix,0.0,0.9748800800268644,0.025119919973135507,0.0,1.0,0.0
-119.947634031232,39.2793785273787,2401.43505859375,mix,mix,0.0,0.9765479868183965,0.023452013181603476,0.0,1.0,0.0
-120.175707665735,39.352929225782,1832.049560546875,rain,rain,0.0,0.0,1.0,0.0,0.0,1.0
-120.175274939914,39.353193147959,1832.049560546875,rain,rain,0.0,0.0,1.0,0.0,0.0,1.0
-120.166534145177,39.1421100185962,1993.328857421875,rain,rain,0.0,0.0,1.0,0.0,0.0,1.0
-119.8859762,38.9648319,2233.260009765625,rain,rain,0.0,0.0,1.0,0.0,0.0,1.0
-119.966715,39.2520868,2016.028076171875,rain,rain,0.0,0.0,1.0,0.0,0.0,1.0
-120.369856,39.5838797,1511.8182373046875,rain,rain,0.0,0.0,1.0,0.0,0.0,1.0
-120.4688263,39.8056201,1484.389892578125,rain,rain,0.0,0.0,1.0,0.0,0.0,1.0
-120.9688059,38.6639048,416.0556945800781,rain,rain,0.0,0.0,1.0,0.0,0.0,1.0
-120.083901111449,39.227915188292,1958.6190185546875,rain,rain,0.0,0.0,1.0,0.0,0.0,1.0
-119.9957592,38.8540036,1980.7945556640625,rain,rain,0.0,0.0,1.0,0.0,0.0,1.0
-120.214662206664,39.3492180712726,1931.019287109375,rain,rain,0.0,0.0,1.0,0.0,0.0,1.0
-120.4688263,39.8056201,1484.389892578125,rain,rain,0.0,0.0,1.0,0.0,0.0,1.0
-120.0079458,38.923902,1905.078125,rain,rain,0.0,0.0,1.0,0.0,0.0,1.0
-119.9544669,38.9339935,1916.7115478515625,rain,rain,0.0,0.0,1.0,0.0,0.0,1.0
-120.315847143503,39.8175356098275,1494.4031982421875,rain,rain,0.30155747272286715,0.3333231967344498,0.36511933054268303,0.0,0.0,1.0
-120.9687989,38.6639063,416.0556945800781,rain,rain,0.20840682624687076,0.1873039705353504,0.6042892032177788,0.0,0.0,1.0
-120.388541727795,39.3333333333333,2179.795654296875,mix,snow,0.9370709001129157,0.0,0.0629290998870842,0.0,1.0,0.0
-120.450687595648,39.3153153153153,1881.439697265625,snow,mix,0.0,0.9466659197371773,0.05333408026282269,1.0,0.0,0.0
-120.082356604528,39.2268609896317,1907.204345703125,rain,mix,0.2967824454712486,0.3915652689966989,0.31165228553205254,0.0,0.0,1.0
-120.151448147985,38.0847253342059,1445.6558837890625,rain,rain,0.1189936122911215,0.11715796690852741,0.7638484208003512,0.0,0.0,1.0
-120.0209159,38.8534967,1926.832763671875,rain,rain,0.1735049937161792,0.18077247521934495,0.6457225310644759,0.0,0.0,1.0
-119.979308314871,38.9445694399843,1898.4395751953125,rain,rain,0.0,0.07135181996065058,0.9286481800393493,0.0,0.0,1.0
-119.9522374,39.2714268,2182.246337890625,mix,rain,0.0,0.0,1.0,0.0,1.0,0.0
-120.315847143503,39.8175356098275,1494.4031982421875,rain,rain,0.0,0.032054102835601915,0.967945897164398,0.0,0.0,1.0
-119.997886492301,38.8523573405143,1980.7945556640625,rain,rain,0.0,0.044884492585014306,0.9551155074149857,0.0,0.0,1.0
-120.4689691,39.8056035,1484.389892578125,rain,rain,0.0,0.02798603321512522,0.9720139667848747,0.0,0.0,1.0
-119.9937447,39.5097951,1494.7957763671875,rain,mix,0.0,0.5050856499216809,0.4949143500783192,0.0,0.0,1.0
-120.352450559411,38.0360723823585,984.2950439453125,rain,rain,0.0,0.1488729139927717,0.8511270860072283,0.0,0.0,1.0
-120.151468940897,38.0850048187882,1445.6558837890625,rain,rain,0.009521393275181662,0.009429600352401769,0.9810490063724165,0.0,0.0,1.0
-119.9548114,38.9266929,1916.7115478515625,rain,rain,0.005470173544869587,0.006027123495451367,0.988502702959679,0.0,0.0,1.0
-119.97078139509,39.6875531456063,1549.4569091796875,rain,rain,0.034285178941114686,0.03604045315023386,0.9296743679086514,0.0,0.0,1.0
-119.948384391311,39.0199746345686,1914.71337890625,rain,rain,0.009688629270763704,0.01058977010084376,0.9797216006283925,0.0,0.0,1.0
-120.221087240786,38.047335925846,1300.3265380859375,rain,rain,0.006501955960209705,0.0064371608660936,0.9870608831736968,0.0,0.0,1.0
-119.996471233849,38.8704665930965,1950.8565673828125,rain,rain,0.00731659886393303,0.008067820219454456,0.9846155809166126,0.0,0.0,1.0
-120.966575784591,39.2609180322384,928.4439086914062,rain,rain,0.0,0.0,1.0,0.0,0.0,1.0
-119.449704811088,38.3781787706897,2062.251220703125,mix,snow,0.9838164409921051,0.0,0.016183559007894973,0.0,1.0,0.0
-119.434085050709,38.3457620535403,2196.695068359375,snow,mix,0.0,0.984476792095013,0.015523207904987017,1.0,0.0,0.0
-120.4689691,39.8056035,1484.389892578125,rain,rain,0.026953287988950133,0.02810018893750867,0.9449465230735411,0.0,0.0,1.0
-120.711254819829,38.7306990362806,794.8796997070312,rain,rain,0.0,0.05351016168975841,0.9464898383102416,0.0,0.0,1.0
-120.352475077058,38.0360740739984,984.2950439453125,rain,rain,0.011926701680887854,0.01187352537179292,0.9761997729473192,0.0,0.0,1.0
-120.0119037,38.9320955,1899.7607421875,rain,rain,0.0005484586447223718,0.004847330309170087,0.9946042110461075,0.0,0.0,1.0
-119.980816151747,38.939626661865,1908.990234375,rain,rain,0.0011428284549959576,0.012485647904795298,0.9863715236402087,0.0,0.0,1.0
-120.0977334,39.2027165,1929.392578125,rain,rain,0.08264740020647852,0.09180792027691412,0.8255446795166074,0.0,0.0,1.0
-119.8153545,39.5259071,1377.3780517578125,snow,rain,0.0,0.04265526158994701,0.957344738410053,1.0,0.0,0.0
-120.221087897405,38.0473365031613,1300.3265380859375,rain,rain,0.0,0.0,1.0,0.0,0.0,1.0
-119.749527031127,38.9503541740089,1446.9903564453125,mix,rain,0.006351734294104017,0.0,0.993648265705896,0.0,1.0,0.0
-120.9688088,38.6639114,416.0556945800781,rain,rain,0.0,0.09031142424283821,0.9096885757571618,0.0,0.0,1.0
-119.870860325934,38.9750849082921,2201.280517578125,rain,rain,0.008096913613070803,0.240159921424164,0.7517431649627652,0.0,0.0,1.0
-119.858210252897,37.8758184449495,1410.0882568359375,rain,rain,0.0,0.043503516743374826,0.9564964832566253,0.0,0.0,1.0
-119.777943323023,39.3828687650019,1549.0029296875,rain,snow,0.5464368227817917,0.062172613561997936,0.39139056365621044,0.0,0.0,1.0
-119.68778376268,38.9157261075614,1515.9644775390625,rain,mix,0.006782423483691345,0.7342616989991779,0.25895587751713073,0.0,0.0,1.0
-120.0176511,38.9149483,1933.13525390625,rain,rain,0.0006309151671989948,0.0055355023281889555,0.9938335825046121,0.0,0.0,1.0
-120.352458024062,38.0360726163357,984.2950439453125,rain,rain,0.0,0.0,1.0,0.0,0.0,1.0
-120.9688166,38.6639085,416.0556945800781,rain,rain,0.0,0.14990443005061094,0.850095569949389,0.0,0.0,1.0
-119.687777658194,38.9157293429617,1515.9644775390625,rain,rain,0.0,0.04058856607677329,0.9594114339232267,0.0,0.0,1.0
-120.2260859,37.8590314,849.531494140625,rain,rain,0.0,0.01706460310629882,0.9829353968937011,0.0,0.0,1.0
-119.949867053924,38.9518299697479,1912.7274169921875,rain,rain,0.0,0.13970876506256885,0.8602912349374311,0.0,0.0,1.0
-119.749527031127,38.9503541740089,1446.9903564453125,rain,rain,0.0,0.04508743764117296,0.9549125623588269,0.0,0.0,1.0
-119.9937714,39.518095,1494.7957763671875,rain,rain,0.0,0.0,1.0,0.0,0.0,1.0
-120.221089263684,38.0473355826808,1300.3265380859375,rain,rain,0.0,0.011675712646169699,0.9883242873538303,0.0,0.0,1.0
-119.9185168,39.6282631,1576.6732177734375,rain,rain,0.0,0.0,1.0,0.0,0.0,1.0
-119.997437358795,38.8523315265125,1980.7945556640625,mix,rain,0.0,0.0,1.0,0.0,1.0,0.0
-120.352451123752,38.0360724154146,984.2950439453125,rain,rain,0.0,0.011005072020655883,0.9889949279793442,0.0,0.0,1.0
-119.996471233849,38.8704665930965,1950.8565673828125,rain,mix,0.0,0.9288011657758954,0.07119883422410465,0.0,0.0,1.0
-119.7514451,39.181765,1429.7259521484375,rain,rain,0.0,0.07342104295203922,0.9265789570479608,0.0,0.0,1.0
-119.889253895854,38.9763548997796,2223.889892578125,rain,rain,0.0,0.0775846865634498,0.9224153134365503,0.0,0.0,1.0
-119.825594649794,39.5148863015957,1390.4053955078125,rain,rain,0.0,0.0,1.0,0.0,0.0,1.0
-120.9688199,38.6638995,416.0556945800781,rain,rain,0.0,0.0,1.0,0.0,0.0,1.0
-120.352450369836,38.0360723911848,984.2950439453125,rain,rain,0.0,0.0,1.0,0.0,0.0,1.0
-119.70937721003,39.5456396634579,1341.52783203125,rain,rain,0.0,0.0,1.0,0.0,0.0,1.0
-119.979310211674,38.9445682780871,1898.4395751953125,rain,rain,0.0,0.0,1.0,0.0,0.0,1.0
-119.870957521448,38.975046479152,2201.280517578125,rain,rain,0.0,0.0,1.0,0.0,0.0,1.0
-119.871599765525,39.5313536976581,1503.12060546875,rain,rain,0.0,0.0,1.0,0.0,0.0,1.0
-119.8307643,39.5580172,1477.43408203125,rain,rain,0.0,0.0,1.0,0.0,0.0,1.0
-120.166534145177,39.1421100185962,1993.328857421875,rain,rain,0.0,0.0,1.0,0.0,0.0,1.0
-119.8296797,39.5589172,1477.43408203125,rain,rain,0.0,0.0,1.0,0.0,0.0,1.0
-119.8199388,39.5391687,1401.09716796875,rain,rain,0.0,0.0,1.0,0.0,0.0,1.0
-119.750202834452,39.1853969569019,1433.7567138671875,rain,rain,0.0,0.0,1.0,0.0,0.0,1.0
-120.0079354,38.9238095,1905.078125,rain,rain,0.0,0.0,1.0,0.0,0.0,1.0
-119.948384391311,39.0199746345686,1914.71337890625,rain,rain,0.0,0.0,1.0,0.0,0.0,1.0
-120.4689673,39.8055886,1484.389892578125,rain,rain,0.0,0.0,1.0,0.0,0.0,1.0
-119.70937721003,39.5456396634579,1341.52783203125,rain,rain,0.0,0.0,1.0,0.0,0.0,1.0
-119.8108277,39.527294,1370.511474609375,rain,rain,0.0,0.0,1.0,0.0,0.0,1.0
-119.996471233855,38.8704665930953,1950.8565673828125,rain,rain,0.0,0.0,1.0,0.0,0.0,1.0
-119.964828612361,39.5243844392693,1480.8189697265625,rain,rain,0.0,0.0,1.0,0.0,0.0,1.0
-119.8708076,39.5248179,1486.023193359375,rain,rain,0.0,0.0,1.0,0.0,0.0,1.0
-119.925299372724,39.8472081791592,1491.7423095703125,rain,rain,0.0,0.0,1.0,0.0,0.0,1.0
-119.8680494,39.6025641,1591.5308837890625,rain,rain,0.0,0.0,1.0,0.0,0.0,1.0
-119.749527031127,38.9503541740089,1446.9903564453125,rain,rain,0.0,0.0,1.0,0.0,0.0,1.0
-119.979308134088,38.9445692537095,1898.4395751953125,rain,rain,0.0,0.0,1.0,0.0,0.0,1.0
-120.2695864989,38.0241040528587,858.2250366210938,rain,rain,0.0,0.0,1.0,0.0,0.0,1.0
-119.8680494,39.6025641,1591.5308837890625,rain,rain,0.0,0.0,1.0,0.0,0.0,1.0
-120.4689842,39.8056023,1484.389892578125,rain,rain,0.0,0.0,1.0,0.0,0.0,1.0
-119.8693022,39.6024037,1591.5308837890625,rain,rain,0.0,0.0,1.0,0.0,0.0,1.0
-119.979318192764,38.9445750927773,1898.4395751953125,rain,rain,0.0,0.0,1.0,0.0,0.0,1.0
-120.9688169,38.6639084,416.0556945800781,rain,rain,0.0,0.0,1.0,0.0,0.0,1.0
-119.8693006,39.602466,1591.5308837890625,rain,rain,0.0,0.0,1.0,0.0,0.0,1.0
-120.4689842,39.8056023,1484.389892578125,rain,rain,0.0,0.0,1.0,0.0,0.0,1.0
-120.689663457493,38.695364799144,809.8617553710938,rain,mix,0.0,0.7678050872930522,0.2321949127069478,0.0,0.0,1.0
-119.869172,39.602366,1591.5308837890625,rain,mix,0.0,0.7367837111413023,0.26321628885869774,0.0,0.0,1.0
-119.979308458542,38.9445698025621,1898.4395751953125,mix,rain,0.0,0.0,1.0,0.0,1.0,0.0
-119.947021805752,38.9609335976648,1902.406005859375,rain,mix,0.11175537145431932,0.8680427432916951,0.020201885253985565,0.0,0.0,1.0
-119.869172,39.602366,1591.5308837890625,rain,snow,0.7387480877169269,0.11290748639414673,0.14834442588892643,0.0,0.0,1.0
-119.996409382017,38.8705351876161,1950.8565673828125,mix,rain,0.07546961774642336,0.0,0.9245303822535768,0.0,1.0,0.0
-120.083907567086,39.2279058847943,1958.6190185546875,snow,rain,0.09313925720313573,0.2676144076613477,0.6392463351355167,1.0,0.0,0.0
-120.315847143503,39.8175356098275,1494.4031982421875,snow,rain,0.24023231149468754,0.09529333656661264,0.6644743519386999,1.0,0.0,0.0
-119.980816075979,38.9396264783452,1908.990234375,rain,mix,0.01162534256656702,0.9871045293217704,0.0012701281116625836,0.0,0.0,1.0
-119.9667622,39.251946,2016.028076171875,snow,rain,0.0,0.48663894927108037,0.5133610507289196,1.0,0.0,0.0
-120.4689801,39.8056039,1484.389892578125,rain,snow,0.4914821487178228,0.2565493074912697,0.25196854379090755,0.0,0.0,1.0
-119.947021805752,38.9609335976648,1902.406005859375,mix,rain,0.013345144802758082,0.0,0.9866548551972418,0.0,1.0,0.0
-119.8693177,39.6024241,1591.5308837890625,rain,rain,0.07508518175616968,0.21243547229629117,0.7124793459475391,0.0,0.0,1.0
-120.0977096,39.2027099,1929.392578125,rain,mix,0.1453920371769932,0.5910078476123848,0.26360011521062204,0.0,0.0,1.0
-119.949419752184,39.0195374050135,1914.71337890625,mix,mix,0.18463096512164853,0.6053124614476535,0.21005657343069792,0.0,1.0,0.0
-119.991014568269,38.938857611872,1899.174560546875,mix,snow,0.5353108452350379,0.36696324814566617,0.09772590661929592,0.0,1.0,0.0
-120.315847143503,39.8175356098275,1494.4031982421875,rain,rain,0.012354828361765798,0.030810820253412623,0.9568343513848216,0.0,0.0,1.0
-120.4689644,39.8055793,1484.389892578125,rain,rain,0.012134871570167901,0.029569778867652153,0.95829534956218,0.0,0.0,1.0
-119.687777658194,38.9157293429617,1515.9644775390625,rain,mix,0.2588494303963169,0.5913939148367642,0.14975665476691885,0.0,0.0,1.0
-120.000900371656,38.8672899970718,1948.97900390625,snow,mix,0.0,0.891747118500431,0.10825288149956909,1.0,0.0,0.0
-119.9685137,39.2517478,2016.028076171875,snow,snow,0.741735744420214,0.2582642555797861,0.0,1.0,0.0,0.0
-120.4276611,39.6602709,1508.321533203125,mix,snow,1.0,0.0,0.0,0.0,1.0,0.0
-119.997437358795,38.8523315265125,1980.7945556640625,snow,snow,0.8531135989888334,0.1468864010111666,0.0,1.0,0.0,0.0
-120.428171,39.6475812,1504.4288330078125,snow,mix,0.0007836507436891846,0.9992163492563109,0.0,1.0,0.0,0.0
-120.428171,39.6475812,1504.4288330078125,mix,snow,0.9908732401935081,0.0,0.009126759806491924,0.0,1.0,0.0
-119.9583953,39.2534626,2003.246337890625,snow,mix,0.343780888647722,0.5502596359717451,0.1059594753805329,1.0,0.0,0.0
-120.4687353,39.8056398,1484.389892578125,snow,mix,0.0528726243160315,0.9393300283567668,0.007797347327201692,1.0,0.0,0.0
-120.221037853145,38.0473723878606,1300.3265380859375,rain,snow,0.7186737837042484,0.28132621629575166,0.0,0.0,0.0,1.0
-120.478426627571,39.8766911200971,1795.1607666015625,snow,snow,0.7329831998409096,0.21996977019705524,0.047047029962035206,1.0,0.0,0.0
-120.000900371656,38.867289997068,1948.97900390625,snow,snow,0.9987515528629495,0.0,0.0012484471370505033,1.0,0.0,0.0
-119.996472570696,38.8704662735215,1950.8565673828125,snow,snow,0.9986364943725891,0.0,0.0013635056274109306,1.0,0.0,0.0
-120.2521743,39.6769706,1501.8465576171875,snow,snow,0.6897415199456487,0.2732596556228212,0.03699882443153022,1.0,0.0,0.0
-119.976169188585,38.929785617327,1906.9375,snow,snow,0.9005582607282585,0.0,0.09944173927174157,1.0,0.0,0.0
-119.893583980128,38.9719348928273,2218.673828125,rain,snow,0.9991895011343476,0.0,0.0008104988656524299,0.0,0.0,1.0
-120.4366018,39.6346897,1539.6514892578125,snow,mix,0.24143690334348547,0.7543847407999303,0.004178355856584151,1.0,0.0,0.0
-120.421662,39.6046121,1505.2830810546875,mix,snow,0.996863792391286,0.0,0.0031362076087140724,0.0,1.0,0.0
-120.0176903,38.9150915,1933.13525390625,snow,snow,0.9565497178309749,0.0,0.04345028216902515,1.0,0.0,0.0
-120.3885376,39.5823479,1554.5723876953125,snow,mix,0.260480368808362,0.7338011664356022,0.0057184647560357274,1.0,0.0,0.0
-119.997437358795,38.8523315265125,1980.7945556640625,snow,snow,0.9930174238465587,0.0,0.006982576153441282,1.0,0.0,0.0
-120.014277633444,39.2318855168728,1982.2445068359375,rain,snow,0.8246941109056153,0.0,0.17530588909438474,0.0,0.0,1.0
-119.892461043062,38.979863221352,2223.889892578125,snow,rain,0.022739425813487868,0.0,0.9772605741865122,1.0,0.0,0.0
-119.984765824251,38.9293766129349,1904.6231689453125,snow,snow,1.0,0.0,0.0,1.0,0.0,0.0
-120.003065477003,38.9132593181877,1912.7034912109375,snow,snow,1.0,0.0,0.0,1.0,0.0,0.0
-119.996472570696,38.8704662735215,1950.8565673828125,snow,snow,1.0,0.0,0.0,1.0,0.0,0.0
-120.0079354,38.9238095,1905.078125,snow,snow,1.0,0.0,0.0,1.0,0.0,0.0
-119.980819794713,38.9396332005439,1908.990234375,snow,snow,1.0,0.0,0.0,1.0,0.0,0.0
-120.9688152,38.6639057,416.0556945800781,rain,snow,0.8148277101137575,0.11731134047294901,0.06786094941329343,0.0,0.0,1.0
-120.452870773428,39.664084777033,1538.229736328125,snow,rain,0.22117466833875596,0.08956210149546466,0.6892632301657794,1.0,0.0,0.0
-119.984765824251,38.9293766129349,1904.6231689453125,snow,snow,0.9972179954369891,0.0018649207133159679,0.0009170838496950049,1.0,0.0,0.0
-120.0079354,38.9238095,1905.078125,snow,snow,0.997188459367499,0.0018680467320803516,0.0009434939004206299,1.0,0.0,0.0
-120.153042205522,39.1477171860886,1921.7603759765625,snow,snow,0.9964647523925807,0.0031243138683102164,0.00041093373910915554,1.0,0.0,0.0
-120.1611273,39.1393728,1993.328857421875,snow,snow,0.9967076530634339,0.0028805936243259432,0.00041175331224015295,1.0,0.0,0.0
-120.4687353,39.8056398,1484.389892578125,rain,snow,0.9315154994537491,0.057764811552711154,0.010719688993539622,0.0,0.0,1.0
-120.1737544,39.3386215,1811.2808837890625,mix,snow,0.9989581015019826,0.0,0.001041898498017433,0.0,1.0,0.0
-120.175764695223,39.3532420854396,1832.049560546875,snow,mix,0.01328898225256712,0.9856292354656679,0.0010817822817649806,1.0,0.0,0.0
-120.947877946266,39.9366406817279,1042.9046630859375,rain,snow,0.724553162762036,0.0,0.27544683723796404,0.0,0.0,1.0
-120.01427640107,39.2318811102997,1982.2445068359375,snow,snow,0.9933107872547039,0.0,0.006689212745296142,1.0,0.0,0.0
-120.1219843,39.2758357,2014.140380859375,snow,snow,0.9679023938970021,0.0,0.032097606102997916,1.0,0.0,0.0
-119.9667472,39.2521039,2016.028076171875,snow,snow,0.9992205310999539,0.0,0.000779468900045993,1.0,0.0,0.0
-120.711252582269,38.7306991763508,794.8796997070312,rain,mix,0.009050265171487324,0.9909497348285127,0.0,0.0,0.0,1.0
-119.996472570696,38.8704662735215,1950.8565673828125,snow,snow,1.0,0.0,0.0,1.0,0.0,0.0
-119.997437358795,38.8523315265125,1980.7945556640625,snow,snow,1.0,0.0,0.0,1.0,0.0,0.0
-119.977768034496,38.904582770859,1942.3338623046875,snow,snow,1.0,0.0,0.0,1.0,0.0,0.0
-120.083914013351,39.2277080423352,1958.6190185546875,snow,snow,1.0,0.0,0.0,1.0,0.0,0.0
-119.916733105753,38.9229581642861,2636.375244140625,snow,snow,1.0,0.0,0.0,1.0,0.0,0.0
-119.947021519747,38.9609339981402,1902.406005859375,snow,snow,1.0,0.0,0.0,1.0,0.0,0.0
-119.97931281651,38.9445600804044,1898.4395751953125,snow,snow,1.0,0.0,0.0,1.0,0.0,0.0
-119.994,39.5182113,1494.7957763671875,rain,rain,0.1145060646002673,0.0,0.8854939353997326,0.0,0.0,1.0
-120.1087965,39.345797,1855.036376953125,snow,snow,0.9129743718703627,0.0,0.08702562812963731,1.0,0.0,0.0
-119.9736271,39.2526428,2000.5023193359375,snow,snow,0.9992204904770503,0.0,0.0007795095229497241,1.0,0.0,0.0
-119.950286915505,39.5247882189641,1538.666748046875,rain,rain,0.10131464626602447,0.0,0.8986853537339754,0.0,0.0,1.0
-120.250538,39.371154,2037.4736328125,snow,snow,0.8778626262940867,0.0,0.12213737370591327,1.0,0.0,0.0
-120.686129579416,38.7394797751446,892.43505859375,mix,rain,0.009726688229653209,0.0,0.9902733117703468,0.0,1.0,0.0
-119.98992652777,38.8812288145381,1952.5621337890625,snow,snow,1.0,0.0,0.0,1.0,0.0,0.0
-119.9620046,39.2541653,2003.246337890625,snow,snow,0.9987100563462935,0.000770111299233772,0.0005198323544726891,1.0,0.0,0.0
-120.175764695223,39.3532420854396,1832.049560546875,snow,snow,0.795518550812789,0.0667858502972476,0.13769559888996344,1.0,0.0,0.0
-119.950286915505,39.5247882189641,1538.666748046875,rain,rain,0.1630517765656026,0.07835483344309627,0.758593389991301,0.0,0.0,1.0
-119.837082600473,39.3753826500393,1771.3431396484375,mix,snow,0.6170037326802367,0.0,0.3829962673197634,0.0,1.0,0.0
-120.478426627571,39.8766911200971,1795.1607666015625,snow,snow,0.5572894396761223,0.10686017836428098,0.33585038195959677,1.0,0.0,0.0
-119.863556720346,38.9814166392586,1990.3128662109375,snow,snow,1.0,0.0,0.0,1.0,0.0,0.0
-119.98992652777,38.8812288145381,1952.5621337890625,snow,snow,1.0,0.0,0.0,1.0,0.0,0.0
-119.880916025802,39.5100365347969,1483.864501953125,rain,rain,0.14933632641434752,0.11751477067570341,0.7331489029099492,0.0,0.0,1.0
-119.947021519747,38.9609339981402,1902.406005859375,snow,snow,1.0,0.0,0.0,1.0,0.0,0.0
-119.9667766,39.2519855,2016.028076171875,snow,snow,0.998759341316361,0.0007313439300114513,0.0005093147536275698,1.0,0.0,0.0
-119.979312812178,38.9445600693462,1898.4395751953125,snow,snow,1.0,0.0,0.0,1.0,0.0,0.0
-120.0976678,39.2027579,1929.392578125,snow,snow,0.9932197263283891,0.00678027367161088,0.0,1.0,0.0,0.0
-119.892338692897,38.9799092704236,2223.889892578125,snow,snow,1.0,0.0,0.0,1.0,0.0,0.0
-119.870856654721,38.9750849065682,2201.280517578125,snow,snow,1.0,0.0,0.0,1.0,0.0,0.0
-120.083902243386,39.2279118712833,1958.6190185546875,snow,snow,0.9907730681097114,0.009226931890288517,0.0,1.0,0.0,0.0
-120.1425423,39.176072,1991.058837890625,snow,snow,1.0,0.0,0.0,1.0,0.0,0.0
-119.7670933,39.178978,1440.6163330078125,rain,rain,0.39655506755742964,0.06412765954007539,0.539317272902495,0.0,0.0,1.0
-120.227334015588,39.3230067683909,1812.56787109375,mix,mix,0.12311449628280315,0.8590213310906806,0.017864172626516264,0.0,1.0,0.0
-120.176909585419,39.3354179063646,1818.37109375,mix,mix,0.14928135303908566,0.8307428594353296,0.019975787525584657,0.0,1.0,0.0
-119.977535537504,38.9343701929853,1906.9375,snow,snow,0.899258927469929,0.025299809481840088,0.07544126304823105,1.0,0.0,0.0
-119.775668702158,39.0890920049372,1463.08984375,rain,rain,0.4484257106067011,0.048709523463277726,0.5028647659300212,0.0,0.0,1.0
-120.083902247269,39.2279117605913,1958.6190185546875,snow,snow,0.5257284346527286,0.37319100144195505,0.1010805639053164,1.0,0.0,0.0
-119.9667766,39.2519855,2016.028076171875,snow,snow,0.5842403330866801,0.2030163910260927,0.2127432758872272,1.0,0.0,0.0
-119.996473288383,38.8704665664151,1950.8565673828125,snow,snow,0.9083054799209154,0.026590652829216285,0.06510386724986837,1.0,0.0,0.0
-119.948369755161,39.020014400432,1914.71337890625,snow,snow,0.7206645022405077,0.05176925457868369,0.22756624318080862,1.0,0.0,0.0
-119.980819736255,38.9396330802717,1908.990234375,snow,snow,0.9874874922791863,0.0,0.012512507720813753,1.0,0.0,0.0
-119.8692747,39.6024301,1591.5308837890625,mix,rain,0.4288743728022336,0.0,0.5711256271977664,0.0,1.0,0.0
-119.997437358795,38.8523315265125,1980.7945556640625,snow,snow,0.9985892547182765,0.0,0.0014107452817234997,1.0,0.0,0.0
-119.870856654721,38.9750849065682,2201.280517578125,snow,snow,0.9704648821045341,0.0,0.029535117895465937,1.0,0.0,0.0
-120.067171644664,39.2487806425606,2091.598876953125,snow,snow,0.9329236310142783,0.01768018632540993,0.04939618266031175,1.0,0.0,0.0
-119.996473288383,38.8704665664151,1950.8565673828125,snow,snow,0.9985485565518176,0.0,0.0014514434481823345,1.0,0.0,0.0
-119.9667766,39.2519855,2016.028076171875,snow,snow,0.9999998318396427,0.0,1.6816035732985394e-07,1.0,0.0,0.0
-119.708529683395,39.5477710236376,1345.26025390625,snow,rain,0.005194447480558159,0.0002673500207642424,0.9945382024986776,1.0,0.0,0.0
-119.808332,39.5093575,1367.3824462890625,rain,rain,0.17049174661996885,0.0553540237798392,0.774154229600192,0.0,0.0,1.0
-119.70937721003,39.5456396634579,1341.52783203125,rain,snow,0.9983480160034103,0.0002663606576696496,0.0013856233389200315,0.0,0.0,1.0
-119.785771023101,39.4854202317251,1348.468505859375,rain,rain,0.1653755087195648,0.03486628991505278,0.7997582013653824,0.0,0.0,1.0
-119.723729966667,39.5766805166667,1358.4312744140625,snow,rain,0.46538589554809956,0.033164370820818044,0.5014497336310824,1.0,0.0,0.0
-119.9667685,39.2520561,2016.028076171875,snow,snow,0.9999998317662628,0.0,1.682337371238599e-07,1.0,0.0,0.0
-119.697261650709,39.5791584443957,1438.1224365234375,mix,mix,0.007458888539593913,0.9925411114604061,0.0,0.0,1.0,0.0
-119.70937721003,39.5456396634579,1341.52783203125,mix,mix,0.008406287528704924,0.9915937124712951,0.0,0.0,1.0,0.0
-119.788729332427,39.4747157968042,1367.4193115234375,mix,mix,0.07569374969312521,0.9243062503068749,0.0,0.0,1.0,0.0
-119.9667961,39.251981,2016.028076171875,snow,mix,0.0,1.0,0.0,1.0,0.0,0.0
-120.7826433,38.5112548,515.516845703125,rain,rain,0.0,0.0,1.0,0.0,0.0,1.0
-120.352452863872,38.036055074912,984.2950439453125,rain,rain,0.0,0.0,1.0,0.0,0.0,1.0
-120.711253004955,38.7306991280419,794.8796997070312,rain,rain,0.0,0.0,1.0,0.0,0.0,1.0
-119.98082925588,38.9396165178163,1908.990234375,snow,snow,1.0,0.0,0.0,1.0,0.0,0.0
-119.94702018293,38.9609327508719,1902.406005859375,snow,snow,1.0,0.0,0.0,1.0,0.0,0.0
-119.892282567872,38.9799012297238,2223.889892578125,snow,snow,1.0,0.0,0.0,1.0,0.0,0.0
-119.997437358795,38.8523315265125,1980.7945556640625,snow,snow,1.0,0.0,0.0,1.0,0.0,0.0
-119.948521489618,39.0198955479299,1914.71337890625,snow,snow,1.0,0.0,0.0,1.0,0.0,0.0
-119.961509767717,39.2518656142952,2003.246337890625,snow,snow,1.0,0.0,0.0,1.0,0.0,0.0
-120.083966111146,39.2279314020322,1958.6190185546875,snow,snow,1.0,0.0,0.0,1.0,0.0,0.0
-119.977767309286,38.9046033611883,1942.3338623046875,snow,snow,1.0,0.0,0.0,1.0,0.0,0.0
-119.956874,39.2505534,2003.246337890625,snow,snow,1.0,0.0,0.0,1.0,0.0,0.0
-119.996483180315,38.8704618301287,1950.8565673828125,snow,snow,1.0,0.0,0.0,1.0,0.0,0.0
-120.162498548921,39.3218978297562,1807.9423828125,snow,snow,0.9973984027925508,0.0026015972074492294,0.0,1.0,0.0,0.0
-119.811089723379,39.3210286980613,1542.5299072265625,snow,snow,0.995990170047733,0.004009829952267023,0.0,1.0,0.0,0.0
-118.3949015,37.3663689,1263.9029541015625,rain,mix,0.000775614376039507,0.7192426587826306,0.27998172684132994,0.0,0.0,1.0
-118.394986186558,37.3662968791496,1263.9029541015625,rain,mix,0.00042742270509499595,0.8547865242230844,0.1447860530718205,0.0,0.0,1.0
-119.94106493202,38.9925897487025,2001.6427001953125,snow,snow,0.9981440539970783,0.0018559460029217182,0.0,1.0,0.0,0.0
-118.3948772,37.3664633,1263.9029541015625,mix,rain,0.0013213930126856547,0.31889052322557654,0.6797880837617378,0.0,1.0,0.0
-118.394977736675,37.3662407161161,1263.9029541015625,mix,rain,0.0006745446068380765,0.2258776216603719,0.7734478337327901,0.0,1.0,0.0
-118.3950286,37.366351,1263.9029541015625,mix,rain,0.0006112204157792016,0.2877018318656134,0.7116869477186075,0.0,1.0,0.0
-118.395264692946,37.3663502309285,1263.9029541015625,mix,mix,0.0035251063990058124,0.6280665146974029,0.3684083789035913,0.0,1.0,0.0
-120.15423612693,39.1440140727822,1921.7603759765625,snow,snow,0.9998441158070777,0.00015588419292243135,0.0,1.0,0.0,0.0
-118.395585104033,37.363845348238,1263.9029541015625,snow,snow,0.9578907288522935,0.02339382190750098,0.01871544924020556,1.0,0.0,0.0
-118.3954588,37.3636742,1263.9029541015625,snow,snow,0.9604703670483042,0.02084424203053939,0.01868539092115638,1.0,0.0,0.0
-120.162360353705,39.1632269694433,1979.08203125,snow,snow,0.9998470307568884,0.00015296924311156553,0.0,1.0,0.0,0.0
-119.984786015282,38.92936170801,1904.6231689453125,snow,snow,0.9979599450552139,0.002040054944786164,0.0,1.0,0.0,0.0
-118.3953538,37.3615271,1263.9029541015625,rain,snow,0.609099278949397,0.26011172437259555,0.13078899667800756,0.0,0.0,1.0
-119.9667764,39.251988,2016.028076171875,snow,snow,0.9977354978395684,0.002264502160431628,0.0,1.0,0.0,0.0
-118.2977908,37.1791954,1210.4710693359375,rain,rain,0.0002308914157268885,0.0,0.9997691085842731,0.0,0.0,1.0
-119.870860325934,38.9750849082921,2201.280517578125,snow,snow,1.0,0.0,0.0,1.0,0.0,0.0
-120.0032926,38.9282595,1900.0968017578125,snow,snow,1.0,0.0,0.0,1.0,0.0,0.0
-118.2893572,37.1602906,1222.360107421875,rain,rain,0.00016137929031541384,0.0,0.9998386207096845,0.0,0.0,1.0
-118.276093729739,37.1387908766633,1201.21435546875,rain,rain,0.0002919661345156077,0.0,0.9997080338654843,0.0,0.0,1.0
-119.818254595469,38.7570504741087,1811.23974609375,snow,snow,1.0,0.0,0.0,1.0,0.0,0.0
-118.2221435,36.8326903,1196.6807861328125,rain,rain,0.0010301580306997479,0.0,0.9989698419693003,0.0,0.0,1.0
-118.24166543441,36.9107086398534,1175.227783203125,rain,rain,0.00029511765115008244,0.0,0.9997048823488499,0.0,0.0,1.0
-118.241200867505,36.8863296001447,1193.6907958984375,rain,rain,0.0002678047597862737,0.0,0.9997321952402137,0.0,0.0,1.0
-120.0177251,38.9148728,1933.13525390625,snow,snow,1.0,0.0,0.0,1.0,0.0,0.0
-119.682351938558,38.9171832553748,1535.7108154296875,snow,snow,1.0,0.0,0.0,1.0,0.0,0.0
-119.961509767717,39.2518656142952,2003.246337890625,snow,snow,1.0,0.0,0.0,1.0,0.0,0.0
-120.1594715,39.3460887,1798.7606201171875,snow,snow,1.0,0.0,0.0,1.0,0.0,0.0
-119.991031098463,38.9388459665701,1899.174560546875,snow,snow,1.0,0.0,0.0,1.0,0.0,0.0
-120.9688056,38.6639011,416.0556945800781,rain,snow,1.0,0.0,0.0,0.0,0.0,1.0
-119.9667764,39.251988,2016.028076171875,snow,snow,1.0,0.0,0.0,1.0,0.0,0.0
-119.950286915505,39.5247882189641,1538.666748046875,snow,snow,0.9600214989380649,0.03997850106193515,0.0,1.0,0.0,0.0
-120.221090735899,38.0473337077547,1300.3265380859375,rain,snow,0.5988945934172883,0.2636611173634818,0.13744428921922983,0.0,0.0,1.0
-119.9396988,38.9912449,2001.6427001953125,snow,snow,0.6813066024660941,0.3186933975339059,0.0,1.0,0.0,0.0
-120.985619,38.6842984,386.9018859863281,rain,snow,0.6047117490105252,0.2747774440381751,0.12051080695129984,0.0,0.0,1.0
-119.402541362598,38.8576835487611,1477.5313720703125,snow,snow,0.8207155320705721,0.17928446792942795,0.0,1.0,0.0,0.0
-119.9522535,39.2714064,2182.246337890625,snow,snow,0.9956930926403955,0.004306907359604494,0.0,1.0,0.0,0.0
-119.682351938558,38.9171832553748,1535.7108154296875,snow,snow,0.7703998449114506,0.22960015508854936,0.0,1.0,0.0,0.0
-119.9667299,39.2521539,2016.028076171875,snow,snow,0.9951385084881351,0.004861491511864859,0.0,1.0,0.0,0.0
-120.006389,38.925977,1900.0968017578125,snow,mix,0.26719858765050913,0.7328014123494908,0.0,1.0,0.0,0.0
-119.9828427,38.9170665,1907.614990234375,mix,mix,0.4802295330291358,0.5197704669708642,0.0,0.0,1.0,0.0
-119.978434703567,38.9339948813057,1906.9375,snow,mix,0.08124055402250516,0.9187594459774948,0.0,1.0,0.0,0.0
-119.984728807015,38.9293672603334,1904.6231689453125,mix,snow,0.7972864421364525,0.20271355786354742,0.0,0.0,1.0,0.0
-119.778260358396,39.3827541693942,1549.0029296875,snow,snow,0.9604431078820094,0.03955689211799064,0.0,1.0,0.0,0.0
-119.870860325934,38.9750849082921,2201.280517578125,snow,snow,0.748000219633958,0.25199978036604204,0.0,1.0,0.0,0.0
-120.175764695223,39.3532420854396,1832.049560546875,snow,snow,0.9747899264445212,0.011171263238679674,0.014038810316799077,1.0,0.0,0.0
-120.1411661,39.1416225,1899.20068359375,snow,snow,0.7896054992056986,0.08803620232741736,0.12235829846688415,1.0,0.0,0.0
-120.000904353466,38.867276884314,1948.97900390625,mix,rain,0.07168061655581545,0.0,0.9283193834441845,0.0,1.0,0.0
-118.057681503199,36.5895734117721,1132.8160400390625,rain,rain,0.005214126505701307,0.0016503501807440732,0.9931355233135547,0.0,0.0,1.0
-118.0363848735,36.4697035375644,1095.5479736328125,rain,rain,0.0038867800016903543,0.0012218203897290767,0.9948913996085806,0.0,0.0,1.0
-119.961509767717,39.2518656142952,2003.246337890625,snow,snow,0.9997365546564607,0.00011247965224623825,0.00015096569129308907,1.0,0.0,0.0
-119.9667299,39.2521539,2016.028076171875,snow,snow,0.999736553741715,0.00011248184610587812,0.00015096441217919313,1.0,0.0,0.0
-118.027967011343,36.2904019905886,1140.2406005859375,rain,rain,0.008239120162209889,0.002567747662676539,0.9891931321751136,0.0,0.0,1.0
-119.996465256532,38.9160797098921,1909.7303466796875,rain,mix,0.0916664729712188,0.9077947727070412,0.0005387543217399194,0.0,0.0,1.0
-120.2505415,39.3711501,2037.4736328125,snow,snow,0.9762379032192281,0.010621450843119025,0.013140645937652873,1.0,0.0,0.0
-119.9667299,39.2521539,2016.028076171875,snow,snow,0.951032321536305,0.0011238705098095833,0.04784380795388529,1.0,0.0,0.0
-120.2057736,39.3263567,1842.712646484375,mix,snow,0.9485477419171222,0.0,0.05145225808287777,0.0,1.0,0.0
-120.955733879709,39.1013720442147,747.3925170898438,rain,rain,0.2617992963643946,0.21005445497170983,0.5281462486638957,0.0,0.0,1.0
-120.269587146158,38.0241030225525,858.2250366210938,rain,rain,0.02709372111559824,0.05359960654599392,0.9193066723384079,0.0,0.0,1.0
-118.2896811,37.172935,1211.5252685546875,rain,snow,0.7874230388193002,0.05586498783077908,0.15671197334992074,0.0,0.0,1.0
-119.85832141068,37.876674840731,1410.0882568359375,rain,rain,0.11563521489142113,0.0737862107471955,0.8105785743613834,0.0,0.0,1.0
-119.950279671089,39.2496556005621,1927.8106689453125,snow,snow,0.8900015291233002,0.0022229650733932515,0.1077755058033066,1.0,0.0,0.0
-120.016551849847,38.8630300402929,1920.9759521484375,rain,mix,0.2221652705971316,0.6863891787530854,0.09144555064978309,0.0,0.0,1.0
-119.978264490598,38.9339823579363,1906.9375,rain,rain,0.0,0.33316506860306955,0.6668349313969304,0.0,0.0,1.0
-120.0208981,38.8534929,1926.832763671875,mix,rain,0.12158126302845927,0.02448011903797263,0.8539386179335682,0.0,1.0,0.0
-119.402541362598,38.8576835487611,1477.5313720703125,mix,rain,0.10030321632450508,0.3266402176518295,0.5730565660236654,0.0,1.0,0.0
-120.214675224271,39.349231712918,1931.019287109375,snow,mix,0.08241649764975732,0.876530747539148,0.041052754811094605,1.0,0.0,0.0
-120.3303978,39.3063895,2170.5810546875,snow,snow,0.45272152997386894,0.33845187100681384,0.20882659901931724,1.0,0.0,0.0
-119.996479650293,38.8704745646136,1950.8565673828125,snow,rain,0.0,0.3177241855268614,0.6822758144731387,1.0,0.0,0.0
-120.2331593,37.8377867,905.19091796875,rain,rain,0.04201711183630562,0.020105527194643105,0.9378773609690514,0.0,0.0,1.0
-120.133978228304,39.1771021694297,1967.627685546875,rain,rain,0.007086953143790789,0.003686916994031881,0.9892261298621773,0.0,0.0,1.0
-120.124250406381,39.0207609429658,1994.9439697265625,mix,rain,0.0,0.12816717205262462,0.8718328279473754,0.0,1.0,0.0
-119.973518639634,38.932520933833,1906.9375,rain,rain,0.0,0.22680685388963878,0.7731931461103612,0.0,0.0,1.0
-119.97723773765,38.9394178642562,1908.990234375,mix,rain,0.0,0.03182200564249815,0.9681779943575017,0.0,1.0,0.0
-120.0032804,38.9282556,1900.0968017578125,rain,rain,0.0,0.07121517947103276,0.9287848205289673,0.0,0.0,1.0
-119.749498519403,38.950296366896,1446.9903564453125,rain,rain,0.0,0.424664246690678,0.5753357533093221,0.0,0.0,1.0
-119.982558734203,38.9019501534241,1932.1414794921875,mix,rain,0.06755858698429386,0.05272145967586865,0.8797199533398375,0.0,1.0,0.0
-120.0079398,38.9237234,1905.078125,rain,rain,0.007277902062620569,0.050317734253127425,0.942404363684252,0.0,0.0,1.0
-119.8177655645,39.5501797702974,1425.5679931640625,rain,rain,0.019479652143890056,0.0,0.98052034785611,0.0,0.0,1.0
-119.9491865,39.2722498,2182.246337890625,rain,snow,0.982707177707549,0.003913699831954471,0.013379122460496577,0.0,0.0,1.0
-120.5676086,38.3786379,625.4950561523438,rain,rain,0.08445104138626446,0.16848589764032296,0.7470630609734127,0.0,0.0,1.0
-119.9607303,39.2558814,2003.246337890625,snow,snow,0.9321236430642468,0.000967595539832775,0.06690876139592047,1.0,0.0,0.0
-119.800549911844,39.5726373252401,1488.3441162109375,rain,rain,0.015167573022950683,0.0,0.9848324269770493,0.0,0.0,1.0
-119.940195077609,38.9357333916554,2027.0845947265625,mix,rain,0.0,0.28053281295912375,0.7194671870408762,0.0,1.0,0.0
-120.686130199683,38.7394732883358,892.43505859375,rain,rain,0.09788196612605155,0.21708909631806764,0.6850289375558808,0.0,0.0,1.0
-119.037039678308,37.6501817803719,2707.43310546875,snow,snow,0.5257907154414737,0.04145650875137368,0.43275277580715266,1.0,0.0,0.0
-119.951773175483,39.5303392077425,1587.759521484375,rain,rain,0.17672104044510217,0.0,0.8232789595548977,0.0,0.0,1.0
-120.142581,39.1760922,1991.058837890625,rain,rain,0.006667811734133571,0.0037300490765250017,0.9896021391893414,0.0,0.0,1.0
-119.836894211505,39.6048192295149,1557.13623046875,rain,rain,0.030089667031759137,0.0,0.9699103329682409,0.0,0.0,1.0
-119.995955272883,38.9127270679351,1909.7303466796875,rain,rain,0.005314689646048223,0.052231573779144023,0.9424537365748078,0.0,0.0,1.0
-119.996465528068,38.9160788845942,1909.7303466796875,rain,rain,0.00440040556536451,0.040673362498432744,0.9549262319362029,0.0,0.0,1.0
-118.635190669466,37.5133598044131,1956.84814453125,snow,snow,0.49563128951940577,0.04789090958801667,0.4564778008925775,1.0,0.0,0.0
-119.7495441115,38.9503754630165,1446.9903564453125,rain,rain,0.01760900231239168,0.24194014979102266,0.7404508478965857,0.0,0.0,1.0
-119.892430480548,38.979858631125,2223.889892578125,mix,mix,0.0,0.53146056953149,0.46853943046850993,0.0,1.0,0.0
-119.979320225834,38.9445930004074,1898.4395751953125,rain,mix,0.0,0.5699330117791525,0.4300669882208475,0.0,0.0,1.0
-119.9667588,39.2521114,2016.028076171875,snow,snow,0.9998347794322716,1.3115220339741914e-05,0.00015210534738872484,1.0,0.0,0.0
-119.9422118,38.9585068,1925.515625,mix,rain,0.0,0.2570094201523026,0.7429905798476975,0.0,1.0,0.0
-119.977765333862,38.9045817966109,1942.3338623046875,rain,rain,0.0,0.21187677902651858,0.7881232209734813,0.0,0.0,1.0
-120.221090735899,38.0473337077547,1300.3265380859375,rain,rain,0.0,0.0031153776568683244,0.9968846223431316,0.0,0.0,1.0
-120.269117830167,38.0564138674839,1192.9775390625,rain,rain,0.0,0.003000147881185099,0.9969998521188149,0.0,0.0,1.0
-120.152384682772,39.1499211571513,1968.499267578125,rain,mix,0.3084677723030149,0.40892907620461777,0.28260315149236725,0.0,0.0,1.0
-119.8708412,39.6474343,1522.3125,rain,rain,0.27480441802832534,0.21677647785252008,0.5084191041191546,0.0,0.0,1.0
-119.9668573,39.2519831,2016.028076171875,snow,snow,0.9998357022988466,1.3192769139592922e-05,0.00015110493201383297,1.0,0.0,0.0
-119.996479650293,38.8704745646136,1950.8565673828125,rain,rain,0.0,0.14848329495733603,0.8515167050426641,0.0,0.0,1.0
-120.371048989565,37.9775494859202,605.9613647460938,rain,rain,0.0,0.013533724647542803,0.9864662753524572,0.0,0.0,1.0
-119.682351587998,38.9171841841604,1535.7108154296875,rain,rain,0.016321452082494674,0.14503210565154706,0.8386464422659583,0.0,0.0,1.0
-120.01427640107,39.2318811102997,1982.2445068359375,mix,snow,0.6972549830000736,0.016427037559187514,0.28631797944073895,0.0,1.0,0.0
-119.777514830563,39.3828170516415,1543.31201171875,rain,rain,0.40078355250681474,0.18320087124492276,0.41601557624826246,0.0,0.0,1.0
-119.9521441,39.2491067,1927.8106689453125,rain,snow,0.9660746364713592,0.029078335972869705,0.004847027555771166,0.0,0.0,1.0
-119.7616946,39.156164,1420.0274658203125,rain,rain,0.4918794508951532,0.0,0.5081205491048468,0.0,0.0,1.0
-120.191644,37.8369298,872.5946044921875,rain,rain,0.0,0.0,1.0,0.0,0.0,1.0
-119.822795548265,39.4175854375786,1609.224365234375,rain,snow,0.84361704595674,0.0,0.15638295404326003,0.0,0.0,1.0
-120.166512877055,39.1419890861303,1993.328857421875,rain,rain,0.17719309829994487,0.383442420939995,0.43936448076006007,0.0,0.0,1.0
-119.749527031127,38.9503541740089,1446.9903564453125,rain,rain,0.001839735081377213,0.0,0.9981602649186229,0.0,0.0,1.0
-120.17333515861,39.3428119371905,1806.0784912109375,rain,snow,0.6794117130199195,0.13720716095353944,0.1833811260265411,0.0,0.0,1.0
-120.800653184756,38.7252293602241,591.1447143554688,rain,rain,0.0,0.07828263435439746,0.9217173656456026,0.0,0.0,1.0
-119.989483100419,38.9245238264619,1907.614990234375,rain,rain,0.0,0.0,1.0,0.0,0.0,1.0
-120.22534735,38.04162245,1151.58544921875,rain,rain,0.0,0.0,1.0,0.0,0.0,1.0
-119.979620452335,38.9332426325446,1906.9375,rain,rain,0.0,0.0,1.0,0.0,0.0,1.0
-120.2505423,39.3711446,2037.4736328125,snow,rain,0.09592563560270106,0.08068669374798898,0.82338767064931,1.0,0.0,0.0
-119.979320225834,38.9445930004074,1898.4395751953125,rain,rain,0.0,0.0,1.0,0.0,0.0,1.0
-119.9295244,39.244271,2005.8486328125,snow,rain,0.08551919176731339,0.049134513247227014,0.8653462949854597,1.0,0.0,0.0
-119.7247854,38.9582254,1460.33154296875,rain,rain,0.002280544154226356,0.0,0.9977194558457736,0.0,0.0,1.0
-119.864743516667,39.5356026333333,1486.790283203125,rain,rain,0.0,0.0,1.0,0.0,0.0,1.0
-119.837072903927,39.3753849691487,1771.3431396484375,snow,snow,0.978659843377556,0.0,0.021340156622444022,1.0,0.0,0.0
-119.830905157287,39.3763157678526,1739.0556640625,snow,snow,0.9769105407968307,0.0,0.023089459203169297,1.0,0.0,0.0
-120.950280544415,39.0953524773977,733.2221069335938,rain,rain,0.12466254917286598,0.09838651912986777,0.7769509316972663,0.0,0.0,1.0
-119.753666440602,39.4301610137846,1367.1973876953125,rain,rain,0.12705717828876045,0.0,0.8729428217112396,0.0,0.0,1.0
-119.823738538921,39.4029292182797,1699.9962158203125,snow,rain,0.3247629741743407,0.0,0.6752370258256593,1.0,0.0,0.0
-119.9936947,39.5180393,1494.7957763671875,rain,rain,0.15256124574981106,0.0,0.847438754250189,0.0,0.0,1.0
-119.835608013772,39.5221567347413,1390.502197265625,rain,rain,0.0,0.0,1.0,0.0,0.0,1.0
-119.7346544,38.9348473,1455.9168701171875,rain,rain,0.0018879141716699843,0.0,0.99811208582833,0.0,0.0,1.0
-119.8693141,39.6024148,1591.5308837890625,rain,rain,0.0,0.0,1.0,0.0,0.0,1.0
-119.70937721003,39.5456396634579,1341.52783203125,rain,rain,0.0,0.0,1.0,0.0,0.0,1.0
-119.7625884,39.4471313,1369.423095703125,rain,rain,0.10216440095558905,0.0,0.8978355990444109,0.0,0.0,1.0
-119.792080770916,39.4796246175548,1367.4193115234375,rain,rain,0.0738761170286949,0.0,0.9261238829713052,0.0,0.0,1.0
-120.360580204639,38.2305058624139,1117.480224609375,rain,rain,0.0,0.0,1.0,0.0,0.0,1.0
-119.733872370705,39.5795016089325,1362.42431640625,rain,rain,0.0,0.0,1.0,0.0,0.0,1.0
-119.9668167,39.2519858,2016.028076171875,rain,snow,0.8598425268609836,0.07973167188643661,0.06042580125257978,0.0,0.0,1.0
-119.996479650293,38.8704745646136,1950.8565673828125,rain,rain,0.0,0.0,1.0,0.0,0.0,1.0
-120.08389225407,39.2279467688141,1958.6190185546875,mix,rain,0.3228486297081449,0.0,0.6771513702918551,0.0,1.0,0.0
-119.799588060318,39.5708483108374,1488.3441162109375,rain,rain,0.0,0.0,1.0,0.0,0.0,1.0
-120.331491921209,39.2947053071477,2380.56396484375,mix,rain,0.0,0.3601240964637689,0.639875903536231,0.0,1.0,0.0
-119.930011468301,39.5227356191154,1500.779541015625,rain,rain,0.0,0.0,1.0,0.0,0.0,1.0
-119.783607730754,39.4748346275086,1354.235107421875,rain,rain,0.0,0.0,1.0,0.0,0.0,1.0
-119.771573416667,39.1208436333333,1467.710205078125,rain,rain,0.06469756954069839,0.05946964477933928,0.8758327856799624,0.0,0.0,1.0
-120.352453044728,38.0360550023787,984.2950439453125,rain,rain,0.15357717890409123,0.09920103994717674,0.7472217811487321,0.0,0.0,1.0
-119.886708438436,39.5263894720794,1489.2386474609375,rain,rain,0.0,0.0,1.0,0.0,0.0,1.0
-119.784996846656,39.46826946771,1358.387451171875,rain,rain,0.0,0.0,1.0,0.0,0.0,1.0
-119.800597431527,39.5721459267155,1488.3441162109375,rain,rain,0.0,0.0,1.0,0.0,0.0,1.0
-119.996479650293,38.8704745646136,1950.8565673828125,rain,snow,0.48624565876244,0.08684341828799741,0.42691092294956257,0.0,0.0,1.0
-119.750161728416,39.1854286919145,1433.7567138671875,rain,rain,0.0004995807109515176,0.0021081297123864105,0.9973922895766621,0.0,0.0,1.0
-119.86701601139,39.5351280111258,1486.790283203125,rain,rain,0.0,0.0,1.0,0.0,0.0,1.0
-119.752636479586,39.4222123409172,1377.5360107421875,rain,rain,0.0,0.023331994330140302,0.9766680056698598,0.0,0.0,1.0
-119.88505385952,39.5322186365505,1516.285888671875,rain,rain,0.0,0.0,1.0,0.0,0.0,1.0
-119.7523813,39.1903684,1433.7567138671875,rain,rain,0.0004839900524607264,0.0023165455480551587,0.9971994643994841,0.0,0.0,1.0
-120.1622914,39.1387663,1920.8233642578125,rain,rain,0.08575737871374713,0.3108143982428993,0.6034282230433535,0.0,0.0,1.0
-119.873377309738,38.9750976924948,2201.280517578125,snow,rain,0.0,0.05757702132719753,0.9424229786728024,1.0,0.0,0.0
-119.8316924,39.6156336,1555.482177734375,rain,rain,0.0,0.0,1.0,0.0,0.0,1.0
-120.334753214956,39.2990553523247,2179.640869140625,mix,rain,0.0,0.29616911797771744,0.7038308820222825,0.0,1.0,0.0
-120.2505423,39.3711446,2037.4736328125,rain,mix,0.0,0.5372551633902845,0.4627448366097156,0.0,0.0,1.0
-119.862183249048,39.5260783449163,1484.758056640625,rain,rain,0.0,0.0,1.0,0.0,0.0,1.0
-119.869297,39.6024451,1591.5308837890625,rain,rain,0.0,0.0,1.0,0.0,0.0,1.0
-119.7824587,39.2959004,1543.263916015625,mix,rain,0.0,0.0,1.0,0.0,1.0,0.0
-119.9502915135,39.5247914406321,1538.666748046875,rain,rain,0.0,0.0,1.0,0.0,0.0,1.0
-120.328048132472,39.2976005003222,2232.354248046875,rain,mix,0.0,0.9968819074498666,0.0031180925501333757,0.0,0.0,1.0
-119.7625557,39.4471213,1369.423095703125,rain,rain,0.0,0.0,1.0,0.0,0.0,1.0
-119.8322515,39.4790745,1471.4849853515625,rain,rain,0.0,0.0,1.0,0.0,0.0,1.0
-119.7584902,39.5027456,1341.24169921875,rain,rain,0.0,0.0,1.0,0.0,0.0,1.0
-119.9668051,39.2519858,2016.028076171875,rain,rain,0.0,0.212438103097009,0.7875618969029909,0.0,0.0,1.0
-119.823693928849,39.4029630101391,1699.9962158203125,snow,rain,0.0,0.07103732942011737,0.9289626705798827,1.0,0.0,0.0
-119.799562135855,39.5708829303249,1488.3441162109375,rain,rain,8.49068683960247e-07,0.0,0.9999991509313161,0.0,0.0,1.0
-119.7473139,39.4249496,1368.7227783203125,rain,rain,0.08088519641914532,0.010102249928759638,0.909012553652095,0.0,0.0,1.0
-119.770852281173,39.4337354066931,1398.550537109375,rain,rain,0.11435841428137776,0.01018064265891442,0.8754609430597078,0.0,0.0,1.0
-119.870860325934,38.9750849082921,2201.280517578125,rain,rain,0.07093845703474311,0.11926598315412258,0.8097955598111344,0.0,0.0,1.0
-119.9135163,39.3045867,2605.041259765625,mix,rain,0.25332645049079067,0.0,0.7466735495092093,0.0,1.0,0.0
-119.8693096,39.6024154,1591.5308837890625,rain,rain,0.029251726363286382,0.0,0.9707482736367136,0.0,0.0,1.0
-119.818254595469,38.7570504741087,1811.23974609375,rain,rain,0.057970364519616825,0.07900701047086005,0.8630226250095231,0.0,0.0,1.0
-119.9502915135,39.5247914406321,1538.666748046875,rain,rain,0.09228995443837328,0.0,0.9077100455616267,0.0,0.0,1.0
-120.083891934837,39.2279469740749,1958.6190185546875,rain,rain,0.11804659849762972,0.35266451112535385,0.5292888903770164,0.0,0.0,1.0
-119.799362942688,39.5709057804566,1488.3441162109375,rain,rain,8.486691308511973e-07,0.0,0.9999991513308691,0.0,0.0,1.0
-119.7512646,39.1907941,1433.7567138671875,rain,rain,0.14966231880227696,0.23576071851564476,0.6145769626820783,0.0,0.0,1.0
-120.711253111332,38.7306989062145,794.8796997070312,rain,rain,0.09060932913925752,0.1171077714566856,0.7922828994040568,0.0,0.0,1.0
-119.709387090832,39.5456547279399,1341.52783203125,rain,rain,0.046925992994704985,0.0,0.953074007005295,0.0,0.0,1.0
-119.8082404,39.5094693,1367.3824462890625,rain,rain,0.07302145872215725,0.0,0.9269785412778427,0.0,0.0,1.0
-119.799054783907,39.5706777268762,1488.3441162109375,rain,rain,0.0,0.0,1.0,0.0,0.0,1.0
-119.979320225834,38.9445930004074,1898.4395751953125,rain,rain,0.0,0.0,1.0,0.0,0.0,1.0
-119.823606995667,39.402982018627,1699.9962158203125,rain,rain,0.0,0.0,1.0,0.0,0.0,1.0
-119.795939662713,39.5053363881234,1350.5325927734375,rain,rain,0.0,0.0,1.0,0.0,0.0,1.0
-119.7460044,39.4253481,1368.7227783203125,rain,rain,0.0,0.0,1.0,0.0,0.0,1.0
-119.9808339,39.5169274,1517.4693603515625,rain,rain,0.0,0.0,1.0,0.0,0.0,1.0
-120.0071235,38.9160355,1912.7034912109375,rain,rain,0.0,0.0,1.0,0.0,0.0,1.0
-119.811089723369,39.3210286980743,1542.5299072265625,mix,mix,0.0,0.9311638523110326,0.06883614768896741,0.0,1.0,0.0
-120.2260768,37.8590237,849.531494140625,rain,rain,0.0,0.0011296758508782835,0.9988703241491217,0.0,0.0,1.0
-120.1834652,39.315619,1849.91650390625,mix,mix,0.0,0.9278437142076196,0.07215628579238045,0.0,1.0,0.0
-120.191644,37.8369312,872.5946044921875,rain,rain,0.0,0.0011012813025057296,0.9988987186974944,0.0,0.0,1.0
-119.892433411887,38.9798606938587,2223.889892578125,snow,rain,0.0,0.0,1.0,1.0,0.0,0.0
-120.497651620826,38.50463655188,1265.690673828125,rain,rain,0.24063329586939913,0.0,0.7593667041306009,0.0,0.0,1.0
-120.0079127,38.9239438,1905.078125,rain,snow,0.9528519771122358,0.0,0.047148022887764186,0.0,0.0,1.0
-120.221090735899,38.0473337077547,1300.3265380859375,rain,rain,0.1716041382230993,0.0,0.8283958617769007,0.0,0.0,1.0
-120.0079127,38.9239438,1905.078125,rain,snow,0.999208681909028,0.0,0.0007913180909720216,0.0,0.0,1.0
-120.2260717,37.8590259,849.531494140625,rain,snow,0.570893776791263,0.0,0.42910622320873704,0.0,0.0,1.0
-119.8692153,39.602361,1591.5308837890625,snow,rain,0.4822581932508154,0.0,0.5177418067491846,1.0,0.0,0.0
-119.979340758005,38.9445892636438,1898.4395751953125,snow,rain,0.002094263051266103,0.0,0.997905736948734,1.0,0.0,0.0
-120.4687576,39.8056458,1484.389892578125,rain,mix,0.0,0.9969805258325074,0.0030194741674926307,0.0,0.0,1.0
-118.635232085691,37.5135105778012,1956.84814453125,rain,mix,0.0,0.52635517439369,0.4736448256063101,0.0,0.0,1.0
-120.4276611,39.6602709,1508.321533203125,mix,rain,0.0,0.0,1.0,0.0,1.0,0.0
-120.4276611,39.6602709,1508.321533203125,rain,snow,0.9529490682554385,0.0,0.04705093174456161,0.0,0.0,1.0
-120.175764695223,39.3532420854396,1832.049560546875,snow,snow,0.9684216778786874,0.0,0.0315783221213126,1.0,0.0,0.0
-120.2505518,39.3711097,2037.4736328125,snow,snow,0.9606189994124532,0.0,0.03938100058754677,1.0,0.0,0.0
-120.9687296,38.6638239,416.0556945800781,rain,snow,0.7365316421854324,0.0,0.2634683578145675,0.0,0.0,1.0
-120.250543,39.3711509,2037.4736328125,snow,mix,0.36432515956175937,0.47442866115576904,0.16124617928247162,1.0,0.0,0.0
-119.820452994446,39.5449311825071,1401.09716796875,rain,snow,0.7787377962053262,0.22126220379467385,0.0,0.0,0.0,1.0
-120.143738330802,39.1679191355631,1916.4578857421875,mix,snow,0.9239767624266594,0.0,0.07602323757334067,0.0,1.0,0.0
-119.9667854,39.2519841,2016.028076171875,snow,mix,0.2471823880644011,0.5963229234309588,0.15649468850464013,1.0,0.0,0.0
-119.996479590594,38.8704762294135,1950.8565673828125,snow,snow,1.0,0.0,0.0,1.0,0.0,0.0
-119.9667854,39.2519841,2016.028076171875,snow,snow,1.0,0.0,0.0,1.0,0.0,0.0
-120.067240571027,39.2488360924853,2091.598876953125,snow,snow,1.0,0.0,0.0,1.0,0.0,0.0
-120.143747512311,39.1679018161115,1916.4578857421875,snow,snow,1.0,0.0,0.0,1.0,0.0,0.0
-119.9667854,39.2519841,2016.028076171875,snow,snow,0.9997332264960861,0.0,0.00026677350391391525,1.0,0.0,0.0
-120.0079262,38.9239883,1905.078125,snow,snow,0.9884173053517974,0.0,0.01158269464820264,1.0,0.0,0.0
-119.268831703262,39.3834391075655,1321.0338134765625,rain,snow,0.7860561837319001,0.0,0.21394381626809983,0.0,0.0,1.0
-119.961519630557,39.2518415825152,2003.246337890625,snow,snow,0.9997307751525171,0.0,0.00026922484748291163,1.0,0.0,0.0
-120.166512900721,39.1419897078675,1993.328857421875,snow,snow,0.9606535418430112,0.0,0.03934645815698883,1.0,0.0,0.0
-119.860708506147,39.5212375793101,1454.2401123046875,rain,snow,0.924369780260796,0.0,0.075630219739204,0.0,0.0,1.0
-119.996479590594,38.8704762294135,1950.8565673828125,snow,snow,0.9894139358572329,0.0,0.01058606414276709,1.0,0.0,0.0
-120.070643621933,39.2378606112774,1922.7923583984375,snow,snow,0.9710689946185057,0.0,0.0289310053814943,1.0,0.0,0.0
-120.2505286,39.3711314,2037.4736328125,snow,snow,0.8886011685151057,0.0,0.11139883148489423,1.0,0.0,0.0
-119.9894092,38.8804442,1952.5621337890625,snow,snow,0.9985201684042725,0.0011349667124586017,0.0003448648832688817,1.0,0.0,0.0
-120.1425813,39.1760873,1991.058837890625,snow,snow,0.8694945589585894,0.10488122185885197,0.0256242191825585,1.0,0.0,0.0
-120.0006089,38.805457,2229.918701171875,snow,snow,0.9947380639540159,0.0035530159915289693,0.0017089200544551802,1.0,0.0,0.0
-120.711252619156,38.7306988832979,794.8796997070312,rain,snow,0.9333373196734014,0.06666268032659871,0.0,0.0,0.0,1.0
-119.996479590594,38.8704762294135,1950.8565673828125,snow,snow,0.9985796972601674,0.0010644516558746217,0.00035585108395798566,1.0,0.0,0.0
-119.9637813,39.2522394,2016.028076171875,snow,snow,0.739959462791041,0.24353397263382265,0.016506564575136357,1.0,0.0,0.0
-120.0027765,38.9278896,1900.0968017578125,snow,snow,0.9834923235789094,0.01323922061010549,0.003268455810985171,1.0,0.0,0.0
-119.9706377,38.7932301,2407.696533203125,snow,snow,0.9944314594107686,0.0038538412350365325,0.0017146993541948096,1.0,0.0,0.0
-119.7456498,39.1408567,1436.6190185546875,mix,snow,0.9828252525221485,0.0,0.017174747477851575,0.0,1.0,0.0
-119.9519511,39.25433,1992.6064453125,snow,snow,0.8995756587216057,0.10042434127839431,0.0,1.0,0.0,0.0
-119.977762689184,38.90458298482,1942.3338623046875,snow,snow,0.5369019594112425,0.4630980405887575,0.0,1.0,0.0,0.0
-119.892432504779,38.9798603174073,2223.889892578125,snow,snow,0.9589286718309518,0.04107132816904828,0.0,1.0,0.0,0.0
-120.000906024926,38.8672722641454,1948.97900390625,mix,snow,0.9990056602678616,0.0009943397321383325,0.0,0.0,1.0,0.0
-119.94687982846,38.9609138667946,1902.406005859375,snow,snow,0.9480391838774063,0.05196081612259374,0.0,1.0,0.0,0.0
-120.4635722,39.8055377,1508.093994140625,snow,snow,0.9999256773956998,7.432260430022837e-05,0.0,1.0,0.0,0.0
-120.4693148,39.8065951,1484.389892578125,snow,snow,0.9999254519435735,7.454805642651952e-05,0.0,1.0,0.0,0.0
-120.982019330253,39.3126996316088,970.83740234375,mix,snow,0.9012699107071236,0.09873008929287647,0.0,0.0,1.0,0.0
-119.9706377,38.79323,2407.696533203125,snow,snow,0.7777760177589508,0.22222398224104928,0.0,1.0,0.0,0.0
-119.941066611414,38.9925883033039,2001.6427001953125,snow,snow,0.9683255841532519,0.031674415846748176,0.0,1.0,0.0,0.0
-120.0255339,38.8160165,2011.33740234375,snow,snow,0.6413524102719825,0.35864758972801747,0.0,1.0,0.0,0.0
-120.315849592777,39.8175422136694,1494.4031982421875,snow,snow,1.0,0.0,0.0,1.0,0.0,0.0
-119.925297305933,39.8472103730349,1491.7423095703125,snow,snow,1.0,0.0,0.0,1.0,0.0,0.0
-119.968330526215,39.69417689178,1549.4569091796875,snow,snow,1.0,0.0,0.0,1.0,0.0,0.0
-120.0079415,38.9237742,1905.078125,snow,snow,1.0,0.0,0.0,1.0,0.0,0.0
-119.757476545628,39.5333677253426,1345.613037109375,snow,snow,1.0,0.0,0.0,1.0,0.0,0.0
-119.6916262,39.6407829,1382.5074462890625,snow,snow,1.0,0.0,0.0,1.0,0.0,0.0
-119.6913535,39.6425062,1382.5074462890625,snow,snow,1.0,0.0,0.0,1.0,0.0,0.0
-119.7046748,39.6658099,1382.35986328125,snow,snow,1.0,0.0,0.0,1.0,0.0,0.0
-119.811710281047,39.547964018923,1414.559814453125,snow,snow,1.0,0.0,0.0,1.0,0.0,0.0
-119.710213759467,39.5464532841478,1345.26025390625,snow,snow,1.0,0.0,0.0,1.0,0.0,0.0
-119.697268540069,39.5547685632223,1362.3389892578125,snow,snow,1.0,0.0,0.0,1.0,0.0,0.0
-119.997440135243,38.8523268965432,1980.7945556640625,snow,rain,0.0,0.0,1.0,1.0,0.0,0.0
-120.982031,39.0433764,689.05712890625,rain,rain,0.07014449746423566,0.0,0.9298555025357643,0.0,0.0,1.0
-120.966639061459,39.2607649221544,928.4439086914062,rain,rain,0.060382849183206855,0.0,0.9396171508167932,0.0,0.0,1.0
-120.5653338,38.7557572,1205.3624267578125,mix,snow,1.0,0.0,0.0,0.0,1.0,0.0
-119.997440135243,38.8523268965432,1980.7945556640625,snow,snow,0.939567802090589,0.060432197909411116,0.0,1.0,0.0,0.0
-119.947014742472,38.9609285766932,1902.406005859375,snow,snow,0.9539317244376834,0.046068275562316595,0.0,1.0,0.0,0.0
-120.5653909,38.7557785,1205.3624267578125,snow,mix,0.0017588191250415275,0.9982411808749585,0.0,1.0,0.0,0.0
-119.996492866266,38.8705432692454,1950.8565673828125,snow,snow,0.6590103870186469,0.3409896129813531,0.0,1.0,0.0,0.0
-120.566888037763,38.7398249269571,1180.2176513671875,mix,snow,0.99930629264622,0.000693707353780086,0.0,0.0,1.0,0.0
-119.9667535,39.2520202,2016.028076171875,snow,snow,0.707411902838805,0.292588097161195,0.0,1.0,0.0,0.0
-120.966867937908,39.260927914928,928.4439086914062,mix,snow,0.6837202918369266,0.31627970816307344,0.0,0.0,1.0,0.0
-119.785130794548,39.4935382828993,1345.801513671875,rain,rain,0.4725958724467834,0.0,0.5274041275532166,0.0,0.0,1.0
-119.892340103007,38.9798936617962,2223.889892578125,snow,snow,0.9902645436635499,0.0,0.009735456336450114,1.0,0.0,0.0
-119.947014742472,38.9609285766932,1902.406005859375,snow,snow,0.9912850976454379,0.0,0.00871490235456206,1.0,0.0,0.0
-119.650791011765,39.3490894198756,2097.31298828125,snow,snow,0.6096517181101949,0.0,0.3903482818898051,1.0,0.0,0.0
-120.3672677,37.9761091,621.4520263671875,rain,snow,0.5718090800863812,0.32383365402687214,0.10435726588674674,0.0,0.0,1.0
-119.753697828125,39.4301422113279,1367.1973876953125,rain,rain,0.36607570631063746,0.0,0.6339242936893627,0.0,0.0,1.0
-120.966655912808,39.2607753286243,928.4439086914062,mix,mix,3.2742162958391404e-08,0.9999937598684785,6.207389358531856e-06,0.0,1.0,0.0
-119.777876454308,39.3827943344252,1549.0029296875,snow,snow,0.7191117868180839,0.0,0.28088821318191626,1.0,0.0,0.0
-120.966693331873,39.2609187869675,928.4439086914062,mix,mix,6.668455978573507e-08,0.9999871430456869,1.2790269753316994e-05,0.0,1.0,0.0
-119.762557,39.4471095,1369.423095703125,rain,rain,0.30891931725563526,0.0,0.6910806827443647,0.0,0.0,1.0
-120.3697727,39.5838523,1511.8182373046875,snow,snow,0.6382016709081253,0.0,0.3617983290918747,1.0,0.0,0.0
-120.966607499274,39.2608317094892,928.4439086914062,mix,mix,2.8780134206925193e-08,0.9999944917814412,5.4794384245772395e-06,0.0,1.0,0.0
-119.9554333,39.2502722,2003.246337890625,snow,snow,0.7988744007516825,0.0,0.20112559924831747,1.0,0.0,0.0
-119.796605134845,39.419021974831,1507.8775634765625,snow,snow,0.7293804303597714,0.0,0.2706195696402286,1.0,0.0,0.0
-119.822795344408,39.4175863744357,1609.224365234375,snow,snow,0.9015815022990811,0.0,0.098418497700919,1.0,0.0,0.0
-119.823719674196,39.4029321155298,1699.9962158203125,snow,snow,0.9147314190086593,0.0,0.08526858099134077,1.0,0.0,0.0
-120.968240879507,39.2851873648225,1025.0782470703125,rain,mix,0.0017639455327260634,0.9982360544672739,0.0,0.0,0.0,1.0
-120.940420361843,39.9470657049268,1056.2681884765625,rain,snow,0.5788928698020598,0.10282416676075072,0.3182829634371896,0.0,0.0,1.0
-119.996489590588,38.8705554896467,1950.8565673828125,snow,snow,0.8035629938730744,0.0,0.1964370061269257,1.0,0.0,0.0
-120.962216007081,39.1076663852746,773.9635009765625,rain,rain,0.3032041273363727,0.19062856091188085,0.5061673117517465,0.0,0.0,1.0
-120.966616192166,39.2608028140086,928.4439086914062,snow,rain,0.00019200965063000813,0.04120642462270266,0.9586015657266674,1.0,0.0,0.0
-119.9619145,39.2539963,2003.246337890625,snow,snow,0.999491132934599,0.0,0.0005088670654010207,1.0,0.0,0.0
-120.973768066409,39.2620104723746,898.4501953125,rain,rain,0.4549688307918524,0.026460648374968254,0.5185705208331794,0.0,0.0,1.0
-120.980604446697,39.2609113342863,898.4501953125,rain,rain,0.19133106149159707,0.03249947301911443,0.7761694654892886,0.0,0.0,1.0
-120.1426063,39.1760685,1991.058837890625,snow,snow,0.8480923392592918,0.0,0.15190766074070822,1.0,0.0,0.0
-120.4689244,39.8056058,1484.389892578125,snow,snow,0.6686889512354711,0.03555969516761864,0.29575135359691035,1.0,0.0,0.0
-120.968244539864,39.2851894759818,1025.0782470703125,mix,rain,0.340975754703326,0.0,0.659024245296674,0.0,1.0,0.0
-120.221092273221,38.0473350780543,1300.3265380859375,snow,rain,0.042559139808441414,0.0,0.9574408601915586,1.0,0.0,0.0
-120.4283812,39.6553667,1506.6434326171875,snow,snow,0.7117413162461659,0.04305350014792589,0.2452051836059082,1.0,0.0,0.0
-119.950291120519,39.5247898994468,1538.666748046875,rain,rain,0.0523923474214337,0.001639568695762752,0.9459680838828035,0.0,0.0,1.0
-119.9668217,39.2520938,2016.028076171875,snow,snow,0.9994980157113927,0.0,0.0005019842886072259,1.0,0.0,0.0
-119.9937751,39.5180856,1494.7957763671875,rain,rain,0.056039267891131964,0.001777231877435046,0.9421835002314329,0.0,0.0,1.0
-120.352396871052,38.0360187949511,984.2950439453125,rain,snow,0.9864284845314054,0.0,0.013571515468594586,0.0,0.0,1.0
-119.869308,39.6024216,1591.5308837890625,snow,rain,0.12883423397431465,0.0,0.8711657660256853,1.0,0.0,0.0
-120.4283812,39.6553667,1506.6434326171875,snow,snow,0.9134366575913075,0.0,0.08656334240869246,1.0,0.0,0.0
-120.315865282724,39.8174917196714,1494.4031982421875,snow,snow,0.9435822478776351,0.0,0.056417752122364884,1.0,0.0,0.0
-120.241885588817,38.0237162097245,1073.251953125,mix,mix,0.1607922538690032,0.7905114841550696,0.04869626197592726,0.0,1.0,0.0
-119.997440135243,38.8523268965432,1980.7945556640625,snow,snow,0.9984643080607766,0.0008718776100096242,0.000663814329213719,1.0,0.0,0.0
-120.968251369245,39.2851902211371,1025.0782470703125,rain,snow,0.9135862982343046,0.0,0.08641370176569535,0.0,0.0,1.0
-119.978391316163,38.9339426345268,1906.9375,snow,snow,0.9897178677249086,0.0,0.010282132275091466,1.0,0.0,0.0
-119.8557463,39.5316428,1470.497802734375,rain,snow,1.0,0.0,0.0,0.0,0.0,1.0
-120.4689244,39.8056058,1484.389892578125,snow,snow,0.9551399563742534,0.0,0.044860043625746616,1.0,0.0,0.0
-120.342585233333,37.9758011833333,652.9702758789062,rain,rain,0.08565210891504262,0.20162171255490074,0.7127261785300566,0.0,0.0,1.0
-120.271688583581,37.9944313652291,922.6795043945312,rain,rain,0.02689656257169441,0.08117826091739377,0.8919251765109119,0.0,0.0,1.0
-120.262754816667,37.9995268166667,908.0507202148438,rain,rain,0.036751464354444735,0.12141756276633986,0.8418309728792153,0.0,0.0,1.0
-120.236281168791,38.0260949684638,1133.3699951171875,mix,mix,0.3775529881253195,0.5941783872976638,0.028268624577016743,0.0,1.0,0.0
-120.229068683333,38.02990735,1143.7000732421875,snow,mix,9.461108826772148e-05,0.9592171386106355,0.040688250301096865,1.0,0.0,0.0
-119.996497587166,38.8704800192795,1950.8565673828125,snow,snow,0.9989104186291045,0.0,0.0010895813708955092,1.0,0.0,0.0
-120.352406065679,38.0360217392566,984.2950439453125,rain,rain,0.11352094287206763,0.25998279779914363,0.6264962593287887,0.0,0.0,1.0
-119.9670804,39.2521248,2016.028076171875,snow,snow,0.7697394977830085,0.0,0.2302605022169915,1.0,0.0,0.0
-119.950291120519,39.5247898994468,1538.666748046875,snow,snow,0.5312595227937331,0.21587760790401456,0.2528628693022523,1.0,0.0,0.0
-119.809919933563,39.4122659253518,1603.588623046875,snow,rain,0.34764875808011086,0.2949905441414451,0.3573606977784441,1.0,0.0,0.0
-119.5885133,39.544241,1394.1448974609375,rain,mix,0.14778550631937665,0.48952335452289186,0.36269113915773155,0.0,0.0,1.0
-119.8693151,39.6023492,1591.5308837890625,snow,rain,0.27684306831405836,0.33351281511354414,0.3896441165723975,1.0,0.0,0.0
-119.7260827,39.5879983,1355.2467041015625,rain,mix,0.016149198589530202,0.8128218830178684,0.17102891839260145,0.0,0.0,1.0
-119.7272205,39.6147262,1378.702880859375,rain,rain,0.04330547314730425,0.47650951749782555,0.4801850093548703,0.0,0.0,1.0
-119.742646234797,39.583468113957,1414.6666259765625,mix,rain,0.023187300825889937,0.11103360923305386,0.8657790899410562,0.0,1.0,0.0
-119.997440135243,38.8523268965432,1980.7945556640625,snow,snow,0.44978221619744346,0.22417586217875013,0.32604192162380646,1.0,0.0,0.0
-119.697299675906,39.5791850073418,1438.1224365234375,mix,rain,0.03296331056423459,0.24238130063168278,0.7246553888040826,0.0,1.0,0.0
-119.9589654,39.2542083,2003.246337890625,snow,snow,1.0,0.0,0.0,1.0,0.0,0.0
-120.4253964,39.6471101,1499.6859130859375,snow,snow,1.0,0.0,0.0,1.0,0.0,0.0
-119.996496916832,38.870479813424,1950.8565673828125,snow,snow,1.0,0.0,0.0,1.0,0.0,0.0
-119.939556848498,39.2425053523878,1933.2171630859375,snow,snow,1.0,0.0,0.0,1.0,0.0,0.0
-119.9667715,39.2520074,2016.028076171875,snow,snow,1.0,0.0,0.0,1.0,0.0,0.0
-119.997440135243,38.8523268965432,1980.7945556640625,snow,snow,1.0,0.0,0.0,1.0,0.0,0.0
-119.9667479,39.2520468,2016.028076171875,snow,snow,1.0,0.0,0.0,1.0,0.0,0.0
-119.9546473,38.9339951,1916.7115478515625,snow,snow,1.0,0.0,0.0,1.0,0.0,0.0
-120.083834278401,39.2279374047441,1958.6190185546875,snow,snow,1.0,0.0,0.0,1.0,0.0,0.0
-119.947015033044,38.9609282243749,1902.406005859375,snow,snow,1.0,0.0,0.0,1.0,0.0,0.0
-119.89243568339,38.979849347107,2223.889892578125,snow,snow,1.0,0.0,0.0,1.0,0.0,0.0
-120.900359428924,39.1503413257169,859.9096069335938,rain,snow,0.6518306119250761,0.29866921613380887,0.04950017194111517,0.0,0.0,1.0
-120.352404686175,38.0360276861142,984.2950439453125,rain,snow,0.972652763328553,0.02000233176569685,0.0073449049057501695,0.0,0.0,1.0
-119.9668201,39.2519815,2016.028076171875,snow,snow,0.9928287295553831,0.0032585517327010792,0.003912718711915824,1.0,0.0,0.0
-120.4689051,39.8056123,1484.389892578125,snow,snow,0.7341051427064098,0.07661221014891272,0.18928264714467757,1.0,0.0,0.0
-120.177000979635,39.3403706275394,1818.37109375,snow,snow,0.921540667899725,0.03082124903449863,0.04763808306577644,1.0,0.0,0.0
-120.221092273221,38.0473350780543,1300.3265380859375,snow,rain,0.02405485639871084,0.01893950673628879,0.9570056368650004,1.0,0.0,0.0
-120.566918049493,38.7399150957566,1180.2176513671875,mix,snow,0.6023906025502075,0.0,0.3976093974497926,0.0,1.0,0.0
-120.006856011268,39.2256822267341,1943.2259521484375,snow,snow,0.9921191029352189,0.0036505846082194853,0.00423031245656161,1.0,0.0,0.0
-119.979319318775,38.944580829095,1898.4395751953125,snow,snow,1.0,0.0,0.0,1.0,0.0,0.0
-120.0343694,39.4304754,1615.8292236328125,snow,snow,1.0,0.0,0.0,1.0,0.0,0.0
-120.1894834,39.3284858,1810.587158203125,snow,snow,1.0,0.0,0.0,1.0,0.0,0.0
-120.1963156,39.3242946,1856.01611328125,snow,snow,1.0,0.0,0.0,1.0,0.0,0.0
-119.9668201,39.2519815,2016.028076171875,snow,snow,1.0,0.0,0.0,1.0,0.0,0.0
-120.204301500066,39.3230727384996,1812.044677734375,snow,snow,1.0,0.0,0.0,1.0,0.0,0.0
-120.2082604,39.3231631,1812.044677734375,snow,snow,1.0,0.0,0.0,1.0,0.0,0.0
-119.979319318775,38.944580829095,1898.4395751953125,snow,snow,1.0,0.0,0.0,1.0,0.0,0.0
-120.2374625,39.3255965,1890.073974609375,snow,snow,1.0,0.0,0.0,1.0,0.0,0.0
-120.2723946,39.3250855,1945.9403076171875,snow,snow,1.0,0.0,0.0,1.0,0.0,0.0
-120.2798677,39.3258804,1917.168701171875,snow,snow,1.0,0.0,0.0,1.0,0.0,0.0
-119.9667988,39.2519738,2016.028076171875,snow,snow,1.0,0.0,0.0,1.0,0.0,0.0
-120.313609314752,39.3423896526208,2047.0211181640625,snow,snow,1.0,0.0,0.0,1.0,0.0,0.0
-120.4233398,39.3213083,1987.0711669921875,snow,snow,1.0,0.0,0.0,1.0,0.0,0.0
-120.4161374,39.3216109,2035.140380859375,snow,snow,1.0,0.0,0.0,1.0,0.0,0.0
-120.4391322,39.3163475,1870.712890625,snow,snow,1.0,0.0,0.0,1.0,0.0,0.0
-120.5151354,39.3104712,1784.7462158203125,snow,snow,1.0,0.0,0.0,1.0,0.0,0.0
-120.5198134,39.3094145,1873.6407470703125,snow,snow,1.0,0.0,0.0,1.0,0.0,0.0
-120.5410422,39.3109456,1742.6181640625,snow,snow,1.0,0.0,0.0,1.0,0.0,0.0
-120.966642336811,39.2607492332724,928.4439086914062,rain,mix,0.0,0.5907238186234853,0.40927618137651467,0.0,0.0,1.0
-120.5701811,39.3237419,1777.3656005859375,snow,snow,1.0,0.0,0.0,1.0,0.0,0.0
-120.5860068,39.3244636,1718.504638671875,snow,snow,1.0,0.0,0.0,1.0,0.0,0.0
-120.6432854,39.3083808,1620.5626220703125,snow,snow,1.0,0.0,0.0,1.0,0.0,0.0
-120.6561101,39.3037249,1638.441650390625,snow,snow,1.0,0.0,0.0,1.0,0.0,0.0
-120.6703539,39.2996828,1517.6959228515625,snow,snow,1.0,0.0,0.0,1.0,0.0,0.0
-120.6797777,39.292896,1616.498779296875,snow,snow,1.0,0.0,0.0,1.0,0.0,0.0
-120.6941678,39.2888365,1606.5048828125,snow,snow,1.0,0.0,0.0,1.0,0.0,0.0
-120.7086477,39.2822048,1560.6502685546875,snow,snow,1.0,0.0,0.0,1.0,0.0,0.0
-120.7233441,39.2686306,1460.8023681640625,snow,snow,1.0,0.0,0.0,1.0,0.0,0.0
-120.7320047,39.2597283,1411.72607421875,snow,snow,1.0,0.0,0.0,1.0,0.0,0.0
-120.7498435,39.243776,1407.3509521484375,snow,snow,0.9990393587311925,0.0009606412688074803,0.0,1.0,0.0,0.0
-120.750045,39.2436901,1390.3968505859375,snow,snow,0.9990300255034642,0.0009699744965358166,0.0,1.0,0.0,0.0
-120.7610362,39.2293682,1295.53125,snow,snow,0.5433841180876647,0.4566158819123353,0.0,1.0,0.0,0.0
-120.7525187,39.2411268,1390.3968505859375,snow,snow,0.9842946222534706,0.015705377746529386,0.0,1.0,0.0,0.0
-120.7736059,39.2183309,1252.6187744140625,mix,mix,0.08110447163792109,0.9034947330574895,0.015400795304589422,0.0,1.0,0.0
-120.7775561,39.2154092,1252.6187744140625,mix,mix,0.016175365127184434,0.9731837678309906,0.010640867041824948,0.0,1.0,0.0
-120.4689247,39.8056347,1484.389892578125,snow,snow,1.0,0.0,0.0,1.0,0.0,0.0
-120.7793516,39.2145905,1293.5838623046875,mix,mix,0.01587981070862417,0.9709520069720387,0.013168182319337174,0.0,1.0,0.0
-120.8550982,39.1780106,969.0088500976562,mix,rain,0.02930787588561235,0.20649081018941698,0.7642013139249707,0.0,1.0,0.0
-120.7910848,39.2069034,1187.1026611328125,mix,rain,0.04254826597186842,0.4464632267934998,0.5109885072346319,0.0,1.0,0.0
-120.8013613,39.2041364,1159.5238037109375,rain,mix,0.021059276415187213,0.6955521494695881,0.2833885741152247,0.0,0.0,1.0
-119.682324574685,38.9170886264914,1535.7108154296875,snow,snow,1.0,0.0,0.0,1.0,0.0,0.0
-120.8150296,39.1988097,1111.0186767578125,rain,rain,0.021978209754368233,0.33631009912312826,0.6417116911225035,0.0,0.0,1.0
-120.8303216,39.1878809,1036.6898193359375,rain,rain,0.02299627444851337,0.43593285123949904,0.5410708743119876,0.0,0.0,1.0
-120.8582874,39.1759441,969.0088500976562,rain,rain,0.010333940672763643,0.0,0.9896660593272364,0.0,0.0,1.0
-120.969692962325,39.0553167319719,661.9530029296875,rain,rain,0.0004884889150652566,0.0,0.9995115110849347,0.0,0.0,1.0
-120.9732184,39.0370643,702.5865478515625,rain,rain,0.00042856873271149515,0.0,0.9995714312672885,0.0,0.0,1.0
-120.9920042,39.0060781,622.3008422851562,rain,rain,0.0012678955386708243,0.0,0.9987321044613292,0.0,0.0,1.0
-119.98083729148,38.9396087309386,1908.990234375,snow,rain,0.0,0.0,1.0,1.0,0.0,0.0
-120.959353746872,39.2595451989867,1005.3335571289062,rain,rain,0.010689500221466057,0.0,0.9893104997785339,0.0,0.0,1.0
-120.4689247,39.8056347,1484.389892578125,snow,snow,0.5132474116493536,0.0,0.48675258835064644,1.0,0.0,0.0
-120.966621942388,39.2608076960029,928.4439086914062,rain,snow,1.0,0.0,0.0,0.0,0.0,1.0
-120.083832770003,39.2279380198393,1958.6190185546875,snow,snow,0.5283151902833528,0.0,0.4716848097166472,1.0,0.0,0.0
-120.315854691382,39.8175348597801,1494.4031982421875,snow,snow,0.9406390227984947,0.0,0.05936097720150534,1.0,0.0,0.0
-120.4687293,39.8056625,1484.389892578125,snow,snow,0.9530646218945718,0.0,0.04693537810542826,1.0,0.0,0.0
-120.711250241844,38.7306981946373,794.8796997070312,rain,rain,0.200495550196171,0.0,0.799504449803829,0.0,0.0,1.0
-119.9998864,39.5071698,1509.285400390625,rain,snow,1.0,0.0,0.0,0.0,0.0,1.0
-120.9688038,38.6639132,416.0556945800781,rain,rain,0.15607845614251792,0.0,0.8439215438574821,0.0,0.0,1.0
-119.885056651359,39.5322082200582,1516.285888671875,snow,snow,0.9560407558697495,0.0,0.043959244130250506,1.0,0.0,0.0
-119.950291791216,39.5247911175486,1538.666748046875,snow,snow,0.7400584278145477,0.0,0.2599415721854524,1.0,0.0,0.0
-119.821855560257,39.569171779412,1477.7032470703125,snow,snow,0.9557502423154064,0.0,0.044249757684593556,1.0,0.0,0.0
-119.9146291,39.5401356,1608.1417236328125,snow,snow,0.9434769418388975,0.0,0.056523058161102466,1.0,0.0,0.0
-119.811450002266,39.3209419109774,1542.5299072265625,snow,snow,0.8362439361454727,0.0,0.16375606385452737,1.0,0.0,0.0
-119.8693141,39.6024108,1591.5308837890625,snow,snow,0.9466765690899248,0.0,0.05332343091007518,1.0,0.0,0.0
-119.851366681817,39.610466808187,1568.7435302734375,snow,snow,0.9947934889262473,0.0,0.005206511073752739,1.0,0.0,0.0
-119.79919758119,39.5708365955604,1488.3441162109375,snow,snow,0.9957113272408904,0.0,0.004288672759109641,1.0,0.0,0.0
-119.9657102,39.6869172,1549.4569091796875,snow,snow,0.9815509595278685,0.0,0.018449040472131462,1.0,0.0,0.0
-119.723972916184,39.5302051462641,1337.166748046875,snow,snow,0.9918521705766418,0.0,0.008147829423358224,1.0,0.0,0.0
-120.571390010206,38.759416512778,1152.727783203125,rain,rain,0.49282744265705725,0.0,0.5071725573429428,0.0,0.0,1.0
-120.956025912948,39.1013729272736,747.3925170898438,rain,snow,0.7585466466962723,0.0,0.24145335330372775,0.0,0.0,1.0
-120.753517,39.3147489,1506.17822265625,snow,rain,0.27640382188639745,0.0,0.7235961781136027,1.0,0.0,0.0
-120.5934261,38.0952297,384.6116027832031,rain,rain,0.40827368011459697,0.0,0.591726319885403,0.0,0.0,1.0
-120.943886016665,39.9452373712567,1056.2681884765625,rain,rain,0.48792075780593697,0.0,0.512079242194063,0.0,0.0,1.0
-120.7826549,38.5112571,515.516845703125,rain,rain,0.1229150690986886,0.0,0.8770849309013115,0.0,0.0,1.0
-120.2371806,39.164871,2168.773193359375,snow,rain,0.0,0.0,1.0,1.0,0.0,0.0
-120.571390010206,38.759416512778,1152.727783203125,rain,rain,0.2654857682965373,0.0,0.7345142317034627,0.0,0.0,1.0
-120.9688033,38.663909,416.0556945800781,rain,snow,0.8832659553364886,0.0,0.11673404466351149,0.0,0.0,1.0
-120.2069965,39.3258441,1842.712646484375,snow,snow,0.8837183731041547,0.0,0.1162816268958453,1.0,0.0,0.0
-120.369772,39.5838373,1511.8182373046875,rain,snow,0.9656188720072288,0.0,0.03438112799277118,0.0,0.0,1.0
-119.996498982181,38.8704806179668,1950.8565673828125,snow,snow,0.999006862852396,0.0,0.0009931371476039094,1.0,0.0,0.0
-120.1425727,39.1760765,1991.058837890625,snow,snow,0.9689322911629367,0.0,0.03106770883706335,1.0,0.0,0.0
-120.070633419213,39.2378576779163,1922.7923583984375,snow,snow,0.9681205570535902,0.0,0.031879442946409785,1.0,0.0,0.0
-119.989533523541,38.8870653877738,1952.5621337890625,snow,snow,0.999000974282034,0.0,0.000999025717965987,1.0,0.0,0.0
-119.996500893703,38.8704796708023,1950.8565673828125,snow,snow,0.8114511720779963,0.18603428408357295,0.002514543838430736,1.0,0.0,0.0
-120.0034056,38.9411604,1898.7169189453125,snow,mix,0.3899828957794393,0.6094260438621821,0.000591060358378583,1.0,0.0,0.0
-120.9632406,39.256405,1037.2545166015625,rain,snow,0.7210738739739456,0.11028483705812084,0.16864128896793354,0.0,0.0,1.0
-120.004997716923,38.9146441588842,1912.7034912109375,snow,snow,0.7235368524601172,0.27554661782412004,0.0009165297157627953,1.0,0.0,0.0
-120.4689378,39.8056118,1484.389892578125,rain,snow,0.723123942704151,0.09307977330048531,0.18379628399536377,0.0,0.0,1.0
-120.0978233,39.2027878,1929.392578125,snow,snow,0.875569532386818,0.09335129251273236,0.031079175100449608,1.0,0.0,0.0
-119.9667829,39.2519873,2016.028076171875,snow,snow,0.8901109569947825,0.08058319109942473,0.02930585190579279,1.0,0.0,0.0
-119.892433600785,38.9798608642848,2223.889892578125,snow,snow,0.61578475149729,0.37872300830516953,0.005492240197540574,1.0,0.0,0.0
-119.979319153839,38.9445756209451,1898.4395751953125,mix,snow,0.9993329833273804,0.0,0.0006670166726195942,0.0,1.0,0.0
-119.997440135243,38.8523268965432,1980.7945556640625,snow,snow,0.9185369634628165,0.0,0.08146303653718347,1.0,0.0,0.0
-119.980784941194,38.9396210634243,1908.990234375,snow,snow,0.9887328543522523,0.0,0.011267145647747666,1.0,0.0,0.0
-119.774711621436,39.1013635281433,1486.8040771484375,rain,rain,0.16394555329191512,0.0,0.8360544467080849,0.0,0.0,1.0
-119.759920680483,39.1923099707339,1438.2144775390625,rain,rain,0.0021411564181231437,0.0,0.9978588435818769,0.0,0.0,1.0
-119.766928693177,39.1941264759951,1438.2144775390625,rain,rain,0.0022529610906359175,0.0,0.997747038909364,0.0,0.0,1.0
-119.802676667316,39.2076154600012,1598.4373779296875,rain,rain,0.01247225322326467,0.0,0.9875277467767353,0.0,0.0,1.0
-119.948299531963,39.0201258095905,1914.71337890625,snow,snow,0.855717093117101,0.0,0.14428290688289905,1.0,0.0,0.0
-119.947013752573,38.9609268001652,1902.406005859375,snow,snow,0.9787714848605721,0.0,0.021228515139428007,1.0,0.0,0.0
-119.9668002,39.2519872,2016.028076171875,snow,snow,0.9911080243966875,0.0,0.008891975603312468,1.0,0.0,0.0
-119.9591243,38.9401251,1909.8526611328125,snow,snow,0.9900785251323866,0.0,0.009921474867613422,1.0,0.0,0.0
-119.821333587281,39.2843447719135,1534.6512451171875,rain,rain,0.15431548770159909,0.0,0.8456845122984009,0.0,0.0,1.0
-119.804189014718,39.3404767864265,1582.708984375,rain,rain,0.14343801096880515,0.0,0.8565619890311948,0.0,0.0,1.0
-119.807500707076,39.1961841025085,1641.729248046875,rain,rain,0.012507399865369216,0.0,0.9874926001346308,0.0,0.0,1.0
-119.8691386,39.6024933,1591.5308837890625,rain,rain,0.099269041154645,0.0,0.900730958845355,0.0,0.0,1.0
-119.950291791216,39.5247911175486,1538.666748046875,rain,rain,0.14314780477126313,0.0,0.8568521952287369,0.0,0.0,1.0
-119.9603262,39.2537948,2003.246337890625,snow,snow,0.9905349736034427,0.0,0.009465026396557408,1.0,0.0,0.0
-120.3697422,39.5835794,1511.8182373046875,mix,snow,1.0,0.0,0.0,0.0,1.0,0.0
-119.964731,39.2514765,2016.028076171875,snow,snow,0.9695380086218883,0.03046199137811171,0.0,1.0,0.0,0.0
-120.083830289199,39.2279386074585,1958.6190185546875,snow,snow,0.9669145222346462,0.033085477765353755,0.0,1.0,0.0,0.0
-120.103909580721,39.3597824074033,1783.9434814453125,snow,snow,0.901851592051569,0.09814840794843105,0.0,1.0,0.0,0.0
-119.9668123,39.2519651,2016.028076171875,snow,snow,0.9999999828225561,0.0,1.7177443952513826e-08,1.0,0.0,0.0
-120.0117888,38.9320338,1899.7607421875,snow,snow,0.9592663298017745,0.0,0.04073367019822552,1.0,0.0,0.0
-120.1916487,37.8369319,872.5946044921875,rain,snow,1.0,0.0,0.0,0.0,0.0,1.0
-119.9666966,39.252129,2016.028076171875,snow,snow,0.9999999828267399,0.0,1.7173260109059192e-08,1.0,0.0,0.0
-119.7617799,39.156249,1420.0274658203125,rain,snow,1.0,0.0,0.0,0.0,0.0,1.0
-119.892251046741,39.3274562159496,2518.30908203125,snow,snow,0.993621060856482,0.0,0.006378939143517992,1.0,0.0,0.0
-119.898430859308,39.3119614012193,2698.538818359375,snow,snow,0.99399683084371,0.0,0.006003169156289928,1.0,0.0,0.0
-119.925788230586,39.2912614394431,2582.84716796875,snow,snow,0.9832945055117263,0.0,0.016705494488273697,1.0,0.0,0.0
-119.979319153839,38.9445756209451,1898.4395751953125,snow,snow,0.6180675116288686,0.0,0.3819324883711314,1.0,0.0,0.0
-119.945434494017,39.2751928010246,2182.246337890625,snow,rain,0.34432958059041435,0.0,0.6556704194095857,1.0,0.0,0.0
-119.964815864787,39.5243795495574,1480.8189697265625,rain,snow,0.9417600268945303,0.0,0.05823997310546971,0.0,0.0,1.0
-120.9819484,39.0432316,689.05712890625,rain,snow,0.7210581922507772,0.0,0.2789418077492229,0.0,0.0,1.0
-119.979319153839,38.9445756209451,1898.4395751953125,snow,snow,0.6650807442286496,0.0,0.33491925577135045,1.0,0.0,0.0
-120.9688168,38.6639109,416.0556945800781,rain,rain,0.1411634691767961,0.0,0.858836530823204,0.0,0.0,1.0
-119.947013752573,38.9609268001652,1902.406005859375,snow,rain,0.0,0.0,1.0,1.0,0.0,0.0
-120.5675067,38.378707,625.4950561523438,rain,rain,0.20606501724199164,0.0,0.7939349827580084,0.0,0.0,1.0
-120.966647899365,39.2607473337512,928.4439086914062,rain,rain,0.25984156725650914,0.0,0.7401584327434909,0.0,0.0,1.0
-119.927934026057,39.5208164804386,1500.779541015625,rain,mix,0.28971709789725686,0.7102829021027431,0.0,0.0,0.0,1.0
-119.76576666805,39.4078945127249,1410.70751953125,mix,rain,0.21120321062033254,0.0,0.7887967893796675,0.0,1.0,0.0
-120.177036848355,39.3403651931075,1818.37109375,snow,rain,0.0,0.39629433659613317,0.6037056634038668,1.0,0.0,0.0
-119.687782169412,38.9157146957731,1515.9644775390625,mix,snow,0.9998755897853102,0.0,0.00012441021468985174,0.0,1.0,0.0
-119.682157721813,38.9170110347589,1535.7108154296875,snow,mix,9.304679956458322e-05,0.9997827597591238,0.00012419344131171813,1.0,0.0,0.0
-120.352386373815,38.0360223863437,984.2950439453125,rain,snow,0.48580773742206784,0.21195722478808912,0.30223503778984306,0.0,0.0,1.0
-120.966415812183,39.2609263001774,928.4439086914062,rain,rain,0.3331027370963381,0.1290326526502275,0.5378646102534345,0.0,0.0,1.0
-118.994395753348,37.6434377349252,2526.55078125,snow,rain,0.2935722480882116,0.190891824533946,0.5155359273778424,1.0,0.0,0.0
-119.822795616152,39.4175861174116,1609.224365234375,snow,rain,0.04161141854456046,0.03870684622103613,0.9196817352344034,1.0,0.0,0.0
-120.2444676,39.6787155,1505.601806640625,rain,rain,0.4020170218352592,0.07244389370204417,0.5255390844626966,0.0,0.0,1.0
-119.79848061388,39.5253988383637,1365.9854736328125,rain,snow,0.8847069389306763,0.027183972316910478,0.08810908875241313,0.0,0.0,1.0
-119.979319153839,38.9445756209451,1898.4395751953125,snow,snow,1.0,0.0,0.0,1.0,0.0,0.0
-119.8556921,39.5315824,1470.497802734375,snow,snow,0.8427209064607968,0.0,0.1572790935392032,1.0,0.0,0.0
-119.823695877193,39.4029461191698,1699.9962158203125,snow,snow,0.5870125275017386,0.0,0.41298747249826145,1.0,0.0,0.0
-120.083830289266,39.2279386070447,1958.6190185546875,snow,snow,1.0,0.0,0.0,1.0,0.0,0.0
-120.449060860312,38.7707057190763,1094.0032958984375,mix,snow,1.0,0.0,0.0,0.0,1.0,0.0
-119.948373425936,39.019985505964,1914.71337890625,snow,snow,1.0,0.0,0.0,1.0,0.0,0.0
-119.893547881147,39.5347974539573,1531.3826904296875,snow,snow,0.9969490696384131,0.0,0.0030509303615868333,1.0,0.0,0.0
-119.777884416362,39.3827935685606,1549.0029296875,snow,rain,0.40779649067089696,0.0,0.592203509329103,1.0,0.0,0.0
-119.799329302483,39.4909804155689,1359.7794189453125,rain,snow,0.535985023669188,0.0,0.464014976330812,0.0,0.0,1.0
-120.95916672524,39.2596111994413,1005.3335571289062,rain,snow,0.8763751594591146,0.12362484054088543,0.0,0.0,0.0,1.0
-119.950291791216,39.5247911175486,1538.666748046875,snow,snow,1.0,0.0,0.0,1.0,0.0,0.0
-119.8693272,39.6023449,1591.5308837890625,snow,snow,1.0,0.0,0.0,1.0,0.0,0.0
-119.930043925332,39.5228857602774,1500.779541015625,snow,snow,0.9863685163373695,0.0,0.013631483662630494,1.0,0.0,0.0
-120.4689285,39.8056067,1484.389892578125,snow,snow,0.8890669986573837,0.11093300134261633,0.0,1.0,0.0,0.0
-119.945425719594,39.2752075878572,2182.246337890625,snow,snow,1.0,0.0,0.0,1.0,0.0,0.0
-119.966169303223,39.2521163544163,2016.028076171875,snow,snow,1.0,0.0,0.0,1.0,0.0,0.0
-119.68232747006,38.9170877088498,1535.7108154296875,snow,snow,1.0,0.0,0.0,1.0,0.0,0.0
-119.831915639949,39.5577119067666,1477.43408203125,snow,snow,0.8891593481477387,0.0,0.11084065185226129,1.0,0.0,0.0
-119.895144645082,39.530735697888,1531.3826904296875,snow,snow,0.9970199095304817,0.0,0.0029800904695182076,1.0,0.0,0.0
-119.9656941,39.6869087,1549.4569091796875,snow,snow,1.0,0.0,0.0,1.0,0.0,0.0
-119.8514189,39.6104439,1568.7435302734375,snow,snow,1.0,0.0,0.0,1.0,0.0,0.0
-120.006794685499,39.225986517713,1943.2259521484375,snow,snow,1.0,0.0,0.0,1.0,0.0,0.0
-119.5082745,39.3120349,1324.5926513671875,mix,snow,0.8991847770723109,0.0,0.10081522292768895,0.0,1.0,0.0
-119.7825135,39.295897,1543.263916015625,snow,snow,0.9418670333317473,0.0,0.05813296666825272,1.0,0.0,0.0
-120.4283812,39.6553667,1506.6434326171875,snow,snow,0.9933705033074346,0.006629496692565439,0.0,1.0,0.0,0.0
-119.5824456,39.2715159,1333.44287109375,snow,mix,0.3497639265102872,0.5452452056797935,0.10499086780991938,1.0,0.0,0.0
-119.811114836214,39.32103267949,1542.5299072265625,snow,snow,0.9052332543534765,0.0,0.09476674564652363,1.0,0.0,0.0
-119.977683993168,38.9045294328024,1942.3338623046875,snow,snow,1.0,0.0,0.0,1.0,0.0,0.0
-119.8644047,39.6412108,1511.9696044921875,snow,snow,1.0,0.0,0.0,1.0,0.0,0.0
-120.2438379,39.6787968,1505.601806640625,mix,snow,1.0,0.0,0.0,0.0,1.0,0.0
-119.8319704,39.6154532,1555.482177734375,snow,snow,0.9829471220249992,0.0,0.017052877975000685,1.0,0.0,0.0
-120.008102,38.9236719,1905.078125,snow,snow,1.0,0.0,0.0,1.0,0.0,0.0
-120.1425826,39.1760804,1991.058837890625,snow,snow,1.0,0.0,0.0,1.0,0.0,0.0
-119.968353339492,39.694174702771,1549.4569091796875,snow,snow,1.0,0.0,0.0,1.0,0.0,0.0
-120.162964447659,39.3581785242987,1793.0777587890625,snow,snow,1.0,0.0,0.0,1.0,0.0,0.0
-119.681133687208,39.6345202986428,1381.0489501953125,mix,snow,1.0,0.0,0.0,0.0,1.0,0.0
-119.803774647257,39.5529819488516,1396.88232421875,snow,snow,0.6821897636196022,0.0,0.31781023638039785,1.0,0.0,0.0
-119.798479369008,39.5252804447076,1365.9854736328125,rain,snow,0.776771407138339,0.0,0.2232285928616609,0.0,0.0,1.0
-119.7054137,39.6659447,1382.35986328125,snow,mix,0.4129089307032655,0.5870910692967346,0.0,1.0,0.0,0.0
-120.100270178721,39.3565755651086,1798.48291015625,snow,snow,1.0,0.0,0.0,1.0,0.0,0.0
-120.315854463897,39.8175342404781,1494.4031982421875,snow,snow,0.783489776776868,0.216510223223132,0.0,1.0,0.0,0.0
-119.697293746815,39.5791659342075,1438.1224365234375,snow,snow,0.8099774970873769,0.11978893185441286,0.07023357105821028,1.0,0.0,0.0
-119.980784829222,38.9396202305734,1908.990234375,snow,snow,1.0,0.0,0.0,1.0,0.0,0.0
-119.765766513904,39.4078945133744,1410.70751953125,rain,snow,0.9124690495047026,0.0,0.08753095049529737,0.0,0.0,1.0
-119.947013752573,38.9609268001652,1902.406005859375,snow,snow,1.0,0.0,0.0,1.0,0.0,0.0
-120.439884132432,39.6474905600455,1521.9703369140625,snow,snow,0.9942041281780584,0.005795871821941587,0.0,1.0,0.0,0.0
-119.697212449749,39.5547804340639,1362.3389892578125,snow,snow,0.8390878524799765,0.06288340396046957,0.09802874355955396,1.0,0.0,0.0
-120.4283812,39.6553667,1506.6434326171875,snow,mix,0.2197335858897064,0.6952221894215411,0.08504422468875247,1.0,0.0,0.0
-119.7469061,39.4250648,1368.7227783203125,rain,rain,0.08904180507069909,0.03958728438121724,0.8713709105480837,0.0,0.0,1.0
-119.816791,39.5252001,1377.3780517578125,snow,mix,0.07025602460202737,0.7883670520744513,0.14137692332352125,1.0,0.0,0.0
-119.838112075923,39.502691364482,1414.5765380859375,mix,snow,0.8579990286157776,0.0,0.14200097138422244,0.0,1.0,0.0
-119.687782169412,38.9157146957731,1515.9644775390625,rain,snow,0.8135463740674604,0.04873072981720683,0.13772289611533275,0.0,0.0,1.0
-119.5082817,39.3120372,1324.5926513671875,snow,rain,0.32844889965493995,0.09721520164442632,0.5743358987006338,1.0,0.0,0.0
-119.997440135243,38.8523268965432,1980.7945556640625,snow,snow,0.8952524165245466,0.010013255522699417,0.09473432795275406,1.0,0.0,0.0
-119.8644041,39.6412056,1511.9696044921875,snow,snow,0.40412746893502716,0.2260844038530959,0.369788127211877,1.0,0.0,0.0
-120.4689285,39.8056067,1484.389892578125,mix,snow,0.8394394873841848,0.12165428795005954,0.03890622466575568,0.0,1.0,0.0
-119.811130901063,39.3210333495539,1542.5299072265625,snow,rain,0.23422412187108005,0.09873663670750235,0.6670392414214176,1.0,0.0,0.0
-120.0079942,38.9237853,1905.078125,snow,snow,0.8889249013012199,0.012168601639861857,0.09890649705891817,1.0,0.0,0.0
-120.966741769467,39.2609135575453,928.4439086914062,rain,mix,0.0004084245839639528,0.999591575416036,0.0,0.0,0.0,1.0
-120.95919816649,39.2594358296317,1005.3335571289062,mix,rain,0.00041399087292810885,0.0032301075580301185,0.9963559015690419,0.0,1.0,0.0
-119.765766323517,39.4078943894213,1410.70751953125,rain,rain,0.09998327066749207,0.03583643386688048,0.8641802954656275,0.0,0.0,1.0
-119.697291016623,39.579166008803,1438.1224365234375,rain,snow,0.5674544375514347,0.1918353073311635,0.24071025511740185,0.0,0.0,1.0
-120.100270178762,39.3565755651034,1798.48291015625,snow,snow,0.4902747365768015,0.1640392285814675,0.3456860348417311,1.0,0.0,0.0
-120.8158634,39.2188002,1065.0308837890625,mix,mix,0.08092089524342175,0.4901510988332313,0.428928005923347,0.0,1.0,0.0
-119.892420134758,38.9798516226145,2223.889892578125,snow,snow,0.9534664574176953,0.0465335425823048,0.0,1.0,0.0,0.0
-119.9762565,39.6756042,1534.9154052734375,snow,mix,0.0,0.6270011063896013,0.3729988936103987,1.0,0.0,0.0
-120.4689285,39.8056067,1484.389892578125,mix,snow,0.40617825530989915,0.39231177201139267,0.20150997267870818,0.0,1.0,0.0
-119.820452395727,39.5449316300139,1401.09716796875,rain,rain,0.0,0.1969357126364754,0.8030642873635246,0.0,0.0,1.0
-119.697290531286,39.5791665680548,1438.1224365234375,rain,rain,0.015651712285706415,0.06365922086364804,0.9206890668506456,0.0,0.0,1.0
-119.9937929,39.5181023,1494.7957763671875,mix,mix,0.08534312641355336,0.7475915123107721,0.16706536127567445,0.0,1.0,0.0
-120.221092273221,38.0473350780543,1300.3265380859375,snow,snow,0.7051299914276814,0.10615677168157078,0.18871323689074782,1.0,0.0,0.0
-119.687775991759,38.9157338576364,1515.9644775390625,snow,snow,0.50012816369495,0.4998718363050501,0.0,1.0,0.0,0.0
-119.682334260413,38.9170907837097,1535.7108154296875,mix,snow,1.0,0.0,0.0,0.0,1.0,0.0
-119.950291791216,39.5247911175486,1538.666748046875,mix,mix,0.03054369612718154,0.6373577604423553,0.3320985434304633,0.0,1.0,0.0
-119.9667684,39.2519857,2016.028076171875,snow,snow,0.7420122915595455,0.11240669490274471,0.14558101353770975,1.0,0.0,0.0
-120.3100783,38.7694022,1294.5419921875,rain,snow,0.9351777079477367,0.06482229205226328,0.0,0.0,0.0,1.0
-119.70939413121,39.5456595888498,1341.52783203125,rain,rain,0.0,0.0724250278542895,0.9275749721457105,0.0,0.0,1.0
-119.785980119947,39.4670886169143,1358.387451171875,rain,rain,0.0,0.14302231008962513,0.8569776899103748,0.0,0.0,1.0
-120.002672773364,38.9135247638102,1912.7034912109375,snow,snow,0.9569209328564373,0.024007485798628454,0.01907158134493421,1.0,0.0,0.0
-119.997440135243,38.8523268965432,1980.7945556640625,snow,snow,0.9332833168682557,0.03392154933612519,0.03279513379561907,1.0,0.0,0.0
-120.103909580721,39.3597824074033,1783.9434814453125,snow,snow,0.9981739631576863,0.0010143565363611527,0.0008116803059526465,1.0,0.0,0.0
-119.682358447728,38.9171596491751,1535.7108154296875,snow,mix,0.0002497682554844939,0.9997502317445155,0.0,1.0,0.0,0.0
-119.947013752573,38.9609268001652,1902.406005859375,snow,snow,0.9735374372894249,0.026462562710575167,0.0,1.0,0.0,0.0
-119.8644097,39.6412004,1511.9696044921875,mix,rain,0.22654923569897437,0.18707202832475922,0.5863787359762664,0.0,1.0,0.0
-119.871597633907,39.5313474730144,1503.12060546875,rain,rain,0.0,0.3530149772463539,0.6469850227536462,0.0,0.0,1.0
-120.100271225875,39.3565754624103,1798.48291015625,snow,snow,0.9981821999170999,0.0010001722773599626,0.0008176278055402339,1.0,0.0,0.0
-120.0977089,39.2027108,1929.392578125,snow,snow,0.9145668897013454,0.043255440684615336,0.04217766961403933,1.0,0.0,0.0
-119.765766898194,39.4078934904083,1410.70751953125,rain,rain,0.03972187211269961,0.10216844608335325,0.8581096818039472,0.0,0.0,1.0
-119.923096083233,39.2538743440374,2146.894775390625,snow,snow,0.9989537358613881,0.0,0.0010462641386118903,1.0,0.0,0.0
-120.4689285,39.8056067,1484.389892578125,snow,snow,0.9689370652649352,0.0,0.031062934735064898,1.0,0.0,0.0
-120.2505236,39.3711883,2037.4736328125,snow,snow,0.996860786037637,0.0,0.0031392139623630474,1.0,0.0,0.0
-119.9667715,39.2519879,2016.028076171875,snow,snow,0.9989171802547047,0.0,0.0010828197452953682,1.0,0.0,0.0
-120.175743604148,39.3532410682367,1832.049560546875,snow,snow,0.9981575596282316,0.0,0.0018424403717684948,1.0,0.0,0.0
-119.997440135243,38.8523268965432,1980.7945556640625,snow,snow,0.8952165161044421,0.0,0.10478348389555786,1.0,0.0,0.0
-120.9688064,38.6639079,416.0556945800781,rain,snow,0.8312937840053934,0.0,0.16870621599460656,0.0,0.0,1.0
-120.352399241775,38.0360485238059,984.2950439453125,rain,snow,0.7486760695530364,0.0,0.2513239304469636,0.0,0.0,1.0
-120.100266887252,39.3565806759887,1798.48291015625,snow,snow,0.9977607151255634,0.0,0.002239284874436661,1.0,0.0,0.0
-119.950291791216,39.5247911175486,1538.666748046875,snow,snow,0.9916512155153405,0.0,0.008348784484659456,1.0,0.0,0.0
-120.2259671,37.859075,849.531494140625,rain,rain,0.09710312134557458,0.028677230936469244,0.8742196477179562,0.0,0.0,1.0
-119.8644054,39.6411974,1511.9696044921875,snow,snow,1.0,0.0,0.0,1.0,0.0,0.0
-119.7671187,39.1819238,1440.6163330078125,mix,snow,0.9999898173993178,1.0182600682164716e-05,0.0,0.0,1.0,0.0
-119.765766396558,39.4078935724834,1410.70751953125,mix,mix,0.22507541847850138,0.7749245815214987,0.0,0.0,1.0,0.0
-119.9937929,39.5181023,1494.7957763671875,snow,snow,1.0,0.0,0.0,1.0,0.0,0.0
-119.927934026057,39.5208164804386,1500.779541015625,snow,snow,1.0,0.0,0.0,1.0,0.0,0.0
-119.8687977,39.603987,1591.5308837890625,snow,snow,1.0,0.0,0.0,1.0,0.0,0.0
-119.950291791216,39.5247911175486,1538.666748046875,snow,snow,1.0,0.0,0.0,1.0,0.0,0.0
-120.400192226543,38.0385401864789,677.3560180664062,rain,rain,0.11044943048941372,0.031067307660317987,0.8584832618502684,0.0,0.0,1.0
-119.848748,39.5976681,1597.0430908203125,snow,snow,1.0,0.0,0.0,1.0,0.0,0.0
-119.997440135243,38.8523268965432,1980.7945556640625,snow,snow,0.7773654947562396,0.19724915972293905,0.025385345520821397,1.0,0.0,0.0
-120.9688066,38.6639045,416.0556945800781,rain,rain,0.09407431748088362,0.02349525944512046,0.882430423073996,0.0,0.0,1.0
-119.8776799,39.659294,1532.5301513671875,snow,snow,1.0,0.0,0.0,1.0,0.0,0.0
-119.687775991759,38.9157338576364,1515.9644775390625,snow,mix,0.1931824191780348,0.8068175808219652,0.0,1.0,0.0,0.0
-119.8319835,39.6154642,1555.482177734375,snow,snow,1.0,0.0,0.0,1.0,0.0,0.0
-120.315854463897,39.8175342404781,1494.4031982421875,snow,snow,1.0,0.0,0.0,1.0,0.0,0.0
-119.7463529,39.4249492,1368.7227783203125,mix,mix,0.27051204893327946,0.7294879510667206,0.0,0.0,1.0,0.0
-119.810228179279,39.5241175113791,1370.511474609375,snow,snow,1.0,0.0,0.0,1.0,0.0,0.0
-119.947013752573,38.9609268001652,1902.406005859375,snow,snow,0.6950577506424273,0.30494224935757275,0.0,1.0,0.0,0.0
-119.8642729,39.6412753,1511.9696044921875,snow,snow,1.0,0.0,0.0,1.0,0.0,0.0
-119.859826759706,39.5158505499181,1410.1676025390625,snow,snow,1.0,0.0,0.0,1.0,0.0,0.0
-119.9762565,39.6756042,1534.9154052734375,snow,snow,1.0,0.0,0.0,1.0,0.0,0.0
-119.793572445397,39.4771865828118,1367.4193115234375,mix,snow,0.9977661154470346,0.002233884552965434,0.0,0.0,1.0,0.0
-119.719636239491,39.490812296392,1360.9130859375,snow,mix,0.4859234567686785,0.5140765432313216,0.0,1.0,0.0,0.0
-119.70939413121,39.5456595888498,1341.52783203125,mix,snow,0.9669925193657226,0.033007480634277386,0.0,0.0,1.0,0.0
-119.885056637431,39.5322077350457,1516.285888671875,snow,snow,1.0,0.0,0.0,1.0,0.0,0.0
-119.921926201725,39.6834230891326,1578.603271484375,snow,snow,1.0,0.0,0.0,1.0,0.0,0.0
-119.871597633907,39.5313474730144,1503.12060546875,snow,snow,1.0,0.0,0.0,1.0,0.0,0.0
-119.792517813673,39.4801363127388,1367.4193115234375,snow,mix,0.032692808716038246,0.9673071912839617,0.0,1.0,0.0,0.0
-119.697212503052,39.5547804283614,1362.3389892578125,mix,snow,0.6686978168272445,0.33130218317275556,0.0,0.0,1.0,0.0
-119.810502188305,39.5242442831951,1370.511474609375,snow,snow,1.0,0.0,0.0,1.0,0.0,0.0
-119.7442534,39.5600119,1356.5489501953125,snow,snow,0.6806049171909005,0.3193950828090994,0.0,1.0,0.0,0.0
-119.749519196912,38.9503563406948,1446.9903564453125,mix,snow,0.9436056480249433,0.05639435197505681,0.0,0.0,1.0,0.0
-119.8082684,39.5095267,1367.3824462890625,snow,snow,0.9523819097918679,0.047618090208132006,0.0,1.0,0.0,0.0
-119.9667602,39.2518737,2016.028076171875,snow,snow,0.5201941403835755,0.4798058596164245,0.0,1.0,0.0,0.0
-119.7672275,39.1815018,1440.6163330078125,snow,mix,0.0009821860363142256,0.9990178139636857,0.0,1.0,0.0,0.0
-119.925298589811,39.847203954093,1491.7423095703125,snow,snow,1.0,0.0,0.0,1.0,0.0,0.0
-119.949745456891,39.5133350234581,1488.4718017578125,snow,snow,1.0,0.0,0.0,1.0,0.0,0.0
-119.840050195355,39.5355533633304,1417.9295654296875,snow,snow,1.0,0.0,0.0,1.0,0.0,0.0
-120.4689285,39.8056067,1484.389892578125,snow,snow,1.0,0.0,0.0,1.0,0.0,0.0
-119.743537834767,39.5859490828269,1414.6666259765625,snow,snow,0.7843163221151548,0.21568367788484527,0.0,1.0,0.0,0.0
-119.708141721869,39.5479046839567,1345.26025390625,snow,mix,0.01721801018156317,0.9827819898184369,0.0,1.0,0.0,0.0
-119.838112075926,39.5026913644829,1414.5765380859375,snow,snow,1.0,0.0,0.0,1.0,0.0,0.0
-119.829259458114,39.5113383430396,1390.4053955078125,snow,snow,1.0,0.0,0.0,1.0,0.0,0.0
-119.697288676569,39.5791673461091,1438.1224365234375,snow,snow,0.5116845391103124,0.4883154608896876,0.0,1.0,0.0,0.0
-119.9657308,39.6869349,1549.4569091796875,snow,snow,1.0,0.0,0.0,1.0,0.0,0.0
-119.750207263328,39.1853920205186,1433.7567138671875,snow,mix,0.49302613272742335,0.5069738672725767,0.0,1.0,0.0,0.0
-119.929361666615,39.5228363246994,1500.779541015625,snow,snow,1.0,0.0,0.0,1.0,0.0,0.0
-120.644330732785,38.7166571105389,951.689697265625,rain,rain,0.01632503819707018,0.0030454773680791474,0.9806294844348508,0.0,0.0,1.0
-119.8692591,39.6024096,1591.5308837890625,snow,snow,1.0,0.0,0.0,1.0,0.0,0.0
-120.689644705766,38.6953628867522,809.8617553710938,rain,rain,0.014264329198118913,0.0027163659818200923,0.9830193048200611,0.0,0.0,1.0
-119.8486218,39.5977777,1597.0430908203125,snow,snow,1.0,0.0,0.0,1.0,0.0,0.0
-120.10047851498,39.3563041720881,1798.48291015625,snow,snow,0.9999987582223827,1.2417776173724007e-06,0.0,1.0,0.0,0.0
-119.5824004,39.2715188,1333.44287109375,rain,snow,0.6576728283681785,0.3423271716318214,0.0,0.0,0.0,1.0
-119.9667602,39.2518737,2016.028076171875,snow,snow,0.9999997341138867,2.6588611331313796e-07,0.0,1.0,0.0,0.0
-119.8693182,39.6023995,1591.5308837890625,snow,snow,1.0,0.0,0.0,1.0,0.0,0.0
-119.925298589811,39.847203954093,1491.7423095703125,snow,snow,1.0,0.0,0.0,1.0,0.0,0.0
-119.964718093893,39.5243617836277,1480.8189697265625,snow,snow,0.895248691429633,0.10475130857036702,0.0,1.0,0.0,0.0
-120.39974212,38.03332519,655.9208984375,rain,rain,0.00463073541410558,0.035535892874293554,0.9598333717116009,0.0,0.0,1.0
-119.8489973,39.623467,1531.5301513671875,snow,snow,1.0,0.0,0.0,1.0,0.0,0.0
-120.360571358614,38.2305325920278,1117.480224609375,mix,rain,0.06298862480988872,0.01569320506281327,0.9213181701272979,0.0,1.0,0.0
-120.352436586253,38.036000535286,984.2950439453125,rain,rain,0.004516887735758917,0.03546896258482801,0.9600141496794131,0.0,0.0,1.0
-119.83196,39.6154456,1555.482177734375,snow,snow,1.0,0.0,0.0,1.0,0.0,0.0
-120.221092273221,38.0473350780543,1300.3265380859375,rain,rain,0.022588759361485973,0.13654682234858487,0.8408644182899292,0.0,0.0,1.0
-119.870845,39.6474178,1522.3125,snow,snow,1.0,0.0,0.0,1.0,0.0,0.0
-119.979319153839,38.9445756209451,1898.4395751953125,snow,snow,0.971190529821968,0.028809470178032023,0.0,1.0,0.0,0.0
-119.7843889,39.504418,1347.0509033203125,mix,snow,0.8430925665447981,0.15690743345520192,0.0,0.0,1.0,0.0
-119.8610055,39.6205586,1548.5440673828125,snow,snow,1.0,0.0,0.0,1.0,0.0,0.0
-120.7826533,38.511257,515.516845703125,rain,rain,0.2625611135743972,0.3165050985567766,0.4209337878688262,0.0,0.0,1.0
-119.9668941,39.2519814,2016.028076171875,snow,snow,0.9999997340351516,2.659648484416463e-07,0.0,1.0,0.0,0.0
-119.997440135243,38.8523268965432,1980.7945556640625,snow,snow,0.8702543078852453,0.12974569211475473,0.0,1.0,0.0,0.0
-119.947013752573,38.9609268001652,1902.406005859375,snow,snow,0.9639904283356469,0.03600957166435311,0.0,1.0,0.0,0.0
-119.687775991759,38.9157338576364,1515.9644775390625,mix,mix,0.0015177929140688592,0.998329358369569,0.00015284871636204726,0.0,1.0,0.0
-119.8644301,39.6412057,1511.9696044921875,snow,snow,1.0,0.0,0.0,1.0,0.0,0.0
-120.100268938535,39.3565793114188,1798.48291015625,snow,snow,0.9999987557831742,1.2442168258707266e-06,0.0,1.0,0.0,0.0
-119.810228179279,39.5241175113791,1370.511474609375,snow,mix,0.3229983518909689,0.6770016481090312,0.0,1.0,0.0,0.0
-119.9762565,39.6756042,1534.9154052734375,snow,snow,1.0,0.0,0.0,1.0,0.0,0.0
-119.765895139879,39.4078395663604,1410.70751953125,snow,mix,0.4340546466877761,0.4997810289130795,0.06616432439914435,1.0,0.0,0.0
-119.743535767298,39.5859487850055,1414.6666259765625,snow,snow,0.6499614917928245,0.35003850820717547,0.0,1.0,0.0,0.0
-119.682332739101,38.9170866664652,1535.7108154296875,mix,mix,0.0014756743620744923,0.9983695794958016,0.00015474614212392535,0.0,1.0,0.0
-119.7441919,39.5599827,1356.5489501953125,snow,mix,0.4653557840486944,0.5346442159513056,0.0,1.0,0.0,0.0
-119.704286414654,39.5553531181083,1345.26025390625,mix,mix,0.1682697183129569,0.8317302816870431,0.0,0.0,1.0,0.0
-119.70939413121,39.5456595888498,1341.52783203125,mix,mix,0.16470090164565546,0.8352990983543446,0.0,0.0,1.0,0.0
-119.968332736666,39.6941734801904,1549.4569091796875,snow,snow,0.9088247709461721,0.09117522905382788,0.0,1.0,0.0,0.0
-119.8644387,39.6412092,1511.9696044921875,snow,snow,1.0,0.0,0.0,1.0,0.0,0.0
-120.1363513,39.4437094,1763.386474609375,snow,snow,0.6541320403394129,0.34586795966058714,0.0,1.0,0.0,0.0
-119.8485642,39.5977134,1597.0430908203125,snow,snow,1.0,0.0,0.0,1.0,0.0,0.0
-119.7442205,39.560015,1356.5489501953125,snow,snow,0.9903639590801449,0.009636040919855142,0.0,1.0,0.0,0.0
-119.7675646,39.1789068,1440.6163330078125,snow,snow,0.7945196021019219,0.10300718664655656,0.10247321125152153,1.0,0.0,0.0
-119.811116010061,39.3210296166123,1542.5299072265625,snow,snow,0.9302502445865127,0.06974975541348732,0.0,1.0,0.0,0.0
-119.9668941,39.2519814,2016.028076171875,snow,snow,0.9998974773534635,0.00010252264653653447,0.0,1.0,0.0,0.0
-119.825746775945,39.5148892352923,1390.4053955078125,snow,snow,0.9237832211835271,0.07621677881647293,0.0,1.0,0.0,0.0
-119.70939413121,39.5456595888498,1341.52783203125,snow,snow,0.9981247684705697,0.0018752315294302557,0.0,1.0,0.0,0.0
-119.7054603,39.6659566,1382.35986328125,snow,snow,1.0,0.0,0.0,1.0,0.0,0.0
-119.704395597575,39.5552310602525,1345.26025390625,snow,snow,0.9982018746695572,0.0017981253304428717,0.0,1.0,0.0,0.0
-120.230591,37.838804,893.9960327148438,rain,mix,0.004730266293548896,0.9939776274741248,0.0012921062323264384,0.0,0.0,1.0
-119.762666000229,38.9525211927186,1441.0599365234375,rain,mix,0.00013881186806226527,0.9998611881319377,0.0,0.0,0.0,1.0
-120.315854463897,39.8175342404781,1494.4031982421875,snow,snow,0.9187511864360154,0.08124881356398467,0.0,1.0,0.0,0.0
-120.2747601,37.8155969,754.4419555664062,mix,rain,0.0045265169896315195,0.0012214734314662324,0.9942520095789021,0.0,1.0,0.0
-119.870864012945,38.9750818008433,2201.280517578125,snow,mix,0.20051161789943875,0.40317900356456166,0.3963093785359997,1.0,0.0,0.0
-119.8693182,39.6023995,1591.5308837890625,snow,snow,0.9869424096523401,0.013057590347659891,0.0,1.0,0.0,0.0
-119.9642815,39.2513497,2016.028076171875,snow,snow,0.9998974988195596,0.00010250118044036267,0.0,1.0,0.0,0.0
-120.409308429212,39.6629934530894,1500.3787841796875,snow,snow,0.9026315784981886,0.0973684215018113,0.0,1.0,0.0,0.0
-119.9937929,39.5181023,1494.7957763671875,mix,snow,1.0,0.0,0.0,0.0,1.0,0.0
-119.763558784006,38.9530982509279,1441.0599365234375,mix,rain,0.0001406900985858847,0.0,0.9998593099014141,0.0,1.0,0.0
-119.9762565,39.6756042,1534.9154052734375,mix,snow,0.9381965397774029,0.0,0.06180346022259707,0.0,1.0,0.0
-119.7384914,39.4238796,1366.5106201171875,rain,snow,0.6278261589715929,0.0964271619185801,0.2757466791098271,0.0,0.0,1.0
-119.9619537,39.2539245,2003.246337890625,snow,snow,0.9986556039861583,0.0,0.0013443960138417622,1.0,0.0,0.0
-120.497736703665,38.504570067293,1265.690673828125,rain,snow,0.7190564806704508,0.0,0.2809435193295493,0.0,0.0,1.0
-119.7372956,39.1749857,1412.3084716796875,rain,rain,0.08619715999750978,0.0,0.9138028400024901,0.0,0.0,1.0
-119.9184951,39.6282357,1576.6732177734375,snow,mix,0.09865181423362222,0.8153220159707582,0.0860261697956197,1.0,0.0,0.0
-119.979337103248,38.9446251468085,1898.4395751953125,snow,snow,0.5741277628201936,0.0,0.42587223717980643,1.0,0.0,0.0
-119.7653221,39.1499376,1420.0274658203125,rain,rain,0.09399122031923123,0.0,0.9060087796807689,0.0,0.0,1.0
-120.152423068116,39.1499302482635,1968.499267578125,snow,snow,0.801956381763573,0.0,0.19804361823642702,1.0,0.0,0.0
-119.9668387,39.2519351,2016.028076171875,snow,snow,0.9986914968900682,0.0,0.001308503109931844,1.0,0.0,0.0
-120.100263471319,39.3565711369154,1798.48291015625,snow,snow,0.7618388206128202,0.05514696442450605,0.18301421496267378,1.0,0.0,0.0
-119.7658937,39.1502481,1420.0274658203125,rain,rain,0.09194419048809364,0.0,0.9080558095119065,0.0,0.0,1.0
-119.9668065,39.2519439,2016.028076171875,snow,rain,0.47859010477329145,0.0,0.5214098952267087,1.0,0.0,0.0
-119.7774861,39.1074175,1485.1868896484375,rain,rain,0.09222491030195959,0.0,0.9077750896980404,0.0,0.0,1.0
-119.742290193938,38.9448664143512,1446.9903564453125,rain,rain,0.4500667672278964,0.0,0.5499332327721037,0.0,0.0,1.0
-119.947013752573,38.9609268001652,1902.406005859375,snow,rain,0.17470927030435146,0.0,0.8252907296956484,1.0,0.0,0.0
-120.4442245,39.6648809,1517.802490234375,rain,snow,0.6926187550133387,0.0,0.30738124498666136,0.0,0.0,1.0
-120.100266324082,39.3565800810988,1798.48291015625,snow,snow,0.6564741677749715,0.0,0.3435258322250286,1.0,0.0,0.0
-119.870864012945,38.9750818008433,2201.280517578125,snow,snow,0.911853513059008,0.08814648694099209,0.0,1.0,0.0,0.0
-120.2505537,39.3711687,2037.4736328125,snow,snow,0.8928340887313936,0.0,0.10716591126860645,1.0,0.0,0.0
-119.934010522148,39.2783563883523,2513.06689453125,snow,snow,0.9610547583428124,0.03894524165718765,0.0,1.0,0.0,0.0
-119.898700030243,39.3200002676421,2655.501708984375,snow,snow,0.9761749079618929,0.02382509203810712,0.0,1.0,0.0,0.0
-119.876142094018,39.3265519239729,2412.533935546875,snow,snow,0.9533642885280923,0.025294673379887857,0.021341038092019853,1.0,0.0,0.0
-119.811115338507,39.3210297872714,1542.5299072265625,snow,snow,0.6160999607940432,0.269359991210233,0.11454004799572383,1.0,0.0,0.0
-119.7891857,39.4747538,1367.4193115234375,rain,rain,0.15195798670229435,0.0,0.8480420132977057,0.0,0.0,1.0
-119.848910689527,39.3384406994725,1978.5189208984375,snow,snow,0.967327981859683,0.011066792702594311,0.021605225437722662,1.0,0.0,0.0
-119.848590012528,39.3462418047243,1923.783935546875,snow,snow,0.964108069037757,0.009710728103728188,0.0261812028585148,1.0,0.0,0.0
-119.966801,39.2519857,2016.028076171875,snow,snow,0.959128496255738,0.040871503744261996,0.0,1.0,0.0,0.0
-119.842802884585,39.3735776131169,1874.2142333984375,snow,snow,0.5960265656439563,0.0,0.4039734343560437,1.0,0.0,0.0
-119.799200756446,39.3912542586046,1631.6832275390625,rain,rain,0.04471650558071319,0.0,0.9552834944192868,0.0,0.0,1.0
-119.687782169412,38.9157146957731,1515.9644775390625,snow,snow,0.9174933368643937,0.08250666313560637,0.0,1.0,0.0,0.0
-120.439515829408,39.6470224880966,1521.9703369140625,rain,snow,0.8971308610201925,0.0,0.10286913897980748,0.0,0.0,1.0
-119.7825176,39.2958982,1543.263916015625,mix,snow,0.8861696772428349,0.0,0.1138303227571651,0.0,1.0,0.0
-119.791189155781,39.3941295229842,1590.159912109375,rain,rain,0.02851349804541297,0.0,0.9714865019545871,0.0,0.0,1.0
-119.790892812052,39.4042195346232,1559.9521484375,rain,rain,0.012833795833881737,0.0,0.9871662041661182,0.0,0.0,1.0
-119.79028092887,39.4096066570515,1525.7186279296875,rain,rain,0.009592725263208236,0.0,0.9904072747367918,0.0,0.0,1.0
-119.787846625608,39.415746885565,1525.7186279296875,rain,rain,0.014615084736561194,0.0,0.9853849152634389,0.0,0.0,1.0
-119.7778143,39.1092761,1479.2899169921875,rain,snow,0.9854435105475969,0.0,0.014556489452403124,0.0,0.0,1.0
-120.3794669,39.3248618,2135.20361328125,snow,snow,0.7978003997473131,0.0,0.2021996002526868,1.0,0.0,0.0
-120.352400258535,38.0360062075709,984.2950439453125,rain,snow,0.7480960897725775,0.0,0.2519039102274226,0.0,0.0,1.0
-119.806569959098,39.4116841576182,1603.588623046875,snow,snow,0.8924305583709832,0.0,0.10756944162901681,1.0,0.0,0.0
-119.651262685779,39.3841694956955,1866.9971923828125,snow,snow,0.8694070306290415,0.0,0.1305929693709585,1.0,0.0,0.0
-119.966801,39.2519857,2016.028076171875,snow,snow,0.6568849948455241,0.0,0.3431150051544759,1.0,0.0,0.0
-120.959155575492,39.2596063986408,1005.3335571289062,rain,rain,0.0003354241122554044,0.0,0.9996645758877446,0.0,0.0,1.0
-120.9819497,39.0433751,689.05712890625,rain,rain,0.04241284785975272,0.0,0.9575871521402473,0.0,0.0,1.0
-120.900383141476,39.1503591616474,859.9096069335938,rain,rain,0.029563554914130152,0.0,0.9704364450858698,0.0,0.0,1.0
-120.16298535009,39.3581336278203,1793.0777587890625,snow,snow,0.9703572029334803,0.029642797066519743,0.0,1.0,0.0,0.0
-119.859257,39.637811,1514.82080078125,mix,snow,0.9994952810252135,0.0003342749637411622,0.0001704440110453269,0.0,1.0,0.0
-119.8603762,39.6389529,1506.0162353515625,snow,mix,0.0031914260142739846,0.9966419450369616,0.00016662894876444902,1.0,0.0,0.0
-119.731562260478,39.5848779529423,1366.9332275390625,rain,snow,0.6433037711024211,0.35669622889757896,0.0,0.0,0.0,1.0
-119.925298589811,39.847203954093,1491.7423095703125,rain,snow,0.6268097357564533,0.2800921989658511,0.0930980652776957,0.0,0.0,1.0
-119.9939667,39.518183,1494.7957763671875,snow,snow,0.969782371762777,0.030217628237223012,0.0,1.0,0.0,0.0
-119.950295999653,39.5247941584841,1538.666748046875,snow,snow,0.983779564054393,0.016220435945606924,0.0,1.0,0.0,0.0
-119.964813712972,39.5243801877278,1480.8189697265625,snow,snow,0.9871567912372087,0.012843208762791375,0.0,1.0,0.0,0.0
-119.8693245,39.6024106,1591.5308837890625,snow,snow,0.811307155393179,0.188692844606821,0.0,1.0,0.0,0.0
-120.4689438,39.8055798,1484.389892578125,snow,snow,0.8785060369335789,0.0,0.12149396306642113,1.0,0.0,0.0
-120.966853309827,39.2608179300955,928.4439086914062,rain,rain,0.00032729945761182584,0.0,0.9996727005423882,0.0,0.0,1.0
-120.2505176,39.371201,2037.4736328125,snow,snow,0.9751961363776042,0.02480386362239591,0.0,1.0,0.0,0.0
-119.8486411,39.5978017,1597.0430908203125,snow,snow,0.7739153273073247,0.20614883899005493,0.01993583370262041,1.0,0.0,0.0
-120.315852651576,39.8175334525466,1494.4031982421875,snow,snow,0.8553778184007784,0.053355725046544386,0.09126645655267723,1.0,0.0,0.0
-119.8707863,39.5248938,1486.023193359375,snow,snow,0.9244340698095606,0.07556593019043951,0.0,1.0,0.0,0.0
-119.828665627542,39.5612927072706,1477.43408203125,mix,snow,0.8615682832725389,0.06813159137504002,0.07030012535242113,0.0,1.0,0.0
-120.967625364665,39.2857076037176,1025.0782470703125,rain,rain,0.002641502778069372,0.0,0.9973584972219307,0.0,0.0,1.0
-120.830149060733,39.5590155345455,937.015625,rain,rain,0.278074252811675,0.0,0.721925747188325,0.0,0.0,1.0
-119.8884515,39.5273927,1489.2386474609375,snow,snow,0.9434127057324446,0.05658729426755542,0.0,1.0,0.0,0.0
-119.838076177812,39.5027227277416,1414.5765380859375,rain,rain,0.15161066672948914,0.16317572398658295,0.6852136092839279,0.0,0.0,1.0
-120.103909580721,39.3597824074033,1783.9434814453125,snow,snow,0.7970265827023861,0.11175247826219703,0.09122093903541682,1.0,0.0,0.0
-119.8706236,39.6040284,1603.2662353515625,snow,snow,0.8579596376406808,0.0910809671874349,0.050959395171884206,1.0,0.0,0.0
-120.425399,39.6471113,1499.6859130859375,mix,snow,0.7387036492152347,0.26129635078476526,0.0,0.0,1.0,0.0
-119.709425078296,39.5456438460501,1341.52783203125,rain,rain,0.2836380709309207,0.20989871370184726,0.506463215367232,0.0,0.0,1.0
-119.87935751628,39.5445257363552,1542.7464599609375,snow,snow,0.5821816502848303,0.2503723901513738,0.16744595956379588,1.0,0.0,0.0
-119.8704273,39.5250509,1486.023193359375,mix,snow,0.717247781222209,0.0416544553255543,0.24109776345223674,0.0,1.0,0.0
-119.825639512411,39.5150407811359,1390.4053955078125,rain,rain,0.16373117282594146,0.1603942943293766,0.675874532844682,0.0,0.0,1.0
-119.927922287466,39.5207683833445,1500.779541015625,rain,rain,2.8574747095214587e-06,8.733464598298121e-06,0.9999884090606922,0.0,0.0,1.0
-120.942840446227,39.9446249135849,1056.2681884765625,mix,snow,0.5848582392830293,0.3574405704288337,0.05770119028813705,0.0,1.0,0.0
-119.961525224956,39.2518651477892,2003.246337890625,snow,snow,0.9976443974110571,0.0018226235153695055,0.0005329790735733698,1.0,0.0,0.0
-119.799430931406,39.5708937895158,1488.3441162109375,mix,snow,0.9979694599387027,0.00047256690128432436,0.0015579731600129283,0.0,1.0,0.0
-119.800439065863,39.5722437903129,1488.3441162109375,snow,mix,0.002320124483441704,0.9961691398418835,0.0015107356746748854,1.0,0.0,0.0
-120.177046173834,39.3403676077601,1818.37109375,snow,snow,0.854210430225866,0.07987941662361303,0.06591015315052105,1.0,0.0,0.0
-119.759903858854,39.4445003363269,1369.423095703125,rain,rain,0.0,0.008437422179385928,0.9915625778206141,0.0,0.0,1.0
-120.315852651576,39.8175334525466,1494.4031982421875,snow,snow,0.5688490802847458,0.37230423164356685,0.05884668807168727,1.0,0.0,0.0
-119.796603403594,39.4190222543465,1507.8775634765625,mix,rain,0.02240114414736071,0.05265366563384877,0.9249451902187905,0.0,1.0,0.0
-120.0080721,38.9237122,1905.078125,snow,snow,0.9875290735946588,0.006635696695650008,0.005835229709691211,1.0,0.0,0.0
-119.9937975,39.5181213,1494.7957763671875,mix,mix,0.149606501485466,0.4538287327536019,0.3965647657609322,0.0,1.0,0.0
-119.7825413,39.295842,1543.263916015625,mix,rain,0.195271373354319,0.31397654860727053,0.4907520780384105,0.0,1.0,0.0
-120.4417042,39.6573912,1516.3331298828125,snow,mix,0.007083635321494707,0.9929163646785053,0.0,1.0,0.0,0.0
-120.142569,39.1760903,1991.058837890625,snow,snow,0.9330969950415035,0.0669030049584966,0.0,1.0,0.0,0.0
-120.4689349,39.8056046,1484.389892578125,snow,snow,0.5154596876243616,0.4594122187641366,0.02512809361150177,1.0,0.0,0.0
-119.762563,39.4471218,1369.423095703125,rain,rain,0.0,0.008504995194063962,0.991495004805936,0.0,0.0,1.0
-119.97774874704,38.9045840343247,1942.3338623046875,snow,snow,0.9902744306290581,0.005144904571518556,0.004580664799423399,1.0,0.0,0.0
-120.7826191,38.5111977,515.516845703125,rain,rain,0.32062916710807104,0.0,0.6793708328919289,0.0,0.0,1.0
-119.9666955,39.2520856,2016.028076171875,snow,snow,0.9977456984318959,0.0017441151328580213,0.0005101864352461385,1.0,0.0,0.0
-119.927970053453,39.520740070138,1500.779541015625,rain,rain,2.8507667039713485e-06,8.75540186769658e-06,0.9999883938314283,0.0,0.0,1.0
-119.75370813677,39.4301325687258,1367.1973876953125,rain,rain,0.0,0.10667196451632387,0.8933280354836761,0.0,0.0,1.0
-119.996500727781,38.8704821284944,1950.8565673828125,snow,snow,0.9868727539518833,0.006901652131288409,0.006225593916828284,1.0,0.0,0.0
-119.950295999653,39.5247941584841,1538.666748046875,mix,rain,0.08151639612751735,0.13325603653225593,0.7852275673402268,0.0,1.0,0.0
-120.9688072,38.6639165,416.0556945800781,rain,rain,0.300089918381158,0.0,0.699910081618842,0.0,0.0,1.0
-119.885070189313,39.5321764047945,1516.285888671875,snow,snow,0.41547171544961536,0.4117068347952033,0.17282144975518138,1.0,0.0,0.0
-119.7522427,39.1905187,1433.7567138671875,rain,mix,0.05366635127467482,0.9247247803661612,0.021608868359163903,0.0,0.0,1.0
-120.452678231635,39.6642754460125,1538.229736328125,mix,snow,0.8608781479550729,0.1391218520449272,0.0,0.0,1.0,0.0
-119.870864012945,38.9750818008433,2201.280517578125,snow,snow,0.8608017631500056,0.07427318087965003,0.06492505597034444,1.0,0.0,0.0
-119.786856000402,39.1841524499041,1460.2523193359375,mix,rain,0.06759506136758345,0.06386016431152075,0.8685447743208958,0.0,1.0,0.0
-119.8486673,39.5978211,1597.0430908203125,snow,snow,0.8203857789506587,0.1292186267118676,0.050395594337473704,1.0,0.0,0.0
-119.925298589811,39.847203954093,1491.7423095703125,rain,snow,0.779468184826067,0.2205318151739331,0.0,0.0,0.0,1.0
-120.2449624,39.6784497,1505.601806640625,mix,rain,0.0,0.14031401410196614,0.8596859858980339,0.0,1.0,0.0
-119.7963441,39.41908685,1507.8775634765625,rain,mix,0.035871873482530986,0.8931363254841971,0.07099180103327193,0.0,0.0,1.0
-119.980808434012,38.9396339231502,1908.990234375,snow,snow,0.9828462762365291,0.0,0.017153723763470942,1.0,0.0,0.0
-120.0080721,38.9237122,1905.078125,snow,snow,0.9849415232445169,0.0,0.015058476755483146,1.0,0.0,0.0
-119.885056637431,39.5322077350457,1516.285888671875,mix,rain,0.0,0.06072573543530826,0.9392742645646918,0.0,1.0,0.0
-119.790392216667,39.4086268166667,1525.7186279296875,mix,mix,0.012189960365184058,0.8742277629671333,0.11358227666768256,0.0,1.0,0.0
-119.790908783333,39.40477525,1559.9521484375,mix,mix,0.014872240040047233,0.9117458787646998,0.07338188119525292,0.0,1.0,0.0
-119.790736513761,39.3920241070567,1590.159912109375,mix,mix,0.06460219588570595,0.8557156657756715,0.07968213833862244,0.0,1.0,0.0
-120.71125127682,38.7307029432951,794.8796997070312,rain,mix,0.1997536972574332,0.8002463027425668,0.0,0.0,0.0,1.0
-119.801548933333,39.3904700333333,1631.6832275390625,mix,mix,0.12462070316541027,0.8002576284075561,0.07512166842703363,0.0,1.0,0.0
-119.81098435,39.3867904166667,1676.422119140625,mix,snow,0.6040615744279823,0.3542913759425246,0.04164704962949315,0.0,1.0,0.0
-119.816507116667,39.3845907666667,1719.46435546875,snow,mix,0.03456409680322041,0.9173417084374107,0.048094194759369,1.0,0.0,0.0
-120.4280212,39.6554706,1506.6434326171875,rain,mix,0.04267489022757129,0.6984924208854504,0.2588326888869784,0.0,0.0,1.0
-119.842308466667,39.3741062833333,1771.3431396484375,snow,mix,0.35784768436307723,0.5171155614870343,0.12503675414988855,1.0,0.0,0.0
-119.7616313,39.1562255,1420.0274658203125,rain,mix,0.3135279496601284,0.6717620502377144,0.014710000102157188,0.0,0.0,1.0
-119.847579683333,39.33926,1978.5189208984375,snow,snow,0.674515459294833,0.25362611788430556,0.07185842282086145,1.0,0.0,0.0
-119.7825413,39.295842,1543.263916015625,snow,snow,0.7545997639124259,0.18646267443745856,0.058937561650115655,1.0,0.0,0.0
-119.762563,39.4471218,1369.423095703125,rain,mix,0.0,0.5914943989300234,0.4085056010699767,0.0,0.0,1.0
-119.811103610889,39.3210298533973,1542.5299072265625,snow,snow,0.7357688475651918,0.2642311524348083,0.0,1.0,0.0,0.0
-119.750207263328,39.1853920205186,1433.7567138671875,mix,rain,0.3812536522597885,0.0,0.6187463477402114,0.0,1.0,0.0
-120.5653712,38.7557384,1205.3624267578125,mix,rain,0.2526999919269863,0.0,0.7473000080730138,0.0,1.0,0.0
-119.927934026057,39.5208164804386,1500.779541015625,rain,rain,0.0,0.20936413400745185,0.7906358659925482,0.0,0.0,1.0
-119.950295999653,39.5247941584841,1538.666748046875,rain,rain,0.0,0.11998384455668475,0.8800161554433154,0.0,0.0,1.0
-119.807467218296,39.1962245497365,1641.729248046875,snow,mix,0.2848039909341591,0.4121691324472162,0.30302687661862476,1.0,0.0,0.0
-119.8693237,39.6024084,1591.5308837890625,rain,rain,0.0,0.45080275236770984,0.5491972476322902,0.0,0.0,1.0
-119.9407104,38.9742592,1918.892578125,snow,snow,0.9852170621827483,0.0,0.01478293781725176,1.0,0.0,0.0
-119.939665,38.9912896,2001.6427001953125,snow,snow,0.9840216678662588,0.0,0.015978332133741245,1.0,0.0,0.0
-119.996500723562,38.8704819619694,1950.8565673828125,snow,snow,0.991606505739792,0.0,0.008393494260207964,1.0,0.0,0.0
-119.740440586679,39.3879700512165,1417.261474609375,rain,mix,0.08291966541527197,0.7333493812575688,0.18373095332715927,0.0,0.0,1.0
-119.9666955,39.2520856,2016.028076171875,snow,snow,0.8242571353515644,0.17574286464843564,0.0,1.0,0.0,0.0
-119.823614342802,39.4029963134756,1699.9962158203125,rain,mix,1.5392069629547622e-05,0.9999770643927854,7.543537585060202e-06,0.0,0.0,1.0
-119.823695145024,39.4029543539043,1699.9962158203125,mix,rain,1.542743609686362e-05,5.161530683624749e-05,0.9999329572570669,0.0,1.0,0.0
-119.749518219741,38.9503569124692,1446.9903564453125,rain,snow,0.814382531437904,0.08067983862471233,0.10493762993738369,0.0,0.0,1.0
-119.997440135243,38.8523268965432,1980.7945556640625,snow,snow,0.9916864264585076,0.0,0.008313573541492524,1.0,0.0,0.0
-120.4254077,39.6471023,1499.6859130859375,rain,rain,0.0030406677856913266,0.00039524795063369437,0.9965640842636749,0.0,0.0,1.0
-119.885056637431,39.5322077350457,1516.285888671875,rain,snow,0.531699945899088,0.24986577606276048,0.21843427803815155,0.0,0.0,1.0
-119.99650072332,38.870481952429,1950.8565673828125,snow,snow,0.9955547373468975,0.0,0.004445262653102543,1.0,0.0,0.0
-119.962846213398,39.2474005196451,1922.8812255859375,snow,snow,0.9982248669611647,0.0,0.001775133038835149,1.0,0.0,0.0
-119.740730558706,39.5813542627957,1362.42431640625,rain,snow,0.5108492240338659,0.17431691174268224,0.31483386422345194,0.0,0.0,1.0
-119.8487627,39.5977671,1597.0430908203125,snow,snow,0.9999561916983958,3.9354317290450054e-05,4.453984313784537e-06,1.0,0.0,0.0
-119.682323550895,38.9170936090493,1535.7108154296875,rain,snow,1.0,0.0,0.0,0.0,0.0,1.0
-119.687782169412,38.9157146957731,1515.9644775390625,snow,rain,0.0017625715568533517,0.0,0.9982374284431466,1.0,0.0,0.0
-119.9666955,39.2520856,2016.028076171875,snow,snow,0.9982156949389367,0.0,0.0017843050610633663,1.0,0.0,0.0
-120.4280212,39.6554706,1506.6434326171875,rain,rain,0.0031706874656983776,0.00038990906435808047,0.9964394034699435,0.0,0.0,1.0
-119.925298589811,39.847203954093,1491.7423095703125,rain,snow,0.4619393654029674,0.18072201453312273,0.3573386200639099,0.0,0.0,1.0
-120.315852651576,39.8175334525466,1494.4031982421875,snow,rain,0.11851070256206932,0.0640060624204876,0.8174832350174431,1.0,0.0,0.0
-119.945423433631,39.2752529777744,2182.246337890625,snow,snow,0.9749702875230482,0.0,0.025029712476951873,1.0,0.0,0.0
-119.997440135243,38.8523268965432,1980.7945556640625,snow,snow,0.995449649331134,0.0,0.00455035066886599,1.0,0.0,0.0
-119.7469094,39.4250677,1368.7227783203125,rain,rain,0.0524600877171941,0.013867429087407214,0.9336724831953988,0.0,0.0,1.0
-120.0080721,38.9237122,1905.078125,snow,snow,0.990716243642996,0.0,0.009283756357004022,1.0,0.0,0.0
-119.8693206,39.6024025,1591.5308837890625,mix,snow,0.9520545897781276,0.0,0.04794541022187235,0.0,1.0,0.0
-119.979319153839,38.9445756209451,1898.4395751953125,snow,snow,0.9871575166961687,0.0,0.012842483303831287,1.0,0.0,0.0
-119.762584,39.4471145,1369.423095703125,rain,rain,0.05937303960700137,0.017570978456388407,0.9230559819366103,0.0,0.0,1.0
-119.8486492,39.5978227,1597.0430908203125,snow,snow,0.9999565196050152,3.9028970859108405e-05,4.45142412574082e-06,1.0,0.0,0.0
-120.9688016,38.6639034,416.0556945800781,rain,snow,0.6335280520931927,0.36647194790680726,0.0,0.0,0.0,1.0
-120.175538684964,39.3534418987256,1832.049560546875,snow,snow,0.990671757367688,0.006734632423885367,0.00259361020842673,1.0,0.0,0.0
-119.997440135243,38.8523268965432,1980.7945556640625,snow,snow,0.9397477559735613,0.058569831932857,0.0016824120935816794,1.0,0.0,0.0
-119.964919762453,39.5242436695708,1480.8189697265625,mix,mix,0.0,0.9745512301295072,0.02544876987049289,0.0,1.0,0.0
-119.88510432534,39.5322079377151,1516.285888671875,mix,mix,0.0,0.9775827595247341,0.02241724047526594,0.0,1.0,0.0
-119.7625674,39.4471141,1369.423095703125,rain,rain,0.0,0.39215064223663243,0.6078493577633677,0.0,0.0,1.0
-119.9185137,39.6282089,1576.6732177734375,mix,mix,0.0,0.8645704236083329,0.13542957639166714,0.0,1.0,0.0
-120.162963483089,39.3581799627845,1793.0777587890625,snow,snow,0.9899155337895015,0.007299351236920436,0.002785114973578058,1.0,0.0,0.0
-120.0209766,38.8535369,1926.832763671875,snow,snow,0.9999985428057186,1.420585514261851e-06,3.6608767039996296e-08,1.0,0.0,0.0
-119.929369407667,39.5225913065092,1500.779541015625,mix,mix,0.0,0.9738611951318342,0.026138804868165815,0.0,1.0,0.0
-119.996491418511,38.9160694271861,1909.7303466796875,mix,mix,0.13808424074625567,0.8601043114705968,0.001811447783147354,0.0,1.0,0.0
-119.74245687307,39.5751425872095,1396.403564453125,rain,mix,0.0,0.5276433412108914,0.4723566587891086,0.0,0.0,1.0
-119.823713277657,39.402945182483,1699.9962158203125,rain,mix,0.0,0.5092598658779015,0.49074013412209855,0.0,0.0,1.0
-119.800591419779,39.5708783080025,1488.3441162109375,rain,mix,0.0,0.948999036883077,0.051000963116923086,0.0,0.0,1.0
-119.925298589811,39.847203954093,1491.7423095703125,rain,mix,0.0,0.6873981244782142,0.3126018755217858,0.0,0.0,1.0
-119.8488103,39.5977949,1597.0430908203125,mix,mix,0.0,0.8452822154047646,0.15471778459523544,0.0,1.0,0.0
-119.8693187,39.6024062,1591.5308837890625,mix,mix,0.0,0.9052304974618749,0.09476950253812522,0.0,1.0,0.0
-119.9478353,39.0023863,1926.93798828125,snow,mix,0.2555014575335244,0.714386630386573,0.030111912079902617,1.0,0.0,0.0
-119.9666955,39.2520856,2016.028076171875,snow,rain,0.4143118848713759,0.1542729064947387,0.4314152086338854,1.0,0.0,0.0
-119.801340689993,39.5729166372339,1488.3441162109375,rain,rain,0.0,0.4688638437436724,0.5311361562563277,0.0,0.0,1.0
-119.7516579,39.1907089,1433.7567138671875,rain,rain,0.37091934272225957,0.15301268095750867,0.47606797632023173,0.0,0.0,1.0
-119.996500728276,38.8704821480549,1950.8565673828125,snow,snow,0.8577622024154457,0.139923976627705,0.0023138209568492997,1.0,0.0,0.0
-119.8704438,39.525045,1486.023193359375,mix,mix,0.0,0.9473013753307978,0.05269862466920214,0.0,1.0,0.0
-119.831935532165,39.5577183652031,1477.43408203125,mix,mix,0.0,0.5292691595912561,0.47073084040874397,0.0,1.0,0.0
-119.799959174634,39.570917576332,1488.3441162109375,mix,rain,0.0,0.0005422913141078916,0.9994577086858921,0.0,1.0,0.0
-119.979341180102,38.9445707727369,1898.4395751953125,mix,mix,0.26598464713872627,0.7273804711407847,0.006634881720488981,0.0,1.0,0.0
-119.687775268987,38.915734526937,1515.9644775390625,rain,rain,0.0013616637054058047,0.001059425976970359,0.9975789103176238,0.0,0.0,1.0
-120.0080721,38.9237122,1905.078125,mix,mix,0.11366257401466799,0.8846197235545152,0.0017177024308167655,0.0,1.0,0.0
-119.682357497971,38.917157934297,1535.7108154296875,rain,rain,0.0013177871206439351,0.0010242523742801215,0.9976579605050759,0.0,0.0,1.0
-120.0209382,38.8534953,1926.832763671875,snow,snow,0.9999985440977146,1.4192882156591414e-06,3.661406983902915e-08,1.0,0.0,0.0
-119.7607293,39.1564745,1420.0274658203125,rain,rain,0.029929022924359,0.057757795648788315,0.9123131814268527,0.0,0.0,1.0
-120.2243746,37.8408097,893.9960327148438,rain,rain,0.0,0.40152905309349335,0.5984709469065067,0.0,0.0,1.0
-120.000945839724,38.8671278607213,1948.97900390625,mix,rain,0.0,0.00754540593541433,0.9924545940645857,0.0,1.0,0.0
-119.950295999653,39.5247941584841,1538.666748046875,rain,rain,0.0,0.0,1.0,0.0,0.0,1.0
-119.825715859968,39.5149820290395,1390.4053955078125,rain,rain,0.0,0.0,1.0,0.0,0.0,1.0
-119.870864012945,38.9750818008433,2201.280517578125,mix,rain,0.0,0.33700331787359467,0.6629966821264054,0.0,1.0,0.0
-119.8323218,39.479049,1471.4849853515625,rain,rain,0.0,0.0,1.0,0.0,0.0,1.0
-119.822795616152,39.4175861174116,1609.224365234375,rain,rain,0.0,0.0,1.0,0.0,0.0,1.0
-120.100263669135,39.3565823415632,1798.48291015625,rain,rain,0.2408235804643,0.21985978282018517,0.5393166367155148,0.0,0.0,1.0
-119.8486797,39.5978056,1597.0430908203125,rain,rain,0.0,0.0,1.0,0.0,0.0,1.0
-119.7851985,39.5032855,1347.0509033203125,rain,rain,0.0,0.0,1.0,0.0,0.0,1.0
-119.838076177812,39.5027227277416,1414.5765380859375,rain,rain,0.0,0.0,1.0,0.0,0.0,1.0
-119.7469094,39.4250677,1368.7227783203125,rain,rain,0.0,0.0,1.0,0.0,0.0,1.0
-119.820452395727,39.5449316300139,1401.09716796875,rain,rain,0.0,0.0,1.0,0.0,0.0,1.0
-119.945423433631,39.2752529777744,2182.246337890625,snow,mix,0.0,0.8241488329170643,0.1758511670829358,1.0,0.0,0.0
-119.76593003363,39.4078435188324,1410.70751953125,rain,rain,0.0,0.0,1.0,0.0,0.0,1.0
-119.7513162,39.1910321,1433.7567138671875,rain,rain,0.03425151503607808,0.05302731817391601,0.9127211667900059,0.0,0.0,1.0
-120.0079512,38.9237982,1905.078125,mix,rain,0.0,0.19252466711384586,0.8074753328861541,0.0,1.0,0.0
-119.997440135243,38.8523268965432,1980.7945556640625,rain,mix,0.0,0.5951857605811992,0.40481423941880085,0.0,0.0,1.0
-119.996500723057,38.8704819420501,1950.8565673828125,rain,mix,0.0,0.9308919052206737,0.06910809477932638,0.0,0.0,1.0
-119.9625817,39.2477829,1922.8812255859375,mix,snow,0.842844814343242,0.0,0.157155185656758,0.0,1.0,0.0
-119.979319153839,38.9445756209451,1898.4395751953125,rain,mix,0.0,0.8123546412296272,0.18764535877037286,0.0,0.0,1.0
-120.166493370708,39.1420890388354,1993.328857421875,rain,rain,0.07666068303888063,0.0,0.9233393169611193,0.0,0.0,1.0
-120.207645209364,39.3255048047031,1842.712646484375,rain,rain,0.038164649659604186,0.0,0.9618353503403958,0.0,0.0,1.0
-119.9453527,39.2501893,1992.6064453125,rain,rain,0.003152575496791828,0.0,0.9968474245032081,0.0,0.0,1.0
-119.9509109,39.2717241,2182.246337890625,rain,rain,0.002846865488872204,0.0,0.9971531345111277,0.0,0.0,1.0
-119.870864012945,38.9750818008433,2201.280517578125,rain,rain,0.19241754369211675,0.0,0.8075824563078833,0.0,0.0,1.0
-120.1916475,37.836931,872.5946044921875,rain,rain,0.04136695785120047,0.0,0.9586330421487996,0.0,0.0,1.0
-120.352383509118,38.0360193006697,984.2950439453125,rain,rain,0.05423967000585701,0.0,0.945760329994143,0.0,0.0,1.0
-119.950295999653,39.5247941584841,1538.666748046875,rain,rain,0.038361457787542394,0.0,0.9616385422124576,0.0,0.0,1.0
-119.996500728813,38.8704821692352,1950.8565673828125,rain,snow,0.8437912504638978,0.0,0.15620874953610223,0.0,0.0,1.0
-119.997440135243,38.8523268965432,1980.7945556640625,snow,rain,0.0,0.0,1.0,1.0,0.0,0.0
-119.99644100345,38.9161117664889,1909.7303466796875,rain,rain,0.29211984226917814,0.0,0.7078801577308219,0.0,0.0,1.0
-119.743222680985,38.9393333652787,1449.3260498046875,rain,rain,0.0,0.0,1.0,0.0,0.0,1.0
-120.711251287723,38.7307031680765,794.8796997070312,rain,rain,0.0,0.0,1.0,0.0,0.0,1.0
-120.162963483089,39.3581799627845,1793.0777587890625,rain,rain,0.0,0.0,1.0,0.0,0.0,1.0
-120.352383601909,38.0360192798042,984.2950439453125,rain,rain,0.0,0.0,1.0,0.0,0.0,1.0
-120.2438165,39.6787992,1505.601806640625,rain,rain,0.0,0.1088006161233804,0.8911993838766197,0.0,0.0,1.0
-120.221684541804,39.1815760117717,1997.417236328125,mix,rain,0.0,0.0,1.0,0.0,1.0,0.0
-120.4688941,39.8055972,1484.389892578125,rain,rain,0.0,0.08363483278553435,0.9163651672144657,0.0,0.0,1.0
-119.8644266,39.6411794,1511.9696044921875,rain,rain,0.0,0.18262190492581262,0.8173780950741873,0.0,0.0,1.0
-119.950296709663,39.5247957256736,1538.666748046875,rain,rain,0.01137212183449643,0.0,0.9886278781655035,0.0,0.0,1.0
-119.838077299684,39.5027224607121,1414.5765380859375,rain,rain,0.0,0.03537479556499453,0.9646252044350055,0.0,0.0,1.0
-119.9936969,39.5180986,1494.7957763671875,rain,rain,0.013688244156753742,0.0,0.9863117558432463,0.0,0.0,1.0
-119.8692297,39.6023244,1591.5308837890625,rain,rain,0.0,1.3521362361018815e-07,0.9999998647863764,0.0,0.0,1.0
-120.0079625,38.9238063,1905.078125,rain,rain,0.08577911676346854,0.11190090005094573,0.8023199831855857,0.0,0.0,1.0
-120.166538429785,39.1420271588592,1993.328857421875,snow,rain,0.23764665394672313,0.19312488244034612,0.5692284636129308,1.0,0.0,0.0
-119.8644302,39.641122,1511.9696044921875,rain,rain,0.0,0.004486303386110933,0.9955136966138891,0.0,0.0,1.0
-120.968799,38.6639057,416.0556945800781,rain,rain,0.3779667954579784,0.13252347070362397,0.4895097338383976,0.0,0.0,1.0
-119.8693079,39.6024189,1591.5308837890625,rain,rain,0.0,1.3511449359290707e-07,0.9999998648855064,0.0,0.0,1.0
-119.779786141981,39.0458987035148,1419.5350341796875,rain,rain,0.3240184761593866,0.1334173606858276,0.5425641631547858,0.0,0.0,1.0
-119.968697016565,38.9040976090512,1928.4522705078125,rain,rain,0.1138051501470013,0.23904676626724666,0.6471480835857522,0.0,0.0,1.0
-119.983318313997,38.9423430593484,1906.83544921875,rain,rain,0.07789495497684476,0.05610314706833147,0.8660018979548237,0.0,0.0,1.0
-119.996497604995,38.8704557973998,1950.8565673828125,mix,rain,0.40320420952833147,0.0,0.5967957904716686,0.0,1.0,0.0
-119.892335154823,38.979891674231,2223.889892578125,snow,rain,0.050015253126105726,0.05594296106642038,0.894041785807474,1.0,0.0,0.0
-119.8487018,39.5976636,1597.0430908203125,rain,rain,0.0,0.001453706055155742,0.9985462939448443,0.0,0.0,1.0
-119.975937372185,39.2511404073231,2000.5023193359375,mix,rain,0.23712282358522255,0.002512556491501574,0.7603646199232759,0.0,1.0,0.0
-119.9557899,39.250053,2003.246337890625,rain,mix,0.32515176768446374,0.6632985362313533,0.011549696084183082,0.0,0.0,1.0
-119.777524303595,39.3826713419179,1543.31201171875,rain,rain,0.10628223960304685,0.37751514043292655,0.5162026199640266,0.0,0.0,1.0
-120.029476806049,38.8461559710726,1962.851318359375,snow,mix,0.03282640420932366,0.5934372717362238,0.37373632405445256,1.0,0.0,0.0
-119.947009634649,38.9609243994959,1902.406005859375,rain,rain,0.24327262133798475,0.049684128454028684,0.7070432502079866,0.0,0.0,1.0
-119.9522083,39.2714639,2182.246337890625,snow,rain,0.006704063727464686,0.38052541902327147,0.6127705172492638,1.0,0.0,0.0
-119.650790654837,39.3490909188315,2097.31298828125,mix,rain,0.08615820247030365,0.07141686937011227,0.842424928159584,0.0,1.0,0.0
-119.870873606582,38.9750825584537,2201.280517578125,mix,rain,0.18421345476941767,0.0,0.8157865452305822,0.0,1.0,0.0
-119.751501,39.181549,1429.7259521484375,rain,rain,0.00023728487332807865,0.0006713992011431667,0.9990913159255287,0.0,0.0,1.0
-119.7577967,39.1848685,1429.7259521484375,rain,rain,0.00023698005778375903,0.0006651155932219903,0.9990979043489943,0.0,0.0,1.0
-119.950296709663,39.5247957256736,1538.666748046875,rain,rain,0.08298917149228663,0.12152862889639807,0.7954821996113153,0.0,0.0,1.0
-119.688047214793,38.9160487068821,1515.9644775390625,rain,rain,0.13478514147897983,0.3745433734045081,0.4906714851165121,0.0,0.0,1.0
-120.0079625,38.9238063,1905.078125,rain,snow,0.5879244674457906,0.1870484388015678,0.22502709375264163,0.0,0.0,1.0
-120.012398997908,38.8566852320231,1933.7830810546875,snow,rain,0.0,0.09441116808446388,0.9055888319155362,1.0,0.0,0.0
-120.11142018327,38.8029531993411,2017.3365478515625,rain,snow,0.5793308849242992,0.07926679614528741,0.3414023189304134,0.0,0.0,1.0
-120.4688941,39.8055972,1484.389892578125,rain,rain,0.0,0.02403729535258323,0.9759627046474169,0.0,0.0,1.0
-120.6017607,39.3254407,1662.05615234375,rain,rain,0.0,0.00010529629865171786,0.9998947037013484,0.0,0.0,1.0
-120.0394139,38.4648266,2179.04638671875,mix,rain,0.0,0.0,1.0,0.0,1.0,0.0
-120.611040609765,39.3187061698844,1739.359375,rain,rain,0.0,0.00010278430771958768,0.9998972156922805,0.0,0.0,1.0
-120.653469557027,39.3044271176445,1638.441650390625,rain,rain,0.0,0.0006487351671744335,0.9993512648328255,0.0,0.0,1.0
-120.721730719863,39.2691375453369,1538.5841064453125,rain,rain,0.0,0.0008495626550728306,0.9991504373449273,0.0,0.0,1.0
-120.752289415151,39.2409743964251,1390.3968505859375,rain,rain,0.0,0.0009283258781100436,0.99907167412189,0.0,0.0,1.0
-120.9750449,39.0443509,702.5865478515625,rain,rain,0.0,0.015616092079387571,0.9843839079206124,0.0,0.0,1.0
-120.814314991746,39.1989888021135,1076.8819580078125,rain,rain,0.0,0.002467186788825181,0.9975328132111749,0.0,0.0,1.0
-120.4688941,39.8055972,1484.389892578125,rain,rain,0.0,0.10105043200717034,0.8989495679928298,0.0,0.0,1.0
-120.45283231713,39.6640493441386,1538.229736328125,rain,rain,0.06960657815369989,0.06969590224335047,0.8606975196029497,0.0,0.0,1.0
-120.9688234,38.6639099,416.0556945800781,rain,rain,0.13047129181630682,0.13068772599684284,0.7388409821868503,0.0,0.0,1.0
-120.175775358265,39.3533412453715,1832.049560546875,rain,snow,0.7441766932322216,0.21602511737687333,0.03979818939090505,0.0,0.0,1.0
-120.176583769363,39.3541033064694,1882.773681640625,mix,rain,0.4371998901004825,0.0,0.5628001098995176,0.0,1.0,0.0
-120.162961693274,39.3581812362953,1793.0777587890625,rain,rain,0.2835862341338536,0.2216440770232608,0.49476968884288564,0.0,0.0,1.0
-119.9936614,39.5181399,1494.7957763671875,rain,rain,0.0013554687832220867,0.05400572545624204,0.9446388057605358,0.0,0.0,1.0
-119.9807751,39.5169633,1517.4693603515625,rain,rain,0.0014962859191855631,0.11919008670141204,0.8793136273794024,0.0,0.0,1.0
-120.175340354987,39.3544077283254,1832.049560546875,snow,rain,0.0,0.2109445728482264,0.7890554271517736,1.0,0.0,0.0
-120.176988850232,39.3583294371171,1882.773681640625,rain,mix,0.33358867041656065,0.3780748465995646,0.2883364829838748,0.0,0.0,1.0
-119.950296709663,39.5247957256736,1538.666748046875,mix,rain,0.004940794336438333,0.0,0.9950592056635617,0.0,1.0,0.0
-120.007681757803,39.527509317236,1521.617431640625,rain,rain,0.0028812177424281968,0.06828891049998075,0.928829871757591,0.0,0.0,1.0
-120.2505615,39.3711154,2037.4736328125,rain,rain,0.19731581745550034,0.20414301036010077,0.5985411721843988,0.0,0.0,1.0
-119.87159799033,39.5313473481546,1503.12060546875,rain,rain,0.0,0.21252860852197966,0.7874713914780204,0.0,0.0,1.0
-119.9601203,39.2537202,2003.246337890625,rain,rain,0.14917343619621978,0.1482260627865411,0.7026005010172391,0.0,0.0,1.0
-119.833814002311,39.559149446567,1506.2060546875,rain,rain,0.0,0.1156157337451231,0.8843842662548769,0.0,0.0,1.0
-119.9762565,39.6756042,1534.9154052734375,rain,rain,0.0,0.0,1.0,0.0,0.0,1.0
-120.0977136,39.202699,1929.392578125,rain,rain,0.0,0.24176137959150862,0.7582386204084914,0.0,0.0,1.0
-119.822795616152,39.4175861174116,1609.224365234375,rain,rain,0.0,0.0,1.0,0.0,0.0,1.0
-119.885056653455,39.532208635043,1516.285888671875,rain,rain,0.0,0.0,1.0,0.0,0.0,1.0
-119.8644389,39.6412104,1511.9696044921875,rain,rain,0.0,0.0,1.0,0.0,0.0,1.0
-119.778008286646,39.3826765570098,1549.0029296875,rain,rain,0.0,0.0,1.0,0.0,0.0,1.0
-119.709396333003,39.5456620469081,1341.52783203125,rain,rain,0.0,0.0,1.0,0.0,0.0,1.0
-119.7442494,39.560023,1356.5489501953125,rain,rain,0.0,0.0,1.0,0.0,0.0,1.0
-119.7371198,39.1756603,1412.3084716796875,rain,rain,0.0,0.1914600565267143,0.8085399434732857,0.0,0.0,1.0
-119.838077565065,39.5027237982125,1414.5765380859375,rain,rain,0.0,0.0,1.0,0.0,0.0,1.0
-119.996496777958,38.8704563529218,1950.8565673828125,rain,snow,0.8475609578804862,0.058166702966993,0.09427233915252077,0.0,0.0,1.0
-119.831908339319,39.557730952465,1477.43408203125,rain,rain,0.0,0.0,1.0,0.0,0.0,1.0
-119.810077235615,39.4114740819809,1603.588623046875,rain,rain,0.0,0.0,1.0,0.0,0.0,1.0
-119.649874363415,39.3096417552044,1958.845703125,rain,rain,0.0,0.0,1.0,0.0,0.0,1.0
-120.004848879671,38.9316435014555,1900.0968017578125,rain,rain,0.18262031303636908,0.3675963624114028,0.4497833245522282,0.0,0.0,1.0
-119.927046922606,38.9249938652167,2467.2138671875,mix,rain,0.11317285517685177,0.21539765027467306,0.6714294945484751,0.0,1.0,0.0
-119.892335154823,38.979891674231,2223.889892578125,rain,mix,0.011457579198405225,0.9381560093301926,0.05038641147140207,0.0,0.0,1.0
-119.870873606582,38.9750825584537,2201.280517578125,mix,rain,0.010822060869425429,0.05956855460985586,0.9296093845207187,0.0,1.0,0.0
-119.997427110752,38.8523393539956,1980.7945556640625,snow,rain,0.0,0.04587553072238935,0.9541244692776106,1.0,0.0,0.0
-120.4841842,39.3126233,1831.4783935546875,rain,rain,0.0,0.0,1.0,0.0,0.0,1.0
-120.7439523,39.2463341,1407.3509521484375,rain,rain,0.0,0.0,1.0,0.0,0.0,1.0
-120.3873208,39.32588,2093.628662109375,rain,rain,0.0,0.0,1.0,0.0,0.0,1.0
-120.3840109,39.326383,2093.628662109375,rain,rain,0.0,0.0,1.0,0.0,0.0,1.0
-120.350852,39.3368011,2207.297119140625,rain,rain,0.0,0.0,1.0,0.0,0.0,1.0
-120.2908776,39.330552,1920.78564453125,rain,rain,0.0,0.0,1.0,0.0,0.0,1.0
-120.2906224,39.3306205,1920.78564453125,rain,rain,0.0,0.0,1.0,0.0,0.0,1.0
-120.2293598,39.3251034,1887.5587158203125,rain,rain,0.0,0.0,1.0,0.0,0.0,1.0
-120.352342507428,38.0360244530461,984.2950439453125,rain,rain,0.0,0.0,1.0,0.0,0.0,1.0
-119.996494486082,38.8704771349116,1950.8565673828125,rain,rain,0.0,0.0,1.0,0.0,0.0,1.0
-119.979318036649,38.9445761327346,1898.4395751953125,rain,rain,0.0,0.0,1.0,0.0,0.0,1.0
-120.352320442041,38.036049421569,984.2950439453125,rain,rain,0.0,0.0,1.0,0.0,0.0,1.0
-120.1914688,37.8368815,872.5946044921875,rain,rain,0.0,0.0,1.0,0.0,0.0,1.0
-120.00806,38.9238025,1905.078125,rain,rain,0.0,0.0,1.0,0.0,0.0,1.0
-120.9688173,38.6639033,416.0556945800781,rain,rain,0.0,0.0,1.0,0.0,0.0,1.0
-120.5675167,38.3786627,625.4950561523438,rain,rain,0.0,0.0,1.0,0.0,0.0,1.0
-119.979318036649,38.9445761327346,1898.4395751953125,rain,rain,0.0,0.0,1.0,0.0,0.0,1.0
-120.71125099254,38.7307046107945,794.8796997070312,rain,rain,0.10756230517851272,0.31522648500666844,0.5772112098148188,0.0,0.0,1.0
-119.8692958,39.6024178,1591.5308837890625,rain,rain,0.0953798705859894,0.2831205160027986,0.621499613411212,0.0,0.0,1.0
-118.992964058111,37.6435821321237,2526.55078125,rain,rain,0.0,0.3913196242155239,0.6086803757844762,0.0,0.0,1.0
-118.999062802294,37.6500399033622,2533.844482421875,mix,rain,0.0,0.0004223208808040789,0.9995776791191959,0.0,1.0,0.0
-119.032689274629,37.6544225353283,2707.43310546875,snow,mix,0.0,0.5497175176243939,0.45028248237560614,1.0,0.0,0.0
-118.967577439952,37.6472861509041,2393.76123046875,rain,rain,0.0,0.18482396626748013,0.8151760337325198,0.0,0.0,1.0
-118.982295265465,37.6485998050341,2476.782470703125,rain,rain,0.0,0.17977525544058187,0.8202247445594182,0.0,0.0,1.0
-118.988347675051,37.6538316106319,2476.782470703125,rain,rain,0.0,0.21267240774312773,0.7873275922568723,0.0,0.0,1.0
-118.99453500808,37.6558870426784,2533.844482421875,rain,rain,0.0,0.3648571962514451,0.6351428037485549,0.0,0.0,1.0
-118.999170811341,37.6500736465316,2533.844482421875,rain,mix,0.0,0.9995422087883113,0.00045779121168867585,0.0,0.0,1.0
-119.004422096419,37.6508665099904,2630.900634765625,mix,mix,0.007176831005771998,0.7757859455328172,0.21703722346141074,0.0,1.0,0.0
-119.007440639669,37.650833930214,2630.900634765625,mix,mix,0.01030027287296726,0.8333345589646565,0.15636516816237633,0.0,1.0,0.0
-119.012504859511,37.648766910408,2687.478515625,snow,snow,0.9999108829314071,0.0,8.911706859303256e-05,1.0,0.0,0.0
-119.020887875357,37.6498214663322,2671.5458984375,snow,snow,0.9999103891427417,0.0,8.961085725829372e-05,1.0,0.0,0.0
-120.0394344,38.4648254,2179.04638671875,rain,rain,0.28088946676538085,0.0,0.7191105332346192,0.0,0.0,1.0
-119.8693183,39.6024648,1591.5308837890625,rain,rain,1.1783084411935736e-09,0.0,0.9999999988216915,0.0,0.0,1.0
-119.950296709663,39.5247957256736,1538.666748046875,rain,rain,0.0017497566840424784,0.0,0.9982502433159576,0.0,0.0,1.0
-119.8693241,39.6024149,1591.5308837890625,rain,rain,1.17836055385931e-09,0.0,0.9999999988216394,0.0,0.0,1.0
-119.8644281,39.641211,1511.9696044921875,rain,rain,0.0003203486373304282,0.0,0.9996796513626696,0.0,0.0,1.0
-119.697247687191,39.579176726282,1438.1224365234375,rain,rain,0.00272105950502661,0.0,0.9972789404949733,0.0,0.0,1.0
-119.9667703,39.251992,2016.028076171875,rain,rain,0.0,0.0,1.0,0.0,0.0,1.0
-119.8693014,39.602427,1591.5308837890625,rain,rain,0.0,0.0,1.0,0.0,0.0,1.0
-119.87159799033,39.5313473481546,1503.12060546875,rain,rain,0.0,0.0,1.0,0.0,0.0,1.0
-120.100261438921,39.3565706596934,1798.48291015625,rain,rain,0.0,0.0,1.0,0.0,0.0,1.0
-120.315857472015,39.8175337065258,1494.4031982421875,rain,rain,0.0,0.0,1.0,0.0,0.0,1.0
-119.9444819,38.9557818,1902.406005859375,rain,rain,0.0,0.0,1.0,0.0,0.0,1.0
-119.9643817,38.9459528,1899.37109375,rain,rain,0.0,0.0,1.0,0.0,0.0,1.0
-120.0977337,39.2026964,1929.392578125,rain,rain,0.0,0.0,1.0,0.0,0.0,1.0
-119.8487964,39.5977368,1597.0430908203125,rain,rain,0.0,0.0,1.0,0.0,0.0,1.0
-120.2439085,39.6786789,1505.601806640625,rain,rain,0.0,0.0,1.0,0.0,0.0,1.0
-119.8693197,39.6024154,1591.5308837890625,rain,rain,0.0,0.0,1.0,0.0,0.0,1.0
-120.100262320007,39.3565706539046,1798.48291015625,rain,rain,0.0,0.0,1.0,0.0,0.0,1.0
-119.811127898015,39.3210274607058,1542.5299072265625,rain,rain,0.0,0.0,1.0,0.0,0.0,1.0
-119.8693197,39.6024154,1591.5308837890625,rain,rain,0.0,0.0,1.0,0.0,0.0,1.0
-120.9819501,39.0433666,689.05712890625,rain,rain,0.0,0.0,1.0,0.0,0.0,1.0
-120.968807,38.6639144,416.0556945800781,rain,rain,0.0,0.0,1.0,0.0,0.0,1.0
-120.689659947577,38.6953701871216,809.8617553710938,rain,rain,0.0,0.0,1.0,0.0,0.0,1.0
-120.981947,39.0433932,689.05712890625,rain,rain,0.0,0.0,1.0,0.0,0.0,1.0
-120.315857025926,39.8175322562002,1494.4031982421875,rain,rain,0.0,0.0,1.0,0.0,0.0,1.0
-120.2441673,39.6787082,1505.601806640625,rain,rain,0.0,0.0,1.0,0.0,0.0,1.0
-120.9688262,38.6639057,416.0556945800781,rain,rain,0.0,0.0,1.0,0.0,0.0,1.0
-120.711248860875,38.7307042888167,794.8796997070312,rain,rain,0.0,0.0,1.0,0.0,0.0,1.0
-120.1087345,39.3457473,1855.036376953125,rain,rain,0.018024928351311444,0.0643293979571749,0.9176456736915136,0.0,0.0,1.0
-120.000902015415,38.8672702306714,1948.97900390625,rain,snow,0.9509733861563864,0.005904878165210819,0.04312173567840275,0.0,0.0,1.0
-119.9667999,39.2519219,2016.028076171875,rain,rain,0.07643824687366375,0.43012785819853566,0.49343389492780054,0.0,0.0,1.0
-120.4689223,39.8056025,1484.389892578125,rain,rain,0.14012446369077966,0.11903300060773733,0.7408425357014831,0.0,0.0,1.0
-120.176942073777,39.3403186531518,1818.37109375,rain,mix,0.03779989875660473,0.8693817394748284,0.09281836176856688,0.0,0.0,1.0
-120.100247123268,39.3565735173359,1798.48291015625,rain,rain,0.017525796951673677,0.054446631154257116,0.9280275718940693,0.0,0.0,1.0
-119.9937708,39.5180216,1494.7957763671875,rain,rain,0.0,0.002060130342595202,0.9979398696574049,0.0,0.0,1.0
-119.979056715583,38.9445928461079,1898.4395751953125,rain,rain,0.3114995124236096,0.11673056293085571,0.5717699246455347,0.0,0.0,1.0
-119.9808047,39.5169549,1517.4693603515625,rain,rain,0.0,0.0019152287716208262,0.9980847712283792,0.0,0.0,1.0
-120.352316456769,38.0360250450561,984.2950439453125,rain,rain,0.041799437766512376,0.05077336742151603,0.9074271948119715,0.0,0.0,1.0
-119.8644181,39.6412017,1511.9696044921875,rain,rain,0.03874679757722786,0.038926795399210776,0.9223264070235614,0.0,0.0,1.0
-120.2504551,39.3711999,2037.4736328125,snow,rain,0.021732944363189274,0.4024606112576218,0.575806444379189,1.0,0.0,0.0
-120.153003246687,39.0683108398954,1952.60888671875,mix,rain,0.1723002884964593,0.36889113573896104,0.4588085757645797,0.0,1.0,0.0
-120.2260884,37.8590236,849.531494140625,rain,rain,0.032714838316390805,0.04113053322210079,0.9261546284615084,0.0,0.0,1.0
-120.175777073436,39.353228972163,1832.049560546875,mix,rain,0.042087647644449035,0.009016678127002376,0.9488956742285486,0.0,1.0,0.0
-120.9688121,38.6639106,416.0556945800781,rain,rain,0.24160742631985455,0.26056369452693534,0.49782887915321006,0.0,0.0,1.0
-119.927936436118,39.5208052225727,1500.779541015625,rain,rain,0.014047080488491322,0.013608441469766072,0.9723444780417426,0.0,0.0,1.0
-119.997426692521,38.852336517706,1980.7945556640625,snow,rain,0.0,0.005355554687778408,0.9946444453122216,1.0,0.0,0.0
-119.7410306,39.1747075,1414.525390625,rain,rain,0.14001683456313507,0.21914651824651254,0.6408366471903524,0.0,0.0,1.0
-120.0976657,39.2027235,1929.392578125,mix,rain,0.12472558621664734,0.25677947832204995,0.6184949354613027,0.0,1.0,0.0
-119.9522146,39.2714616,2182.246337890625,snow,rain,0.0,0.39283563724799003,0.60716436275201,1.0,0.0,0.0
-119.9551017,39.2502091,2003.246337890625,rain,mix,0.013247241331636656,0.9087646417506153,0.07798811691774801,0.0,0.0,1.0
-119.682362668531,38.9170656610284,1535.7108154296875,rain,rain,0.17267936473639076,0.14231710903390693,0.6850035262297024,0.0,0.0,1.0
-119.811078454496,39.3210221297031,1542.5299072265625,rain,rain,0.2013228294745955,0.1748112423315584,0.6238659281938461,0.0,0.0,1.0
-119.9541438,39.2527999,2003.246337890625,mix,rain,0.01693348169665847,0.0004433293084107781,0.9826231889949307,0.0,1.0,0.0
-119.7614667,39.1561814,1420.0274658203125,rain,mix,0.4204958989055447,0.47762393415561505,0.10188016693884032,0.0,0.0,1.0
-119.9562381,39.2531287,2003.246337890625,snow,mix,0.12985470850729286,0.7796335669165183,0.09051172457618883,1.0,0.0,0.0
-119.8693093,39.6024107,1591.5308837890625,rain,rain,5.098225001796521e-05,0.0001143836172911606,0.9998346341326909,0.0,0.0,1.0
-120.1090063,39.345755,1855.036376953125,mix,rain,0.10339539312152976,0.12416120467522637,0.7724434022032438,0.0,1.0,0.0
-119.950297275304,39.5247965897007,1538.666748046875,rain,rain,0.09199386834700692,0.11263835262140358,0.7953677790315895,0.0,0.0,1.0
-120.22109269699,38.0473336816906,1300.3265380859375,rain,snow,0.7310971004710536,0.10050015896961222,0.1684027405593342,0.0,0.0,1.0
-120.070629076022,39.2378571195647,1922.7923583984375,mix,snow,0.6116069426220144,0.34361170177821393,0.04478135559977162,0.0,1.0,0.0
-120.711248860875,38.7307042888167,794.8796997070312,rain,rain,0.25875343396036843,0.13421890020739452,0.6070276658322371,0.0,0.0,1.0
-120.000902015415,38.8672702306714,1948.97900390625,snow,mix,0.38964433784374514,0.5011354215580665,0.10922024059818852,1.0,0.0,0.0
-119.956444272245,38.1900386076529,2024.268310546875,snow,rain,0.14878681836861185,0.134525424823573,0.7166877568078152,1.0,0.0,0.0
-120.006526462131,39.225714410225,1943.2259521484375,mix,snow,0.5887576746960116,0.37515796163649506,0.03608436366749337,0.0,1.0,0.0
-120.1425557,39.1760677,1991.058837890625,snow,snow,0.6853727514970985,0.3146272485029016,0.0,1.0,0.0,0.0
-119.8701227,39.6047938,1591.5308837890625,rain,rain,5.0576517641243304e-05,0.00011331318058969942,0.9998361103017691,0.0,0.0,1.0
-119.977692961805,38.904578634574,1942.3338623046875,mix,snow,0.9999957181583591,2.412478525135684e-06,1.869363115837476e-06,0.0,1.0,0.0
-120.100248869397,39.3565735453136,1798.48291015625,rain,mix,0.08147976128437814,0.9185202387156218,0.0,0.0,0.0,1.0
-119.979318036649,38.9445761327346,1898.4395751953125,rain,mix,0.02026351930562148,0.9793983296002104,0.00033815109416808964,0.0,0.0,1.0
-120.175754872466,39.3532338625616,1832.049560546875,snow,mix,0.17264528388547937,0.8054902797434849,0.02186443637103582,1.0,0.0,0.0
-119.8644191,39.6412105,1511.9696044921875,rain,rain,0.0047113521709334465,0.010371789089943037,0.9849168587391235,0.0,0.0,1.0
-119.980809491287,38.9396322034636,1908.990234375,mix,rain,0.02520135846389984,0.020326689564266268,0.9544719519718339,0.0,1.0,0.0
-120.1876905,39.3155734,1840.956298828125,snow,mix,0.24234870307693981,0.7229715731533585,0.03467972376970179,1.0,0.0,0.0
-120.174750429002,39.3323776908984,1774.5745849609375,mix,snow,0.7331702627731231,0.23307065713382938,0.033759080093047546,0.0,1.0,0.0
-120.0976657,39.2027235,1929.392578125,snow,mix,0.41182433076619435,0.5610860811201968,0.027089588113608887,1.0,0.0,0.0
-120.204484107836,39.3645391461095,1893.5028076171875,snow,snow,0.5129005407780561,0.44849248738197006,0.03860697183997386,1.0,0.0,0.0
-120.4696848,39.8053615,1508.093994140625,rain,rain,0.24101501337303363,0.11564896163990313,0.6433360249870633,0.0,0.0,1.0
-120.9687967,38.6639101,416.0556945800781,rain,rain,0.1415145568222245,0.09206086169717483,0.7664245814806006,0.0,0.0,1.0
-120.162961693274,39.3581812362953,1793.0777587890625,mix,snow,0.8015741199304467,0.16250422710624382,0.03592165296330949,0.0,1.0,0.0
-118.913738262019,37.6396064088099,2223.444091796875,rain,snow,0.4375759646827392,0.19655024677871308,0.36587378853854774,0.0,0.0,1.0
-119.977762145842,38.9045736580629,1942.3338623046875,snow,mix,1.7774231896206802e-06,0.999996353523208,1.869053602351659e-06,1.0,0.0,0.0
-119.925298589811,39.847203954093,1491.7423095703125,rain,rain,0.0,0.09008051893313468,0.9099194810668654,0.0,0.0,1.0
-119.8644568,39.6411891,1511.9696044921875,rain,rain,0.0,0.0,1.0,0.0,0.0,1.0
-119.8323103,39.4790638,1471.4849853515625,rain,rain,0.0,0.0,1.0,0.0,0.0,1.0
-119.777863253897,39.3827966776919,1549.0029296875,rain,rain,0.012024200119761852,0.0,0.9879757998802382,0.0,0.0,1.0
-120.900422201554,39.1503659744563,859.9096069335938,rain,rain,0.07544624850914772,0.0,0.9245537514908523,0.0,0.0,1.0
-120.2438498,39.6787656,1505.601806640625,rain,rain,0.33902541918739393,0.12380933128897655,0.5371652495236295,0.0,0.0,1.0
-120.823962343297,39.5678970711761,999.898681640625,rain,snow,0.463006154000443,0.10252513563771881,0.4344687103618383,0.0,0.0,1.0
-120.497637748618,38.5045836476596,1265.690673828125,rain,rain,0.0,0.0,1.0,0.0,0.0,1.0
-119.8177383,39.5252787,1377.3780517578125,rain,rain,0.0,0.0,1.0,0.0,0.0,1.0
-119.733874921226,39.5794998498421,1362.42431640625,rain,rain,0.0,0.0,1.0,0.0,0.0,1.0
-119.829257392832,39.5113447943398,1390.4053955078125,rain,rain,0.0,0.0,1.0,0.0,0.0,1.0
-119.961533633726,39.251864372285,2003.246337890625,snow,snow,0.9979684265748091,0.00045704664145496354,0.001574526783735964,1.0,0.0,0.0
-120.704338591798,38.7328441779757,894.05859375,rain,rain,0.011387742711144972,0.0,0.988612257288855,0.0,0.0,1.0
-119.943038597094,39.2777653775742,2247.71240234375,snow,snow,0.9128603156443877,0.01266177292851342,0.07447791142709871,1.0,0.0,0.0
-120.269589050304,38.0240980348611,858.2250366210938,rain,rain,0.015210612760338714,0.0,0.9847893872396613,0.0,0.0,1.0
-119.682356956871,38.9171432133449,1535.7108154296875,rain,snow,0.9572874282451118,0.0,0.04271257175488821,0.0,0.0,1.0
-119.697300490118,39.5547914957192,1362.3389892578125,rain,rain,0.0,0.0,1.0,0.0,0.0,1.0
-119.709455163758,39.5455923763586,1341.52783203125,rain,rain,0.0,0.0,1.0,0.0,0.0,1.0
-120.979289917902,39.0470422298546,719.3832397460938,rain,rain,0.052617985804987805,0.0,0.9473820141950122,0.0,0.0,1.0
-119.837074020058,39.3753745008057,1771.3431396484375,rain,rain,0.02852687933991539,0.0,0.9714731206600846,0.0,0.0,1.0
-120.564680892231,38.4382301916045,981.1484375,rain,rain,0.0,0.0,1.0,0.0,0.0,1.0
-119.82371374394,39.4029485530643,1699.9962158203125,rain,rain,0.015862087672135865,0.0,0.9841379123278642,0.0,0.0,1.0
-119.697242642266,39.5791745089952,1438.1224365234375,rain,rain,0.0,0.0,1.0,0.0,0.0,1.0
-120.153003246687,39.0683108398954,1952.60888671875,snow,snow,1.0,0.0,0.0,1.0,0.0,0.0
-120.22109269699,38.0473336816906,1300.3265380859375,rain,rain,0.0262069656174507,0.0,0.9737930343825493,0.0,0.0,1.0
-120.175754872466,39.3532338625616,1832.049560546875,snow,mix,0.4654560865117277,0.5335849249203415,0.0009589885679308773,1.0,0.0,0.0
-119.9015628,39.5170092,1471.944091796875,rain,rain,0.0,0.0,1.0,0.0,0.0,1.0
-120.5653469,38.7557393,1205.3624267578125,rain,rain,0.06239183863752317,0.0,0.9376081613624768,0.0,0.0,1.0
-120.176949118137,39.3403068467762,1818.37109375,snow,snow,0.7759369294103953,0.22268533169341526,0.0013777388961894938,1.0,0.0,0.0
-119.870873606582,38.9750825584537,2201.280517578125,snow,snow,0.8206350974418626,0.0,0.17936490255813747,1.0,0.0,0.0
-120.226095,37.8590187,849.531494140625,rain,rain,0.06332929242427777,0.0,0.9366707075757222,0.0,0.0,1.0
-119.9667553,39.252034,2016.028076171875,snow,snow,0.9984139132681407,0.00047487659387014094,0.0011112101379892698,1.0,0.0,0.0
-119.997426692521,38.852336517706,1980.7945556640625,snow,snow,0.9376152935222832,0.0,0.06238470647771673,1.0,0.0,0.0
-119.761003820208,39.4031682220874,1432.6331787109375,rain,rain,0.0,0.0,1.0,0.0,0.0,1.0
-120.806199918098,38.7299113440018,602.9717407226562,rain,rain,0.010047452479266517,0.0,0.9899525475207336,0.0,0.0,1.0
-119.955670454873,38.1899364928979,2024.268310546875,snow,rain,0.08076590624738572,0.0,0.9192340937526142,1.0,0.0,0.0
-119.955799472579,38.9098607447486,1956.0849609375,snow,snow,0.9475136759238113,0.0,0.052486324076188764,1.0,0.0,0.0
-120.352317230374,38.0360249961159,984.2950439453125,rain,rain,0.02246253828463916,0.0,0.9775374617153608,0.0,0.0,1.0
-120.337988240021,39.3023115904096,2179.640869140625,snow,snow,0.8397785731406391,0.1602214268593609,0.0,1.0,0.0,0.0
-120.1999335,39.3256101,1856.01611328125,snow,snow,0.8471299787036987,0.15287002129630128,0.0,1.0,0.0,0.0
-119.8693258,39.6024,1591.5308837890625,rain,rain,0.0,0.0,1.0,0.0,0.0,1.0
-120.9687983,38.6639132,416.0556945800781,rain,rain,0.01679582723544987,0.0,0.9832041727645502,0.0,0.0,1.0
-120.162961693274,39.3581812362953,1793.0777587890625,mix,snow,0.9985792950881175,0.0,0.00142070491188248,0.0,1.0,0.0
-120.711248860875,38.7307042888167,794.8796997070312,rain,rain,0.15754450522933472,0.0,0.8424554947706654,0.0,0.0,1.0
-119.194608031071,35.5430245140898,135.6160430908203,rain,rain,0.24856464097557743,0.0,0.7514353590244226,0.0,0.0,1.0
-120.162961693274,39.3581812362953,1793.0777587890625,snow,rain,0.28422991647741164,0.0,0.7157700835225884,1.0,0.0,0.0
-120.7826329,38.5113538,515.516845703125,rain,rain,0.11974394449875238,0.0,0.8802560555012476,0.0,0.0,1.0
-120.4689271,39.8056228,1484.389892578125,rain,snow,0.5404076345715305,0.0,0.4595923654284696,0.0,0.0,1.0
-120.022273319247,39.3944854857435,1664.7598876953125,rain,snow,0.9362054389057326,0.0,0.06379456109426745,0.0,0.0,1.0
-119.9667553,39.252034,2016.028076171875,snow,rain,0.41738617618260354,0.0,0.5826138238173966,1.0,0.0,0.0
-120.0032834,38.9282662,1900.0968017578125,snow,rain,0.3803043761330588,0.0,0.6196956238669412,1.0,0.0,0.0
-119.894874531285,37.4389322379651,611.9118041992188,rain,rain,0.20630411890560701,0.0,0.793695881094393,0.0,0.0,1.0
-120.352372087855,38.0360132500878,984.2950439453125,rain,rain,0.20448826196013414,0.0,0.7955117380398659,0.0,0.0,1.0
-120.3100788,38.769399,1294.5419921875,rain,rain,0.4761831400870528,0.0,0.5238168599129472,0.0,0.0,1.0
-120.0080472,38.9237238,1905.078125,snow,snow,0.9966643160771421,0.0,0.0033356839228578608,1.0,0.0,0.0
-120.1876834,39.3155734,1840.956298828125,snow,snow,0.9975857551553194,0.0,0.002414244844680566,1.0,0.0,0.0
-120.3264336,38.7657394,1249.015380859375,snow,snow,0.8489016757272927,0.05390080759663169,0.09719751667607562,1.0,0.0,0.0
-120.162961693274,39.3581812362953,1793.0777587890625,snow,snow,0.9896592671326585,0.0,0.010340732867341553,1.0,0.0,0.0
-119.979318036649,38.9445761327346,1898.4395751953125,snow,snow,0.9966199494786733,0.0,0.0033800505213267733,1.0,0.0,0.0
-120.206662749793,39.3268663765088,1842.712646484375,snow,snow,0.9976037322957418,0.0,0.002396267704258165,1.0,0.0,0.0
-119.9667553,39.252034,2016.028076171875,snow,snow,0.9235318072534422,0.0,0.07646819274655786,1.0,0.0,0.0
-119.869327,39.6024057,1591.5308837890625,rain,snow,0.9832188765134137,0.0,0.01678112348658636,0.0,0.0,1.0
-120.9688182,38.6639077,416.0556945800781,rain,snow,0.8971032159649124,0.10289678403508756,0.0,0.0,0.0,1.0
-120.137602046006,38.0910239739309,1501.741943359375,mix,snow,0.8510048079740979,0.0,0.14899519202590214,0.0,1.0,0.0
-120.711248860875,38.7307042888167,794.8796997070312,rain,rain,0.14323407893014678,0.14073816667233924,0.716027754397514,0.0,0.0,1.0
-120.100248008349,39.3565725143882,1798.48291015625,snow,mix,0.017454593516636308,0.8613088881520563,0.12123651833130732,1.0,0.0,0.0
-120.1914789,37.8369465,872.5946044921875,rain,rain,0.05896750066682924,0.05328592859859589,0.8877465707345749,0.0,0.0,1.0
-119.951637079699,39.5299776349857,1587.759521484375,rain,snow,0.572932423295185,0.370961593115347,0.056105983589468084,0.0,0.0,1.0
-120.352372821135,38.0360130137457,984.2950439453125,rain,rain,0.07143479944674964,0.06344804797266174,0.8651171525805886,0.0,0.0,1.0
-120.7826525,38.5112493,515.516845703125,rain,rain,0.09894886431719724,0.09332091380963828,0.8077302218731645,0.0,0.0,1.0
-119.979318036649,38.9445761327346,1898.4395751953125,mix,snow,0.8894091592578773,0.042761927759833035,0.06782891298228962,0.0,1.0,0.0
-119.997426692521,38.852336517706,1980.7945556640625,snow,mix,0.029033291876944492,0.8989933464714246,0.07197336165163096,1.0,0.0,0.0
-120.187516079055,39.32738833422,1810.587158203125,mix,snow,0.8896868574754188,0.0274201758963862,0.08289296662819508,0.0,1.0,0.0
-120.18751025419,39.3273943862056,1810.587158203125,rain,snow,0.9999999873282072,1.2671792746640269e-08,0.0,0.0,0.0,1.0
-120.452403034255,39.6644222923866,1538.229736328125,snow,mix,0.1157262068798732,0.768517133327897,0.11575665979222995,1.0,0.0,0.0
-120.187508212002,39.3273345826798,1810.587158203125,snow,rain,2.2960397598107457e-08,1.2669131425728043e-08,0.999999964370471,1.0,0.0,0.0
-120.452211778723,39.8175940756126,1515.934814453125,mix,snow,0.92873682258719,0.0,0.07126317741280999,0.0,1.0,0.0
-120.0394086,38.4648348,2179.04638671875,mix,snow,0.5045947591411366,0.07866984900073343,0.4167353918581299,0.0,1.0,0.0
-120.100236922324,39.3565699108985,1798.48291015625,snow,snow,0.6476298052656914,0.1907535705328082,0.16161662420150052,1.0,0.0,0.0
-120.31585648443,39.8175314442861,1494.4031982421875,snow,snow,0.5666163185609318,0.09529553778766706,0.3380881436514012,1.0,0.0,0.0
-120.9819567,39.0433723,689.05712890625,rain,rain,0.4367170205381449,0.06758096120982637,0.4957020182520287,0.0,0.0,1.0
-119.970171766912,39.647830993839,1547.479248046875,rain,mix,0.06409199948512115,0.8292735738532622,0.10663442666161659,0.0,0.0,1.0
-119.82589267173,39.40447848141,1746.535400390625,snow,snow,0.4681843240301413,0.3346707091086966,0.197144966861162,1.0,0.0,0.0
-120.711248860875,38.7307042888167,794.8796997070312,rain,rain,0.34147134381859995,0.21489450062646984,0.44363415555493024,0.0,0.0,1.0
-119.925298589811,39.847203954093,1491.7423095703125,snow,snow,0.48482702230572683,0.21582148037191212,0.29935149732236105,1.0,0.0,0.0
-119.9668035,39.2519316,2016.028076171875,snow,snow,0.9499128510686083,0.02632972904689838,0.02375741988449338,1.0,0.0,0.0
-119.9762565,39.6756042,1534.9154052734375,mix,rain,0.08765891036883915,0.027335998515877417,0.8850050911152835,0.0,1.0,0.0
-120.4689362,39.8056017,1484.389892578125,snow,snow,0.6714540760079241,0.08128868086969339,0.24725724312238256,1.0,0.0,0.0
-120.038028376155,39.7740537280796,1523.365234375,snow,rain,0.33915880015441574,0.3113953673307349,0.3494458325148494,1.0,0.0,0.0
-120.2444431,39.6786999,1505.601806640625,rain,snow,0.6047492333606405,0.2070761431038129,0.18817462353554673,0.0,0.0,1.0
-120.006599128702,39.2258437702931,1943.2259521484375,snow,snow,0.9558641839558946,0.022554920467691794,0.021580895576413704,1.0,0.0,0.0
-119.8644149,39.641204,1511.9696044921875,rain,mix,0.18814121097408326,0.4196371319488227,0.3922216570770941,0.0,0.0,1.0
-119.950297275304,39.5247965897007,1538.666748046875,mix,rain,0.3470604587097976,0.1592337293280662,0.49370581196213625,0.0,1.0,0.0
-120.414300587159,39.8241866807295,1544.5712890625,snow,snow,0.9544659622257051,0.037312399865270234,0.008221637909024604,1.0,0.0,0.0
-119.822795616152,39.4175861174116,1609.224365234375,mix,rain,0.06932323781439255,0.1561253127964285,0.774551449389179,0.0,1.0,0.0
-119.816848206484,39.6371158657189,1628.9169921875,mix,mix,0.20631221370491462,0.6104847437717996,0.1832030425232858,0.0,1.0,0.0
-120.466076840057,39.8118503783162,1484.389892578125,snow,snow,0.9597139845873094,0.032758649857351795,0.007527365555338758,1.0,0.0,0.0
-119.925298589811,39.847203954093,1491.7423095703125,snow,mix,0.11419091587874691,0.7412296285227257,0.14457945559852742,1.0,0.0,0.0
-119.9565436,39.253987,2003.246337890625,snow,snow,0.3775661876197165,0.25703293680838724,0.36540087557189627,1.0,0.0,0.0
-119.7442538,39.559943,1356.5489501953125,rain,rain,0.02023082208975873,0.4022938267043697,0.5774753512058716,0.0,0.0,1.0
-119.733873383606,39.579491399712,1362.42431640625,rain,rain,0.018882652746998473,0.45955423937607165,0.5215631078769298,0.0,0.0,1.0
-120.1089307,39.345807,1855.036376953125,snow,snow,0.35600255330454583,0.3208158503483625,0.3231815963470917,1.0,0.0,0.0
-119.9937856,39.5180957,1494.7957763671875,rain,mix,0.14189172311261533,0.7931562859152951,0.06495199097208962,0.0,0.0,1.0
-119.709393625725,39.5456665699001,1341.52783203125,mix,rain,0.01847702271822383,0.30363076721081855,0.6778922100709577,0.0,1.0,0.0
-119.697242339128,39.5791748136031,1438.1224365234375,mix,rain,0.01862983299943392,0.3237363260750418,0.6576338409255243,0.0,1.0,0.0
-120.007681757803,39.527509317236,1521.617431640625,mix,rain,0.09487480890701104,0.029946452140373177,0.8751787389526158,0.0,1.0,0.0
-119.885056653455,39.532208635043,1516.285888671875,mix,rain,0.0393614461791704,0.007505663834262099,0.9531328899865675,0.0,1.0,0.0
-119.9185012,39.6282459,1576.6732177734375,mix,mix,0.32188172098770207,0.582953639105651,0.09516463990664692,0.0,1.0,0.0
-119.8693302,39.6024087,1591.5308837890625,snow,mix,0.04498121370541633,0.7498155650375494,0.2052032212570342,1.0,0.0,0.0
-119.870711352432,39.5249808953674,1486.023193359375,rain,rain,2.7811484581001563e-06,3.663020818671333e-05,0.9999605886433552,0.0,0.0,1.0
-119.870738,39.5249031,1486.023193359375,rain,rain,2.780132490612689e-06,3.649140135090683e-05,0.9999607284661586,0.0,0.0,1.0
-119.9016262,39.5169518,1471.944091796875,rain,rain,0.11569403772721316,0.3837065041148914,0.5005994581578955,0.0,0.0,1.0
-119.9883254,38.8902816,1947.20751953125,snow,snow,0.5174434133465131,0.2070677287437749,0.275488857909712,1.0,0.0,0.0
-119.8644099,39.64121,1511.9696044921875,mix,mix,0.2829740872376444,0.6223423187303485,0.09468359403200712,0.0,1.0,0.0
-119.794178271692,39.4754039776888,1367.4193115234375,rain,rain,0.0,0.43069972886277474,0.5693002711372254,0.0,0.0,1.0
-119.950297275304,39.5247965897007,1538.666748046875,snow,rain,0.03218840781243036,0.31279601065909796,0.6550155815284717,1.0,0.0,0.0
-119.9762565,39.6756042,1534.9154052734375,mix,mix,0.18964114067991572,0.749759519089005,0.060599340231079275,0.0,1.0,0.0
-119.822654573914,39.4176391080773,1609.224365234375,snow,snow,0.9506338906100869,0.04936610938991319,0.0,1.0,0.0,0.0
-119.816288536025,39.3847279893964,1719.46435546875,snow,snow,0.9435114000538461,0.056488599946153906,0.0,1.0,0.0,0.0
-119.844853210373,39.37202606234,1874.2142333984375,snow,snow,1.0,0.0,0.0,1.0,0.0,0.0
-119.848694823829,39.3467531989174,1923.783935546875,snow,snow,0.9998097428068513,0.00019025719314878697,0.0,1.0,0.0,0.0
-119.848469935869,39.3462103189118,1923.783935546875,snow,snow,0.9998054172930382,0.00019458270696184454,0.0,1.0,0.0,0.0
-119.862953873205,39.3438892698527,2092.65283203125,snow,snow,0.9879529678983472,0.012047032101652836,0.0,1.0,0.0,0.0
-119.875687348233,39.3406835352618,2313.341552734375,snow,snow,0.9914451682039783,0.008554831796021622,0.0,1.0,0.0,0.0
-120.2505365,39.3711061,2037.4736328125,snow,snow,1.0,0.0,0.0,1.0,0.0,0.0
-119.868529965509,39.3369383640441,2208.241455078125,snow,snow,0.9906243806497468,0.009375619350253191,0.0,1.0,0.0,0.0
-119.885660282303,39.3301801898557,2501.984619140625,snow,snow,1.0,0.0,0.0,1.0,0.0,0.0
-119.900016292335,39.3111488845495,2698.538818359375,snow,snow,0.9706446119302756,0.029355388069724386,0.0,1.0,0.0,0.0
-120.244114,39.6788599,1505.601806640625,snow,snow,1.0,0.0,0.0,1.0,0.0,0.0
-119.930312796596,39.2867257583371,2513.06689453125,snow,snow,0.956015394358,0.04398460564200001,0.0,1.0,0.0,0.0
-119.8693214,39.602425,1591.5308837890625,snow,snow,1.0,0.0,0.0,1.0,0.0,0.0
-120.5674966,38.3787212,625.4950561523438,rain,snow,0.8820440588590233,0.11795594114097678,0.0,0.0,0.0,1.0
-119.9762565,39.6756042,1534.9154052734375,snow,snow,1.0,0.0,0.0,1.0,0.0,0.0
-119.8644624,39.6412459,1511.9696044921875,snow,snow,1.0,0.0,0.0,1.0,0.0,0.0
-119.9185001,39.6282507,1576.6732177734375,snow,snow,1.0,0.0,0.0,1.0,0.0,0.0
-119.811125214519,39.3210162083109,1542.5299072265625,mix,snow,1.0,0.0,0.0,0.0,1.0,0.0
-119.909693581283,39.6251859741722,1562.754150390625,snow,snow,0.8250936949392706,0.0,0.1749063050607294,1.0,0.0,0.0
-119.945777239082,39.2745844918273,2182.246337890625,snow,snow,0.9944665950249082,0.0,0.005533404975091797,1.0,0.0,0.0
-119.956073073156,39.2620079152575,2123.13720703125,snow,snow,0.9968491369929189,0.0,0.003150863007081112,1.0,0.0,0.0
-119.750190133118,39.1854299801985,1433.7567138671875,rain,snow,1.0,0.0,0.0,0.0,0.0,1.0
-119.966779,39.252011,2016.028076171875,snow,snow,0.9955120662543774,0.0,0.004487933745622609,1.0,0.0,0.0
-120.7826263,38.5112556,515.516845703125,rain,snow,1.0,0.0,0.0,0.0,0.0,1.0
-120.162962772379,39.3581806932015,1793.0777587890625,snow,snow,0.9816743169371341,0.0,0.018325683062865757,1.0,0.0,0.0
-119.952087228283,39.2589599870083,1992.6064453125,snow,snow,0.9998184602997898,0.0,0.00018153970021016338,1.0,0.0,0.0
-119.966779,39.252011,2016.028076171875,snow,snow,0.9998137854103428,0.0,0.00018621458965718273,1.0,0.0,0.0
-120.352390466329,38.0360172844302,984.2950439453125,rain,rain,0.0,0.0,1.0,0.0,0.0,1.0
-120.7826263,38.5112556,515.516845703125,rain,rain,0.0,0.0,1.0,0.0,0.0,1.0
-120.9819465,39.0433657,689.05712890625,rain,rain,0.0,0.0,1.0,0.0,0.0,1.0
-119.7516166,39.1820894,1429.7259521484375,rain,rain,0.0011936279062722986,0.0,0.9988063720937277,0.0,0.0,1.0
-119.7515501,39.1909103,1433.7567138671875,rain,rain,0.0012102674052484263,0.0,0.9987897325947516,0.0,0.0,1.0
-120.0079498,38.9237843,1905.078125,rain,rain,0.336254491479471,0.0,0.663745508520529,0.0,0.0,1.0
-120.070742059934,39.2378839947552,1922.7923583984375,snow,rain,0.0,0.0,1.0,1.0,0.0,0.0
-120.823953190314,39.5678989592425,999.898681640625,rain,rain,0.3803914382936144,0.0,0.6196085617063857,0.0,0.0,1.0
-119.997426692521,38.852336517706,1980.7945556640625,snow,rain,0.0,0.03392073300699793,0.9660792669930021,1.0,0.0,0.0
-119.811123348702,39.3210200834446,1542.5299072265625,rain,rain,0.13837402917675437,0.39378445563824827,0.46784151518499734,0.0,0.0,1.0
-120.334359711064,39.2989828135368,2179.640869140625,rain,mix,0.0005091709372878984,0.9974963883690589,0.0019944406936532794,0.0,0.0,1.0
-120.31585648443,39.8175314442861,1494.4031982421875,rain,mix,0.06198852108383474,0.4836863636893552,0.4543251152268101,0.0,0.0,1.0
-120.0079498,38.9237843,1905.078125,rain,snow,0.902914922225993,0.04310189456792981,0.053983183206077236,0.0,0.0,1.0
-120.35483797504,39.3335338403035,2225.183349609375,mix,rain,0.002807677962706117,0.386296259387289,0.610896062650005,0.0,1.0,0.0
-120.324201593288,39.2929249490046,2380.56396484375,mix,rain,0.0005456858063997749,0.06293784731944103,0.9365164668741592,0.0,1.0,0.0
-119.925298589811,39.847203954093,1491.7423095703125,rain,rain,0.21613903756790098,0.0,0.783860962432099,0.0,0.0,1.0
-119.9521399,39.2714367,2182.246337890625,snow,snow,0.9186107949556522,0.01115906061046295,0.07023014443388488,1.0,0.0,0.0
-119.950297275304,39.5247965897007,1538.666748046875,rain,rain,0.03859936381628654,0.0,0.9614006361837135,0.0,0.0,1.0
-120.1623665,39.1385025,1920.8233642578125,mix,snow,0.4969766845553052,0.07566308226978635,0.42736023317490845,0.0,1.0,0.0
-119.9936937,39.5179968,1494.7957763671875,rain,rain,0.04114978683964515,0.0,0.9588502131603549,0.0,0.0,1.0
-120.162963078122,39.3581806163883,1793.0777587890625,rain,snow,0.5518162992193234,0.11286510982742413,0.33531859095325245,0.0,0.0,1.0
-119.966768,39.251982,2016.028076171875,snow,snow,0.9243725874482905,0.013860068144354512,0.061767344407354985,1.0,0.0,0.0
-119.997426692521,38.852336517706,1980.7945556640625,mix,rain,0.2044413856304409,0.13727769767721956,0.6582809166923396,0.0,1.0,0.0
-120.354837976573,39.3335338388023,2225.183349609375,snow,rain,0.18186864033090935,0.14960816767220236,0.6685231919968883,1.0,0.0,0.0
-119.811122672342,39.3210203045662,1542.5299072265625,rain,snow,0.6462899555488059,0.04856612325135579,0.30514392119983835,0.0,0.0,1.0
-119.9407104,39.0070272,1990.5372314453125,rain,mix,0.30962290939259896,0.5207051047720483,0.1696719858353528,0.0,0.0,1.0
-120.453356746696,39.6650331281495,1538.229736328125,rain,rain,0.3532179410428453,0.07145567994652656,0.5753263790106281,0.0,0.0,1.0
-119.786862612323,39.1841531439415,1460.2523193359375,rain,snow,0.8446431349316464,0.0547624368383642,0.10059442822998943,0.0,0.0,1.0
-120.2438301,39.6787604,1505.601806640625,rain,rain,0.26082638745460374,0.0,0.7391736125453963,0.0,0.0,1.0
-119.9762565,39.6756042,1534.9154052734375,rain,rain,0.1094823839954847,0.0,0.8905176160045154,0.0,0.0,1.0
-119.8693071,39.6024148,1591.5308837890625,rain,rain,0.09591909383776921,0.0,0.9040809061622308,0.0,0.0,1.0
-120.0976987,39.2027128,1929.392578125,snow,snow,0.8326417323884702,0.0,0.16735826761152994,1.0,0.0,0.0
-120.00089559538,38.8672634688805,1948.97900390625,mix,snow,0.9849327128373628,0.0,0.01506728716263708,0.0,1.0,0.0
-119.945404426245,39.2752098744322,2182.246337890625,snow,snow,0.9383234366966626,0.0,0.06167656330333732,1.0,0.0,0.0
-120.2505425,39.3711632,2037.4736328125,snow,rain,0.4909588609732834,0.0,0.5090411390267167,1.0,0.0,0.0
-119.9807912,39.5169225,1517.4693603515625,rain,rain,0.02762736958432388,0.0,0.9723726304156761,0.0,0.0,1.0
-120.007681757803,39.527509317236,1521.617431640625,rain,rain,0.026720513131724567,0.0,0.9732794868682755,0.0,0.0,1.0
-119.966768,39.251982,2016.028076171875,snow,snow,0.9499533302961122,0.0,0.05004666970388772,1.0,0.0,0.0
-119.955887203732,38.9098116830808,1956.0849609375,snow,snow,0.6251576042318351,0.3600631580877529,0.014779237680412062,1.0,0.0,0.0
-120.0079733,38.9237318,1905.078125,snow,snow,0.639242734364212,0.34618826660712676,0.014568999028661279,1.0,0.0,0.0
-119.835840859493,39.5081004819923,1414.5765380859375,rain,rain,0.2950063018140738,0.0,0.7049936981859263,0.0,0.0,1.0
-119.997426692521,38.852336517706,1980.7945556640625,snow,snow,0.612732581604471,0.2163258258790257,0.17094159251650334,1.0,0.0,0.0
-119.950297275304,39.5247965897007,1538.666748046875,rain,rain,0.32509829144070396,0.0,0.6749017085592961,0.0,0.0,1.0
-120.1619461,39.1385662,1920.8233642578125,mix,snow,0.8708054657443967,0.0,0.1291945342556034,0.0,1.0,0.0
-119.966768,39.251982,2016.028076171875,snow,snow,0.9980482674042341,0.00044913489688490864,0.001502597698880974,1.0,0.0,0.0
-120.354839385201,39.3335335498512,2225.183349609375,snow,snow,0.47628747080897194,0.11424374888426765,0.40946878030676037,1.0,0.0,0.0
-119.945404184393,39.2752095361736,2182.246337890625,snow,snow,0.9537403102058406,0.007088264629191455,0.039171425164968,1.0,0.0,0.0
-120.177020810046,39.3403525301696,1818.37109375,rain,snow,0.9290970736141169,0.04353920060227408,0.027363725783609016,0.0,0.0,1.0
-120.1087934,39.3457811,1855.036376953125,snow,rain,0.35750756645120624,0.03634232129567801,0.6061501122531158,1.0,0.0,0.0
-119.961535170443,39.2518665832831,2003.246337890625,snow,snow,0.9980375444906345,0.00043450518324064067,0.0015279503261248547,1.0,0.0,0.0
-120.0020414,39.236287,2043.0731201171875,snow,snow,0.9524879134082647,0.017589204137794228,0.02992288245394107,1.0,0.0,0.0
-119.811088848771,39.3210083806426,1542.5299072265625,rain,snow,0.7951812897419025,0.0,0.2048187102580975,0.0,0.0,1.0
-120.347850889469,39.338840673063,2207.297119140625,mix,mix,0.0894225815324985,0.45776886282757867,0.45280855563992284,0.0,1.0,0.0
-120.232834573947,39.3251669453823,1890.073974609375,rain,mix,0.018946468737662436,0.9784035698946154,0.0026499613677221532,0.0,0.0,1.0
-119.9407104,39.0070272,1990.5372314453125,snow,mix,0.3453693999230536,0.3840173120269418,0.2706132880500046,1.0,0.0,0.0
-120.070741740622,39.2378839664954,1922.7923583984375,mix,snow,0.5482761569056451,0.3186604818530056,0.13306336124134924,0.0,1.0,0.0
-119.925298589811,39.847203954093,1491.7423095703125,rain,mix,0.2493096610430367,0.525177253987179,0.22551308496978428,0.0,0.0,1.0
-120.204614916229,39.3262455649794,1842.712646484375,mix,rain,0.02206330645657024,0.12543190033180318,0.8525047932116266,0.0,1.0,0.0
-120.113552556305,39.3543495662886,1749.1435546875,mix,mix,0.18674548932495547,0.5701398576179756,0.24311465305706892,0.0,1.0,0.0
-119.7514911,39.1910387,1433.7567138671875,rain,snow,0.66433281859742,0.28583954272861833,0.04982763867396174,0.0,0.0,1.0
-119.945404272313,39.275209900632,2182.246337890625,snow,snow,0.8247271130992014,0.13368090892580853,0.04159197797499002,1.0,0.0,0.0
-119.9597913,39.2473736,1922.8812255859375,snow,snow,0.7994747156365145,0.1592341339688914,0.04129115039459396,1.0,0.0,0.0
-119.955769201601,38.9098130185438,1956.0849609375,mix,snow,0.8687312046404766,0.0034273967116296715,0.12784139864789376,0.0,1.0,0.0
-120.000910906838,38.8672383894855,1948.97900390625,rain,mix,0.3567704136223582,0.6432295863776419,0.0,0.0,0.0,1.0
-119.9540623,38.9309353,1916.7115478515625,snow,mix,0.0,0.9233918716669922,0.07660812833300785,1.0,0.0,0.0
-119.9602336,39.2474936,1922.8812255859375,mix,snow,0.38951404074586454,0.34234787401241523,0.2681380852417203,0.0,1.0,0.0
-120.166537936123,39.1421096583557,1993.328857421875,snow,snow,0.9592123868978001,0.013801067146778761,0.026986545955421205,1.0,0.0,0.0
-119.979318036649,38.9445761327346,1898.4395751953125,rain,mix,0.2381513657826645,0.7455301060342502,0.01631852818308528,0.0,0.0,1.0
-120.00091091151,38.8672383549128,1948.97900390625,mix,rain,0.16899937327821019,0.0,0.8310006267217899,0.0,1.0,0.0
-120.900306733752,39.1503829796725,859.9096069335938,rain,snow,0.6280053286704831,0.10935014705242833,0.26264452427708856,0.0,0.0,1.0
-119.945405475773,39.2752109168633,2182.246337890625,snow,snow,0.8890569217018112,0.037101360170402255,0.07384171812778666,1.0,0.0,0.0
-120.7826463,38.5112584,515.516845703125,rain,snow,0.4604898037229662,0.17570976185624776,0.36380043442078597,0.0,0.0,1.0
-120.070621465332,39.2378526955122,1922.7923583984375,snow,snow,0.9333246258908177,0.021956145807964286,0.044719228301217946,1.0,0.0,0.0
-120.1425154,39.1760966,1991.058837890625,snow,snow,0.9677783975820143,0.010729539400396997,0.021492063017588617,1.0,0.0,0.0
-120.394830381597,39.87328649792,1810.22705078125,rain,snow,0.7715985360844008,0.0,0.2284014639155993,0.0,0.0,1.0
-119.984450443633,38.92663408527,1904.6231689453125,snow,snow,0.9987853361460074,0.0,0.0012146638539925953,1.0,0.0,0.0
-120.0118098,38.9320068,1899.7607421875,snow,snow,0.9987397410572685,0.0,0.0012602589427315669,1.0,0.0,0.0
-120.9688234,38.6639091,416.0556945800781,rain,snow,0.8366417355903476,0.0,0.1633582644096524,0.0,0.0,1.0
-120.269113004271,38.0564131670002,1192.9775390625,rain,mix,0.25506593391681154,0.45067641933191266,0.29425764675127575,0.0,0.0,1.0
-119.979318036649,38.9445761327346,1898.4395751953125,mix,snow,0.7911090659407494,0.0,0.20889093405925063,0.0,1.0,0.0
-120.9819462,39.0433653,689.05712890625,rain,mix,0.3852157008810704,0.41415586536163945,0.20062843375729023,0.0,0.0,1.0
-119.9667476,39.2519952,2016.028076171875,snow,mix,0.0,0.8301221737077983,0.16987782629220177,1.0,0.0,0.0
-119.9552739,38.9237282,1931.19287109375,snow,rain,0.0,0.0,1.0,1.0,0.0,0.0
-120.711247070881,38.730704631508,794.8796997070312,rain,rain,0.3156278297464433,0.0,0.6843721702535567,0.0,0.0,1.0
-119.9786648,38.9340096,1906.9375,rain,snow,0.9963136618124461,0.0,0.003686338187554022,0.0,0.0,1.0
-119.75379241422,39.3645631237201,1465.11279296875,rain,rain,0.4254887699089989,0.0,0.574511230091001,0.0,0.0,1.0
-120.401730808155,38.0358532625047,655.9208984375,rain,rain,0.2421663541275787,0.0,0.7578336458724213,0.0,0.0,1.0
-120.7826513,38.5112612,515.516845703125,rain,rain,0.0,0.4453194116668349,0.554680588333165,0.0,0.0,1.0
-119.980806937618,38.9396271733173,1908.990234375,mix,rain,0.0,0.0,1.0,0.0,1.0,0.0
-120.1797816,39.3378841,1818.37109375,rain,rain,0.0,0.15516434601057205,0.8448356539894278,0.0,0.0,1.0
-119.9667476,39.2519952,2016.028076171875,rain,rain,0.0,0.2559597771048342,0.7440402228951658,0.0,0.0,1.0
-120.9688069,38.6639155,416.0556945800781,rain,rain,0.031077805104944997,0.0,0.968922194895055,0.0,0.0,1.0
-119.979318036649,38.9445761327346,1898.4395751953125,snow,rain,0.0,0.0,1.0,1.0,0.0,0.0
-120.711247070881,38.730704631508,794.8796997070312,rain,rain,0.05827514065162799,0.0,0.941724859348372,0.0,0.0,1.0
-120.7826513,38.5112612,515.516845703125,rain,rain,0.037117896122615436,0.0,0.9628821038773846,0.0,0.0,1.0
-120.22109269699,38.0473336816906,1300.3265380859375,rain,rain,0.17975826258518832,0.0,0.8202417374148117,0.0,0.0,1.0
-119.925298589811,39.847203954093,1491.7423095703125,rain,rain,0.0,0.0,1.0,0.0,0.0,1.0
-120.1916503,37.8369306,872.5946044921875,rain,rain,0.0,0.0,1.0,0.0,0.0,1.0
-120.269113004271,38.0564131670002,1192.9775390625,rain,rain,0.0,0.0,1.0,0.0,0.0,1.0
-120.221084606943,38.0473332607494,1300.3265380859375,rain,snow,0.8177611454525451,0.0,0.18223885454745486,0.0,0.0,1.0
-120.823953190314,39.5678989592425,999.898681640625,rain,snow,0.918930730847696,0.0,0.08106926915230393,0.0,0.0,1.0
-120.162963078122,39.3581806163883,1793.0777587890625,snow,snow,0.576636682753136,0.0,0.42336331724686416,1.0,0.0,0.0
-119.979318036649,38.9445761327346,1898.4395751953125,snow,snow,0.6845238847956184,0.0,0.3154761152043817,1.0,0.0,0.0
-120.40536499,38.03266906,655.9208984375,rain,snow,0.6192041979124777,0.0,0.3807958020875223,0.0,0.0,1.0
-120.244188,39.678715,1505.601806640625,rain,snow,0.9262703126107812,0.0,0.07372968738921876,0.0,0.0,1.0
-119.945405658885,39.2752094384541,2182.246337890625,snow,rain,0.0,0.0,1.0,1.0,0.0,0.0
-120.1425765,39.1760857,1991.058837890625,snow,mix,0.0,0.7123188078381577,0.28768119216184235,1.0,0.0,0.0
-119.979318036649,38.9445761327346,1898.4395751953125,mix,snow,0.7693957980138073,0.0,0.23060420198619277,0.0,1.0,0.0
-119.925298589811,39.847203954093,1491.7423095703125,rain,snow,0.4582062309087113,0.2687973769200568,0.272996392171232,0.0,0.0,1.0
-120.9687941,38.663905,416.0556945800781,rain,rain,0.14178673679917714,0.1420245453672919,0.716188717833531,0.0,0.0,1.0
-120.9821501,39.0436863,689.05712890625,rain,rain,0.19402474024800637,0.13915092639817053,0.6668243333538231,0.0,0.0,1.0
-119.9668628,39.2520552,2016.028076171875,rain,rain,0.0,0.0,1.0,0.0,0.0,1.0
-120.0977244,39.2027038,1929.392578125,rain,rain,0.0,0.0,1.0,0.0,0.0,1.0
-119.885287341563,39.3285095677571,2501.984619140625,rain,rain,0.0,0.0,1.0,0.0,0.0,1.0
-119.9560814,39.2481116,1922.8812255859375,rain,rain,0.0,0.0,1.0,0.0,0.0,1.0
-120.823971138093,39.5678943451114,999.898681640625,rain,rain,0.0,0.0,1.0,0.0,0.0,1.0
-120.315858778081,39.8175343559843,1494.4031982421875,rain,rain,0.0,0.0,1.0,0.0,0.0,1.0
-119.9613824,39.2542686,2003.246337890625,rain,rain,0.0,0.0,1.0,0.0,0.0,1.0
-119.823612773283,39.2950452972682,1537.32177734375,rain,rain,0.0,0.0,1.0,0.0,0.0,1.0
-119.945371136809,39.275203984844,2182.246337890625,rain,rain,0.0,0.0,1.0,0.0,0.0,1.0
-120.186528163143,39.3304793537029,1810.587158203125,rain,rain,0.0,0.0,1.0,0.0,0.0,1.0
-120.951119940151,39.9368047351534,1042.9046630859375,rain,rain,0.15196816572795951,0.0,0.8480318342720405,0.0,0.0,1.0
-120.10023385162,39.3565844726113,1798.48291015625,rain,rain,0.27971123421263655,0.1979849663943959,0.5223037993929677,0.0,0.0,1.0
-119.9807487,39.5169922,1517.4693603515625,rain,rain,0.008016528261120202,0.0,0.9919834717388799,0.0,0.0,1.0
-120.2504884,39.371187,2037.4736328125,snow,rain,0.16518944668222296,0.10206113186354687,0.7327494214542302,1.0,0.0,0.0
-119.837088047246,39.3753820955657,1771.3431396484375,rain,rain,0.30781267128249923,0.2688502425488293,0.4233370861686715,0.0,0.0,1.0
-120.162829358448,39.3581854071886,1793.0777587890625,rain,rain,0.37586874151430655,0.09053903103046926,0.5335922274552243,0.0,0.0,1.0
-119.947008728707,38.9609236639256,1902.406005859375,rain,snow,0.3390414405183822,0.3361159664736186,0.3248425930079993,0.0,0.0,1.0
-119.950305396254,39.524798123734,1538.666748046875,rain,rain,0.006549101163634457,0.0,0.9934508988363655,0.0,0.0,1.0
-120.006726383142,39.2258245286736,1943.2259521484375,rain,mix,2.0302530594281504e-05,0.9999796974694057,0.0,0.0,0.0,1.0
-119.9522178,39.2714586,2182.246337890625,snow,mix,0.2845315972870905,0.6762425930393867,0.03922580967352276,1.0,0.0,0.0
-120.038340443275,39.247047289441,1926.0313720703125,mix,mix,0.35762543512272127,0.3985543462753689,0.24382021860190978,0.0,1.0,0.0
-119.893576135624,39.534737742741,1531.3826904296875,rain,rain,0.013036475837801726,0.0,0.9869635241621983,0.0,0.0,1.0
-119.9667869,39.251855,2016.028076171875,mix,snow,0.8917635731933974,0.10715606047473729,0.0010803663318652663,0.0,1.0,0.0
-119.9685953,39.251685,2016.028076171875,snow,mix,0.0035406537633429123,0.9952571244118903,0.0012022218247667827,1.0,0.0,0.0
-120.0976734,39.2027124,1929.392578125,snow,snow,0.660117594184305,0.2588725965501591,0.08100980926553582,1.0,0.0,0.0
-119.8693292,39.6023946,1591.5308837890625,rain,rain,0.008173761799525243,0.0,0.9918262382004748,0.0,0.0,1.0
-119.8644051,39.6412203,1511.9696044921875,rain,rain,0.008066795673962745,0.0,0.9919332043260372,0.0,0.0,1.0
-120.083905976099,39.227887485961,1958.6190185546875,snow,snow,0.5244756820252142,0.3805450292939775,0.09497928868080836,1.0,0.0,0.0
-119.961535176491,39.2518647520762,2003.246337890625,mix,mix,0.3675823786395228,0.6269705794664255,0.005447041894051611,0.0,1.0,0.0
-120.352409662998,38.0360411177158,984.2950439453125,rain,rain,0.3375026941803309,0.22010954904151753,0.4423877567781515,0.0,0.0,1.0
-120.006876553338,39.2257877215893,1943.2259521484375,mix,rain,2.0260226310981666e-05,3.10904661331661e-05,0.9999486493075559,0.0,1.0,0.0
-119.682361507614,38.9171389192035,1535.7108154296875,rain,rain,0.18606209001317797,0.3723117906699667,0.44162611931685536,0.0,0.0,1.0
-119.777921880253,39.382815528971,1549.0029296875,rain,rain,0.0017632137437110442,0.0,0.998236786256289,0.0,0.0,1.0
-119.947023139755,38.9589153306824,1902.406005859375,rain,mix,0.024531598313439616,0.5834160022985801,0.3920523993879803,0.0,0.0,1.0
-120.1839873,39.3280704,1781.1376953125,snow,mix,0.401401434756282,0.47043033839039794,0.1281682268533201,1.0,0.0,0.0
-119.811105939038,39.3210191192803,1542.5299072265625,rain,rain,0.06467301239904547,0.0,0.9353269876009546,0.0,0.0,1.0
-119.654389531733,39.298462504819,1912.5635986328125,rain,rain,1.9236354382575855e-07,0.0,0.9999998076364562,0.0,0.0,1.0
-120.166537936123,39.1421096583557,1993.328857421875,mix,mix,0.0032512793601777177,0.9908677422644789,0.005880978375343346,0.0,1.0,0.0
-119.9540269,39.2501125,2003.246337890625,snow,snow,0.9938255436608436,0.0010019632195783412,0.0051724931195780526,1.0,0.0,0.0
-119.940259444093,38.9357499212583,2027.0845947265625,mix,rain,0.03708170615358275,0.05697024594560179,0.9059480479008155,0.0,1.0,0.0
-119.7825514,39.295905,1543.263916015625,rain,rain,0.06343436487620198,0.0,0.9365656351237981,0.0,0.0,1.0
-119.979318036649,38.9445761327346,1898.4395751953125,rain,rain,0.0456064517532358,0.46290094388105446,0.4914926043657098,0.0,0.0,1.0
-120.9688205,38.6639092,416.0556945800781,rain,mix,0.12970442764253767,0.6131714664919413,0.25712410586552104,0.0,0.0,1.0
-120.1426839,39.1759126,1916.4578857421875,mix,mix,0.10182327551052539,0.8336009580176673,0.06457576647180736,0.0,1.0,0.0
-119.654476882792,39.2984934674013,1912.5635986328125,rain,rain,1.9246032576322444e-07,0.0,0.9999998075396742,0.0,0.0,1.0
-120.000904056622,38.8672306044021,1948.97900390625,mix,snow,0.9046099577775617,0.03460090318778271,0.06078913903465559,0.0,1.0,0.0
-119.961540581783,39.251888319043,2003.246337890625,snow,snow,0.9977725012147036,0.0007541091989672153,0.0014733895863291528,1.0,0.0,0.0
-120.1618867,39.1388085,1920.8233642578125,mix,mix,0.003248139496572589,0.9902662826306915,0.006485577872735942,0.0,1.0,0.0
-119.925298589811,39.847203954093,1491.7423095703125,rain,rain,0.0,0.0,1.0,0.0,0.0,1.0
-119.8167858,39.5252042,1377.3780517578125,rain,rain,0.0,0.0,1.0,0.0,0.0,1.0
-119.785951509604,39.3883671662534,1549.0029296875,rain,rain,0.0017403012405617462,0.0,0.9982596987594382,0.0,0.0,1.0
-119.9667347,39.252067,2016.028076171875,snow,snow,0.9972775928548843,0.0009733028027991373,0.0017491043423165625,1.0,0.0,0.0
-120.468929,39.8056082,1484.389892578125,rain,rain,0.11131178023947533,0.0,0.8886882197605247,0.0,0.0,1.0
-119.997426692521,38.852336517706,1980.7945556640625,snow,mix,0.0,0.952319986361777,0.047680013638222996,1.0,0.0,0.0
-119.682344759046,38.9170588275344,1535.7108154296875,rain,rain,0.1323234208186764,0.3419680917889544,0.5257084873923692,0.0,0.0,1.0
-120.153015814847,39.0683111458362,1952.60888671875,rain,mix,0.03146982214845533,0.871694806328197,0.09683537152334779,0.0,0.0,1.0
-120.0722477,38.1480809,1605.92138671875,rain,rain,0.16001511824987943,0.2802220965733194,0.5597627851768011,0.0,0.0,1.0
-120.82396878442,39.5678944652552,999.898681640625,rain,rain,0.22069442896837682,0.29216119048818573,0.48714438054343745,0.0,0.0,1.0
-119.8693139,39.6024285,1591.5308837890625,rain,rain,0.0,0.0,1.0,0.0,0.0,1.0
-119.8644135,39.6412062,1511.9696044921875,rain,rain,0.0,0.0,1.0,0.0,0.0,1.0
-119.823702207468,39.4029565006337,1699.9962158203125,rain,rain,0.0156804346274572,0.0,0.9843195653725428,0.0,0.0,1.0
-119.7468997,39.4250859,1368.7227783203125,rain,rain,0.0,0.0,1.0,0.0,0.0,1.0
-119.9397511,38.9912175,2001.6427001953125,mix,mix,0.00296107234355455,0.9870768517555731,0.00996207590087237,0.0,1.0,0.0
-119.733871565275,39.5794923640037,1362.42431640625,rain,rain,0.0,0.0,1.0,0.0,0.0,1.0
-119.8706654,39.5247707,1486.023193359375,rain,rain,0.0,0.0,1.0,0.0,0.0,1.0
-119.697268336633,39.5547902160977,1362.3389892578125,rain,rain,0.0,0.0,1.0,0.0,0.0,1.0
-119.811096637067,39.3210109198765,1542.5299072265625,rain,rain,0.0,0.18199372308404949,0.8180062769159506,0.0,0.0,1.0
-119.8644172,39.6412541,1511.9696044921875,rain,rain,0.0,0.0,1.0,0.0,0.0,1.0
-119.963345102789,38.9417914155327,1905.9434814453125,mix,mix,0.019604793875848795,0.8186569563318069,0.16173824979234436,0.0,1.0,0.0
-119.9762565,39.6756042,1534.9154052734375,rain,rain,0.0,0.0,1.0,0.0,0.0,1.0
-120.7826477,38.5112616,515.516845703125,rain,mix,0.12207565865803793,0.5350797619567916,0.34284457938517054,0.0,0.0,1.0
-119.997426692521,38.852336517706,1980.7945556640625,rain,mix,0.04215234785829328,0.9243051200789244,0.033542532062782335,0.0,0.0,1.0
-120.22109269699,38.0473336816906,1300.3265380859375,rain,mix,0.0885071760342274,0.4971056600426258,0.4143871639231468,0.0,0.0,1.0
-119.654519686705,39.2984157197262,1912.5635986328125,rain,rain,0.0,0.07170872088290509,0.928291279117095,0.0,0.0,1.0
-120.166537936123,39.1421096583557,1993.328857421875,snow,mix,0.0,0.8710613922774824,0.1289386077225177,1.0,0.0,0.0
-119.8643715,39.6412313,1511.9696044921875,rain,rain,0.0,0.0,1.0,0.0,0.0,1.0
-120.083905633672,39.2278880996465,1958.6190185546875,mix,mix,0.31102951508010196,0.5513268968188607,0.13764358810103733,0.0,1.0,0.0
-120.31586819134,39.8175359293508,1494.4031982421875,rain,rain,0.0,0.0,1.0,0.0,0.0,1.0
-119.947668860144,39.0025102859632,1926.93798828125,mix,mix,0.00334338374010155,0.9873011242172323,0.009355492042666112,0.0,1.0,0.0
-119.765738012253,39.4079244699767,1410.70751953125,rain,rain,0.0,0.00882469499589255,0.9911753050041074,0.0,0.0,1.0
-119.893576135624,39.534737742741,1531.3826904296875,rain,rain,0.0,0.0,1.0,0.0,0.0,1.0
-119.9667347,39.252067,2016.028076171875,mix,mix,0.10027628767627256,0.5202749466614583,0.3794487656622692,0.0,1.0,0.0
-119.8486449,39.5978189,1597.0430908203125,rain,rain,0.0,0.0,1.0,0.0,0.0,1.0
-120.9688017,38.6639063,416.0556945800781,rain,rain,0.0,0.0,1.0,0.0,0.0,1.0
-120.1425918,39.1760862,1991.058837890625,rain,rain,0.03734103738286981,0.0,0.9626589626171302,0.0,0.0,1.0
-119.869323,39.6024248,1591.5308837890625,rain,rain,0.0,0.0,1.0,0.0,0.0,1.0
-119.7468921,39.4250516,1368.7227783203125,rain,rain,0.0,0.0,1.0,0.0,0.0,1.0
-119.925298589811,39.847203954093,1491.7423095703125,rain,rain,0.0,0.0,1.0,0.0,0.0,1.0
-120.352410372375,38.0360401073781,984.2950439453125,rain,rain,0.0912704575310752,0.0,0.9087295424689248,0.0,0.0,1.0
-120.0976976,39.2027467,1929.392578125,rain,rain,0.04804696889837135,0.0,0.9519530311016287,0.0,0.0,1.0
-120.1839873,39.3280704,1781.1376953125,rain,rain,0.052997995280226834,0.0,0.9470020047197731,0.0,0.0,1.0
-119.8707727,39.5248282,1486.023193359375,rain,rain,0.0,0.0,1.0,0.0,0.0,1.0
-120.1089007,39.3458152,1855.036376953125,rain,rain,0.08046324706403392,0.0,0.9195367529359662,0.0,0.0,1.0
-119.9762565,39.6756042,1534.9154052734375,rain,rain,0.0,0.0,1.0,0.0,0.0,1.0
-119.979318036649,38.9445761327346,1898.4395751953125,rain,rain,0.11328381253474024,0.0,0.8867161874652598,0.0,0.0,1.0
-119.945403937831,39.275217996006,2182.246337890625,snow,rain,0.0,0.0,1.0,1.0,0.0,0.0
-119.697277793763,39.5791616045964,1438.1224365234375,rain,rain,0.0,0.0,1.0,0.0,0.0,1.0
-119.765816985429,39.407888977759,1410.70751953125,rain,rain,1.3601580124868526e-07,0.0,0.9999998639841987,0.0,0.0,1.0
-119.8692796,39.6023254,1591.5308837890625,rain,rain,0.0,0.0,1.0,0.0,0.0,1.0
-119.961535176491,39.2518647520762,2003.246337890625,rain,rain,0.021643318242387414,0.0,0.9783566817576126,0.0,0.0,1.0
-119.709389956341,39.5456641937274,1341.52783203125,rain,rain,0.0,0.0,1.0,0.0,0.0,1.0
-119.765736263893,39.4079239526055,1410.70751953125,rain,rain,1.3591963682667567e-07,0.0,0.9999998640803631,0.0,0.0,1.0
-120.468929,39.8056082,1484.389892578125,rain,rain,0.0,0.0,1.0,0.0,0.0,1.0
-120.038338995563,39.2470470638929,1926.0313720703125,rain,rain,0.13276013300257547,0.0,0.8672398669974245,0.0,0.0,1.0
-119.8644157,39.6412021,1511.9696044921875,rain,rain,0.0,0.0,1.0,0.0,0.0,1.0
-119.9667347,39.252067,2016.028076171875,rain,rain,0.019055956133633277,0.0,0.9809440438663667,0.0,0.0,1.0
-119.8709231,39.5247998,1486.023193359375,rain,rain,0.03355061343119918,0.0,0.9664493865688009,0.0,0.0,1.0
-119.99643864826,38.8705240231543,1950.8565673828125,rain,rain,0.0001300337032212914,0.06468849094559272,0.9351814753511859,0.0,0.0,1.0
-119.697245734355,39.5791509713618,1438.1224365234375,rain,rain,0.030271248600582484,0.0,0.9697287513994175,0.0,0.0,1.0
-119.749080621103,38.9495506900671,1446.9903564453125,rain,rain,0.07858372231125722,0.21542662224743223,0.7059896554413105,0.0,0.0,1.0
-119.7469966,39.4252495,1368.7227783203125,rain,rain,0.009968003454195327,0.0,0.9900319965458048,0.0,0.0,1.0
-120.166537936123,39.1421096583557,1993.328857421875,rain,rain,0.21325712939275654,0.09962460794371841,0.687118262663525,0.0,0.0,1.0
-120.000901317505,38.8672311684197,1948.97900390625,rain,rain,0.00012419136170181957,0.09071923958884606,0.9091565690494521,0.0,0.0,1.0
-119.765736683008,39.407923982097,1410.70751953125,rain,rain,0.012445495065138833,0.0,0.9875545049348611,0.0,0.0,1.0
-119.9762565,39.6756042,1534.9154052734375,rain,rain,0.021537913504384356,0.0,0.9784620864956157,0.0,0.0,1.0
-120.22109269699,38.0473336816906,1300.3265380859375,rain,rain,0.0,0.014760523995502595,0.9852394760044973,0.0,0.0,1.0
-119.9667347,39.252067,2016.028076171875,rain,snow,0.921888681023719,0.0,0.07811131897628093,0.0,0.0,1.0
-119.945403294848,39.2752192292657,2182.246337890625,snow,rain,0.0,0.0,1.0,1.0,0.0,0.0
-120.6741998,39.3041663,1517.6959228515625,rain,rain,0.0003462987723932107,0.0,0.9996537012276068,0.0,0.0,1.0
-120.661152,39.3020697,1577.3743896484375,rain,rain,0.00035919411611806505,0.0,0.999640805883882,0.0,0.0,1.0
-120.31586819134,39.8175359293508,1494.4031982421875,rain,rain,0.0,0.0,1.0,0.0,0.0,1.0
-119.997426692521,38.852336517706,1980.7945556640625,mix,rain,0.0007492319425313424,0.0,0.9992507680574687,0.0,1.0,0.0
-120.352408361669,38.0360401249175,984.2950439453125,rain,rain,0.0,0.013559267399571494,0.9864407326004285,0.0,0.0,1.0
-119.89488036193,37.4389790057982,611.9118041992188,rain,rain,0.0,0.07242880532317164,0.9275711946768284,0.0,0.0,1.0
-119.869315,39.6024114,1591.5308837890625,rain,rain,0.008817452942919005,0.0,0.991182547057081,0.0,0.0,1.0
-119.8644053,39.6411784,1511.9696044921875,rain,rain,0.007668495263508064,0.0,0.9923315047364919,0.0,0.0,1.0
-119.979318036649,38.9445761327346,1898.4395751953125,rain,rain,0.11264948329362712,0.05339327899668457,0.8339572377096882,0.0,0.0,1.0
-119.8485357,39.5976212,1597.0430908203125,rain,rain,6.55994714178948e-08,3.426523459692194e-08,0.9999999001352939,0.0,0.0,1.0
-119.945400266224,39.2752223688942,2182.246337890625,snow,mix,0.047330440658339266,0.9490312235383505,0.003638335803310243,1.0,0.0,0.0
-120.468929,39.8056082,1484.389892578125,rain,rain,0.03142133622193357,0.03143798126535497,0.9371406825127114,0.0,0.0,1.0
-120.644327223893,38.716663622092,951.689697265625,rain,rain,0.19791630051565484,0.0968744485387133,0.7052092509456319,0.0,0.0,1.0
-119.765736683053,39.4079239820353,1410.70751953125,rain,rain,0.2955192071710844,0.1565194041006237,0.547961388728292,0.0,0.0,1.0
-120.162957577335,39.3581824376362,1793.0777587890625,rain,snow,0.44096786940673716,0.22417538833202355,0.33485674226123935,0.0,0.0,1.0
-120.352367366723,38.0360484531399,984.2950439453125,rain,rain,0.16083968203510732,0.07933844603168583,0.7598218719332069,0.0,0.0,1.0
-119.9522189,39.2714598,2182.246337890625,mix,snow,0.9965070599527359,0.0,0.00349294004726404,0.0,1.0,0.0
-120.45283231713,39.6640493441386,1538.229736328125,rain,rain,0.08087771274355701,0.040963999447069965,0.8781582878093731,0.0,0.0,1.0
-119.8485841,39.597671,1597.0430908203125,rain,rain,6.558445911354692e-08,3.425723267752708e-08,0.9999999001583083,0.0,0.0,1.0
-119.869315,39.6024114,1591.5308837890625,rain,rain,0.0023336219714173404,0.001218620518462807,0.9964477575101198,0.0,0.0,1.0
-119.997426692521,38.852336517706,1980.7945556640625,rain,rain,0.07465736012865953,0.03582855973130435,0.8895140801400361,0.0,0.0,1.0
-119.682361507614,38.9171389192035,1535.7108154296875,rain,rain,0.19839852802162344,0.0967259677819264,0.7048755041964502,0.0,0.0,1.0
-119.9667347,39.252067,2016.028076171875,snow,mix,0.37860197904304216,0.5947044503794662,0.02669357057749161,1.0,0.0,0.0
-119.765936563754,39.4078485034183,1410.70751953125,rain,rain,0.3594408855481928,0.0,0.6405591144518072,0.0,0.0,1.0
-119.996438978991,38.8705239507648,1950.8565673828125,mix,rain,0.0,5.151120457518012e-06,0.9999948488795425,0.0,1.0,0.0
-119.943694503835,38.985681059271,1952.138671875,rain,rain,0.0,0.4601429751387098,0.5398570248612903,0.0,0.0,1.0
-119.996491381907,38.8705184268768,1950.8565673828125,rain,mix,0.0,0.9999998061317011,1.9386829884710608e-07,0.0,0.0,1.0
-120.083778347695,39.227832879698,1958.6190185546875,mix,rain,0.13135518294426912,0.10323612019236263,0.7654086968633683,0.0,1.0,0.0
-119.961535176491,39.2518647520762,2003.246337890625,rain,rain,0.0016940548160601747,0.0010062482143201703,0.9972996969696196,0.0,0.0,1.0
-119.869315,39.6024114,1591.5308837890625,rain,rain,0.15160962517963184,0.0,0.8483903748203683,0.0,0.0,1.0
-119.95627370509,38.1896598999526,2024.268310546875,rain,rain,0.0,0.22200070789771703,0.7779992921022829,0.0,0.0,1.0
-119.879176515116,39.3271606983377,2412.533935546875,snow,snow,0.8764992383432538,0.0,0.12350076165674621,1.0,0.0,0.0
-119.825948076291,39.5153453749292,1390.4053955078125,snow,rain,0.200145482196387,0.0,0.7998545178036129,1.0,0.0,0.0
-120.10023385162,39.3565844726113,1798.48291015625,mix,rain,0.30449277847895534,0.20293626334335874,0.4925709581776859,0.0,1.0,0.0
-119.867966311515,39.3354534718698,2208.241455078125,snow,snow,0.8881085843457072,0.0,0.1118914156542929,1.0,0.0,0.0
-120.1425929,39.1760858,1991.058837890625,rain,mix,0.11234785746183515,0.6333417576850033,0.2543103848531616,0.0,0.0,1.0
-120.352367180118,38.0360484243971,984.2950439453125,rain,rain,0.0,0.21470747314314503,0.785292526856855,0.0,0.0,1.0
-119.9640523,39.2501999,2016.028076171875,rain,rain,0.0016190951100923004,0.0010412315548042395,0.9973396733351034,0.0,0.0,1.0
-120.31586819134,39.8175359293508,1494.4031982421875,rain,rain,0.10368733519149013,0.10119808510129241,0.7951145797072176,0.0,0.0,1.0
-119.7693856,39.1878783,1442.8193359375,rain,rain,0.4193070017367679,0.0,0.5806929982632322,0.0,0.0,1.0
-119.997426692521,38.852336517706,1980.7945556640625,mix,rain,0.0,0.4926894952468603,0.5073105047531397,0.0,1.0,0.0
-119.749460687086,38.950130621543,1446.9903564453125,rain,rain,0.0,0.2949395398320794,0.7050604601679207,0.0,0.0,1.0
-119.853120289472,39.3388741830554,2080.765380859375,snow,snow,0.783154880961018,0.0,0.216845119038982,1.0,0.0,0.0
-119.8644018,39.6411963,1511.9696044921875,rain,rain,0.09069145540935833,0.0,0.9093085445906417,0.0,0.0,1.0
-119.850390216633,39.3637407570939,1825.638427734375,rain,snow,0.6510816774890676,0.0,0.34891832251093247,0.0,0.0,1.0
-119.821827453622,39.381492958383,1719.46435546875,rain,rain,0.3501760228992788,0.0,0.6498239771007212,0.0,0.0,1.0
-119.9762565,39.6756042,1534.9154052734375,rain,rain,0.0934872515882355,0.03301319808110043,0.8734995503306641,0.0,0.0,1.0
-119.784347243926,39.4602654690521,1364.1851806640625,rain,rain,0.0,0.02484041508338637,0.9751595849166136,0.0,0.0,1.0
-119.749544401315,38.9502653143716,1446.9903564453125,rain,rain,0.4649746650303669,0.04414034122683898,0.4908849937427941,0.0,0.0,1.0
-119.796423181608,39.4768078057906,1379.0013427734375,rain,rain,0.0,0.024463050523279795,0.9755369494767203,0.0,0.0,1.0
-119.8644988,39.641224,1511.9696044921875,rain,rain,0.0,0.10463827580424043,0.8953617241957597,0.0,0.0,1.0
-119.825786289281,39.5149678388394,1390.4053955078125,rain,rain,0.0,0.03639118000535477,0.9636088199946452,0.0,0.0,1.0
-119.996440856158,38.8705256154481,1950.8565673828125,rain,snow,0.9874298264885326,0.0027041570692520047,0.00986601644221535,0.0,0.0,1.0
-119.859674687377,39.4854607863748,1560.6016845703125,rain,rain,0.0,0.002167240992929257,0.9978327590070707,0.0,0.0,1.0
-119.912152166667,39.5312304666667,1555.9532470703125,rain,rain,0.0,0.0,1.0,0.0,0.0,1.0
-119.867693372751,39.485688579081,1519.5770263671875,rain,rain,0.0,0.0020114125538130186,0.997988587446187,0.0,0.0,1.0
-120.1876988,39.315568,1840.956298828125,mix,snow,0.6183806813434815,0.3569113664070537,0.02470795224946497,0.0,1.0,0.0
-119.9938085,39.518066,1494.7957763671875,rain,rain,0.0,0.0,1.0,0.0,0.0,1.0
-120.180108116274,39.3661303051835,1815.3370361328125,mix,snow,0.6972314895978416,0.27635504014636697,0.026413470255791383,0.0,1.0,0.0
-120.1087907,39.3457914,1855.036376953125,snow,mix,0.3127374711075499,0.6309579713114506,0.05630455758099949,1.0,0.0,0.0
-119.8708727,39.5248507,1486.023193359375,rain,rain,0.0,0.0,1.0,0.0,0.0,1.0
-120.2505549,39.3711667,2037.4736328125,snow,snow,0.9507606718107885,0.04676216514095948,0.0024771630482519364,1.0,0.0,0.0
-119.9590602,39.2541975,2003.246337890625,snow,snow,0.9987458796892307,0.00047507984378508694,0.0007790404669842316,1.0,0.0,0.0
-120.251809904212,39.3613028520344,2042.4560546875,snow,snow,0.94875824377987,0.04888595437017512,0.002355801849954901,1.0,0.0,0.0
-119.956274886629,38.1896623724458,2024.268310546875,rain,rain,0.46247385145115766,0.0743734321334698,0.46315271641537253,0.0,0.0,1.0
-119.709389956341,39.5456641937274,1341.52783203125,mix,rain,0.0,0.0,1.0,0.0,1.0,0.0
-119.7625796,39.1867724,1438.2144775390625,rain,snow,0.5574143884375988,0.0,0.44258561156240117,0.0,0.0,1.0
-119.997491605681,38.8523531403729,1980.7945556640625,snow,rain,0.005345732192256459,0.002527895610657744,0.9921263721970858,1.0,0.0,0.0
-119.961535176491,39.2518647520762,2003.246337890625,snow,snow,0.9987560490367684,0.00047860080232591315,0.0007653501609056649,1.0,0.0,0.0
-119.7732495,39.1307126,1473.9190673828125,rain,snow,0.5125583049956186,0.4874416950043814,0.0,0.0,0.0,1.0
-120.083968186824,39.2278804707784,1958.6190185546875,mix,snow,0.705588951639926,0.29441104836007403,0.0,0.0,1.0,0.0
-120.352369402353,38.0360482981929,984.2950439453125,rain,mix,0.286322124697109,0.6138713900917222,0.09980648521116876,0.0,0.0,1.0
-119.9668342,39.2520144,2016.028076171875,snow,snow,0.9999201147018143,7.988529818569414e-05,0.0,1.0,0.0,0.0
-120.1425929,39.1760858,1991.058837890625,snow,mix,0.32183334763992466,0.6781666523600753,0.0,1.0,0.0,0.0
-119.8644081,39.6412101,1511.9696044921875,rain,snow,0.8770941745832026,0.1229058254167974,0.0,0.0,0.0,1.0
-119.947801502533,39.2466451507427,1927.8106689453125,mix,mix,0.04831628955764938,0.9516837104423507,0.0,0.0,1.0,0.0
-119.947141531525,39.2458134597622,1927.8106689453125,mix,mix,0.04635751398366372,0.9536424860163363,0.0,0.0,1.0,0.0
-119.937725850906,39.2439856354522,1933.2171630859375,mix,snow,0.9141673202606589,0.085832679739341,0.0,0.0,1.0,0.0
-119.935378027197,39.2462297265016,1933.2171630859375,snow,snow,0.9331350457394003,0.06686495426059968,0.0,1.0,0.0,0.0
-119.93573059394,39.2455697185153,1933.2171630859375,snow,snow,0.8970964875622831,0.1029035124377169,0.0,1.0,0.0,0.0
-119.929368718652,39.2502590583335,2110.830322265625,snow,snow,0.7979141277217233,0.20208587227827657,0.0,1.0,0.0,0.0
-119.923916284338,39.2533997689332,2146.894775390625,snow,snow,0.8513238192525774,0.14867618074742264,0.0,1.0,0.0,0.0
-119.870868452058,38.9750818475279,2201.280517578125,mix,mix,0.10913200082679753,0.8433307772052342,0.04753722196796838,0.0,1.0,0.0
-119.949464646139,39.2531184042961,1992.6064453125,snow,mix,0.38160916256571803,0.6183908374342819,0.0,1.0,0.0,0.0
-119.947008271881,38.9609236840535,1902.406005859375,mix,mix,0.001646953559580589,0.998086213725346,0.00026683271507337025,0.0,1.0,0.0
-119.9429385,38.9623148,1925.515625,mix,mix,0.0015818276336968724,0.998143948542722,0.00027422382358104975,0.0,1.0,0.0
-119.9667174,39.2520371,2016.028076171875,snow,snow,0.9999194200204079,8.057997959206419e-05,0.0,1.0,0.0,0.0
-119.996440845473,38.8705255220328,1950.8565673828125,snow,mix,0.032256004911299825,0.9328419935904351,0.03490200149826505,1.0,0.0,0.0
-119.996440843245,38.870525502558,1950.8565673828125,snow,snow,0.9385806588624381,0.03692404315180979,0.024495297985751993,1.0,0.0,0.0
-119.96178620449,38.9423030683557,1909.8526611328125,snow,snow,0.9173457273314516,0.05456448542722914,0.028089787241319282,1.0,0.0,0.0
-120.9819467,39.0433661,689.05712890625,rain,snow,0.7032986132668262,0.20003880388100967,0.09666258285216414,0.0,0.0,1.0
-120.17982,39.3378913,1818.37109375,snow,mix,0.2175657740167976,0.6517818001977763,0.13065242578542602,1.0,0.0,0.0
-119.9667751,39.2519831,2016.028076171875,mix,snow,0.8345450403646505,0.0,0.16545495963534954,0.0,1.0,0.0
-119.5083011,39.3120207,1324.5926513671875,rain,snow,0.5553750790629634,0.40625677710370767,0.038368143833328976,0.0,0.0,1.0
-119.7732711,39.1307312,1473.9190673828125,rain,snow,0.9449971726931573,0.0,0.05500282730684271,0.0,0.0,1.0
-120.31586819134,39.8175359293508,1494.4031982421875,rain,snow,0.6224788449256113,0.0,0.3775211550743886,0.0,0.0,1.0
-119.9667751,39.2519831,2016.028076171875,snow,rain,0.0,0.0,1.0,1.0,0.0,0.0
-120.2505604,39.3711775,2037.4736328125,snow,snow,1.0,0.0,0.0,1.0,0.0,0.0
-120.407393715632,39.311052939024,2058.951171875,snow,snow,1.0,0.0,0.0,1.0,0.0,0.0
-119.9667754,39.2519745,2016.028076171875,snow,snow,1.0,0.0,0.0,1.0,0.0,0.0
-120.2505507,39.3711831,2037.4736328125,snow,snow,0.8719868360736668,0.0,0.1280131639263332,1.0,0.0,0.0
-120.243788,39.6788076,1505.601806640625,rain,snow,0.5274611332536865,0.0,0.4725388667463136,0.0,0.0,1.0
-120.7826482,38.5111994,515.516845703125,rain,rain,0.3168637787166751,0.0,0.683136221283325,0.0,0.0,1.0
-120.162945612544,39.3581836202089,1793.0777587890625,snow,snow,0.8519471852457281,0.0,0.1480528147542719,1.0,0.0,0.0
-120.9819472,39.0433665,689.05712890625,rain,rain,0.4229050371872437,0.0,0.5770949628127564,0.0,0.0,1.0
-119.9935939,39.5180867,1494.7957763671875,rain,snow,0.6901537217587665,0.0,0.30984627824123356,0.0,0.0,1.0
-120.136386528537,39.0652425103028,1910.2132568359375,snow,snow,0.7499454332364908,0.04281038677871857,0.20724417998479072,1.0,0.0,0.0
-120.4689278,39.8056361,1484.389892578125,rain,mix,0.0897441239396823,0.8841040406098793,0.026151835450438338,0.0,0.0,1.0
-120.9688229,38.6639106,416.0556945800781,rain,rain,0.09007196551851528,0.01251641905886482,0.8974116154226199,0.0,0.0,1.0
-120.711241528461,38.7306997103999,794.8796997070312,rain,rain,0.1568025416644178,0.015331649161577813,0.8278658091740043,0.0,0.0,1.0
-120.31586819134,39.8175359293508,1494.4031982421875,mix,rain,0.09540566909784108,0.0,0.904594330902159,0.0,1.0,0.0
-120.7826482,38.5111994,515.516845703125,rain,rain,0.10088736172864327,0.011381821863995967,0.8877308164073608,0.0,0.0,1.0
-119.996441396602,38.8705219092164,1950.8565673828125,snow,snow,0.732649099730759,0.03250398045337437,0.2348469198158667,1.0,0.0,0.0
-120.2505507,39.3711831,2037.4736328125,snow,snow,0.4926402669464779,0.18315326306006405,0.3242064699934581,1.0,0.0,0.0
-119.9937937,39.5180499,1494.7957763671875,rain,rain,0.005165690888372205,0.10995925054838676,0.8848750585632411,0.0,0.0,1.0
-120.10061357871,39.3563193222539,1798.48291015625,snow,snow,0.9933657787630287,0.0066342212369712335,0.0,1.0,0.0,0.0
-119.8692331,39.6023763,1591.5308837890625,rain,rain,8.285912024098766e-08,8.471317251393248e-07,0.9999990700091547,0.0,0.0,1.0
-119.885056339109,39.5322076436591,1516.285888671875,rain,rain,0.016740559941971548,0.1308334694074023,0.8524259706506262,0.0,0.0,1.0
-119.8323162,39.4790436,1471.4849853515625,rain,rain,0.07053457250062892,0.1124384816761794,0.8170269458231918,0.0,0.0,1.0
-120.007681757803,39.527509317236,1521.617431640625,rain,rain,0.005175188249007618,0.07667069394055126,0.9181541178104411,0.0,0.0,1.0
-119.995636688657,39.4774848595629,1569.41796875,mix,rain,0.06573908273083771,0.0,0.9342609172691623,0.0,1.0,0.0
-119.986009677633,39.6800275806937,1552.726806640625,mix,rain,0.028705114904819067,0.07878497302855533,0.8925099120666256,0.0,1.0,0.0
-120.038338918569,39.2470475089065,1926.0313720703125,snow,snow,1.0,0.0,0.0,1.0,0.0,0.0
-120.038376719471,39.2469845373716,1926.0313720703125,snow,snow,1.0,0.0,0.0,1.0,0.0,0.0
-120.083890562779,39.2279233060696,1958.6190185546875,snow,snow,1.0,0.0,0.0,1.0,0.0,0.0
-120.1620033,39.1386883,1920.8233642578125,snow,snow,1.0,0.0,0.0,1.0,0.0,0.0
-120.1090474,39.3457294,1855.036376953125,snow,snow,1.0,0.0,0.0,1.0,0.0,0.0
-119.961535176491,39.2518647520762,2003.246337890625,snow,snow,1.0,0.0,0.0,1.0,0.0,0.0
-119.9563509,39.2531258,2003.246337890625,snow,snow,1.0,0.0,0.0,1.0,0.0,0.0
-120.162945612544,39.3581836202089,1793.0777587890625,snow,snow,0.9727573014126719,0.027242698587328116,0.0,1.0,0.0,0.0
-119.945402446434,39.2752216381121,2182.246337890625,snow,snow,1.0,0.0,0.0,1.0,0.0,0.0
-119.9521949,39.271454,2182.246337890625,snow,snow,1.0,0.0,0.0,1.0,0.0,0.0
-119.8693074,39.6024425,1591.5308837890625,rain,rain,8.284848118018754e-08,8.478580214473206e-07,0.9999990692934974,0.0,0.0,1.0
-119.986009677633,39.6800275806937,1552.726806640625,rain,rain,0.13423373688599055,0.21313359984591276,0.6526326632680968,0.0,0.0,1.0
-119.945402446434,39.2752216381121,2182.246337890625,snow,snow,0.9386519013953227,0.037109363667621534,0.024238734937055806,1.0,0.0,0.0
-119.83110711671,39.3766942147329,1739.0556640625,mix,snow,0.9665566784272362,0.0,0.03344332157276377,0.0,1.0,0.0
-120.9688035,38.6639123,416.0556945800781,rain,rain,0.33567004662406463,0.0,0.6643299533759354,0.0,0.0,1.0
-119.997409704113,38.8523161403567,1980.7945556640625,snow,snow,1.0,0.0,0.0,1.0,0.0,0.0
-119.765761566425,39.4079253852284,1410.70751953125,rain,mix,0.4685089225656685,0.47499639373853547,0.05649468369579612,0.0,0.0,1.0
-120.00088272961,38.8672864663245,1948.97900390625,snow,snow,1.0,0.0,0.0,1.0,0.0,0.0
-119.8693083,39.6024083,1591.5308837890625,rain,rain,0.2691046770303481,0.11846217885923471,0.6124331441104172,0.0,0.0,1.0
-120.824061617711,39.5679397710095,999.898681640625,snow,snow,0.526726625393347,0.28166463938683406,0.19160873521981892,1.0,0.0,0.0
-119.996446874456,38.8705227204204,1950.8565673828125,snow,snow,1.0,0.0,0.0,1.0,0.0,0.0
-120.31586819134,39.8175359293508,1494.4031982421875,mix,rain,0.17901951289677615,0.09936517195071176,0.7216153151525121,0.0,1.0,0.0
-120.3722209,39.8186579,1493.965576171875,mix,snow,0.9267347369289822,0.04564166262884937,0.027623600442168418,0.0,1.0,0.0
-119.963346090398,38.9418144669276,1905.9434814453125,snow,snow,1.0,0.0,0.0,1.0,0.0,0.0
-119.843246844909,39.3745619070563,1874.2142333984375,snow,mix,0.015405191579117818,0.9589792901721496,0.025615518248732677,1.0,0.0,0.0
-120.3597407,39.8172237,1491.965087890625,snow,mix,0.012263008028671958,0.9496136737131766,0.03812331825815144,1.0,0.0,0.0
-120.2995415,39.8074972,1534.9075927734375,rain,mix,0.10969604065140574,0.8860301652749184,0.004273794073675905,0.0,0.0,1.0
-120.4689278,39.8056361,1484.389892578125,snow,mix,0.3225441864566608,0.5289225912953818,0.14853322224795756,1.0,0.0,0.0
-120.689652847622,38.6953646163882,809.8617553710938,rain,rain,0.47132650149813815,0.0,0.5286734985018618,0.0,0.0,1.0
-120.210535545229,39.1806353019906,2026.6778564453125,snow,snow,1.0,0.0,0.0,1.0,0.0,0.0
-120.177039864645,39.3403916077738,1818.37109375,snow,snow,0.8431646563229719,0.06899159398052232,0.08784374969650585,1.0,0.0,0.0
-119.9667759,39.2519736,2016.028076171875,snow,snow,0.961121421422427,0.025175452789224177,0.013703125788348976,1.0,0.0,0.0
-120.07063549759,39.2378574979736,1922.7923583984375,snow,snow,0.9286848504745743,0.04369302155584246,0.027622127969583212,1.0,0.0,0.0
-119.843247983223,39.3745567983038,1874.2142333984375,snow,rain,0.17273078274612874,0.17842309559846078,0.6488461216554104,1.0,0.0,0.0
-119.996446874522,38.8705227209892,1950.8565673828125,snow,snow,0.732084868424748,0.0,0.26791513157525204,1.0,0.0,0.0
-120.9687991,38.6639104,416.0556945800781,rain,snow,0.7513424024766304,0.0,0.24865759752336966,0.0,0.0,1.0
-119.9667682,39.251995,2016.028076171875,snow,snow,0.9877537292539328,0.00556779831372832,0.006678472432338867,1.0,0.0,0.0
-120.31586819134,39.8175359293508,1494.4031982421875,snow,snow,0.7030151748168798,0.2969848251831202,0.0,1.0,0.0,0.0
-120.4689278,39.8056361,1484.389892578125,snow,snow,0.7563580413690707,0.24364195863092922,0.0,1.0,0.0,0.0
-120.243796,39.6787776,1505.601806640625,snow,mix,0.40997271007369873,0.5900272899263013,0.0,1.0,0.0,0.0
-120.221091033629,38.0473333756511,1300.3265380859375,rain,snow,0.9494405494358628,0.0,0.05055945056413731,0.0,0.0,1.0
-119.954037194392,39.2463951348885,1922.8812255859375,snow,snow,0.9896271838418934,0.0036203087634974224,0.006752507394609187,1.0,0.0,0.0
-119.8486765,39.5978536,1597.0430908203125,mix,mix,0.0,0.97419499675738,0.025805003242620007,0.0,1.0,0.0
-119.925298589811,39.847203954093,1491.7423095703125,mix,mix,0.1799724654652658,0.7332845378307693,0.08674299670396489,0.0,1.0,0.0
-119.986009677633,39.6800275806937,1552.726806640625,mix,mix,0.06675563693004755,0.9332443630699524,0.0,0.0,1.0,0.0
-120.007681757803,39.527509317236,1521.617431640625,mix,mix,0.004170539947203781,0.9878513912683504,0.007978068784445827,0.0,1.0,0.0
-120.0722563,38.1480745,1605.92138671875,snow,rain,0.11235948518882422,0.0,0.8876405148111758,1.0,0.0,0.0
-119.7625579,39.4471354,1369.423095703125,rain,rain,0.04953840369401964,0.06300237077854705,0.8874592255274334,0.0,0.0,1.0
-119.964680055492,39.5243638874634,1480.8189697265625,mix,mix,0.0,0.9640059936115716,0.03599400638842848,0.0,1.0,0.0
-119.68234255244,38.9171109631238,1535.7108154296875,rain,snow,0.8741936963078847,0.0,0.12580630369211535,0.0,0.0,1.0
-119.8699751,39.6032229,1591.5308837890625,mix,mix,0.0,0.9998612820786473,0.00013871792135262116,0.0,1.0,0.0
-119.870870620721,38.9750834268152,2201.280517578125,snow,snow,0.6051067823979094,0.0,0.3948932176020906,1.0,0.0,0.0
-119.8693173,39.6023923,1591.5308837890625,mix,mix,0.0,0.999859457926828,0.00014054207317211036,0.0,1.0,0.0
-119.9937524,39.5180807,1494.7957763671875,mix,mix,0.0041656905330173695,0.987486942613806,0.0083473668531767,0.0,1.0,0.0
-119.7468975,39.4250491,1368.7227783203125,rain,rain,0.05982896459670818,0.05212045783590234,0.8880505775673894,0.0,0.0,1.0
-119.8323116,39.4790451,1471.4849853515625,rain,rain,0.10957134306138268,0.3352397576663422,0.5551888992722752,0.0,0.0,1.0
-119.73386765084,39.5794962786381,1362.42431640625,rain,mix,0.0,0.6820223623843461,0.31797763761565395,0.0,0.0,1.0
-119.76575871411,39.4079215889256,1410.70751953125,rain,rain,0.26552466557053456,0.0,0.7344753344294654,0.0,0.0,1.0
-119.992538404721,38.9206060228038,1903.6112060546875,snow,snow,0.9572757243568942,0.03040354705040593,0.012320728592699882,1.0,0.0,0.0
-119.950104438848,39.2502829393683,1992.6064453125,snow,snow,0.9874639023078824,0.0,0.012536097692117621,1.0,0.0,0.0
-119.8708893,39.5248225,1486.023193359375,rain,rain,0.08044617079057853,0.0,0.9195538292094214,0.0,0.0,1.0
-119.5482781,38.6967274,1622.4876708984375,mix,snow,0.5341450999258539,0.39098000882306994,0.07487489125107612,0.0,1.0,0.0
-119.997409704128,38.8523161403023,1980.7945556640625,snow,snow,0.9912638118495104,0.006725291170062564,0.0020108969804270575,1.0,0.0,0.0
-119.5082858,39.3120374,1324.5926513671875,mix,rain,0.33001103755268557,0.0,0.6699889624473144,0.0,1.0,0.0
-119.7520866,39.1902079,1433.7567138671875,rain,snow,0.7948745609393533,0.09915114305248601,0.10597429600816083,0.0,0.0,1.0
-119.996446836044,38.8705223916829,1950.8565673828125,snow,snow,0.991477635054222,0.0064550057965872985,0.0020673591491906732,1.0,0.0,0.0
-119.8693148,39.6024144,1591.5308837890625,rain,rain,3.576598909400476e-06,0.0,0.9999964234010906,0.0,0.0,1.0
-119.9667426,39.2520453,2016.028076171875,snow,snow,0.9886794373279721,0.0,0.011320562672027811,1.0,0.0,0.0
-120.007681757803,39.527509317236,1521.617431640625,snow,rain,0.12921464316404338,0.0,0.8707853568359567,1.0,0.0,0.0
-120.9688098,38.6639089,416.0556945800781,rain,rain,0.2275814970564189,0.0,0.772418502943581,0.0,0.0,1.0
-119.7469482,39.4248037,1368.7227783203125,rain,rain,0.13174888786926783,0.0,0.8682511121307322,0.0,0.0,1.0
-119.682342234781,38.9171114099572,1535.7108154296875,mix,snow,0.7281286620084799,0.1537620776272729,0.11810926036424726,0.0,1.0,0.0
-119.7581024,39.5361094,1345.613037109375,rain,rain,0.0,0.0,1.0,0.0,0.0,1.0
-119.948371372495,39.0199915466687,1914.71337890625,snow,snow,0.8490327773854897,0.07460916292866149,0.07635805968584884,1.0,0.0,0.0
-119.81614831375,39.3723208414132,1695.472412109375,snow,snow,0.7773229238083057,0.0,0.22267707619169436,1.0,0.0,0.0
-119.822795616152,39.4175861174116,1609.224365234375,snow,rain,0.41786518432387254,0.0,0.5821348156761275,1.0,0.0,0.0
-119.7995910333,39.5710143436744,1488.3441162109375,rain,rain,0.0,0.0,1.0,0.0,0.0,1.0
-120.5675021,38.3787071,625.4950561523438,rain,rain,0.3445032545767247,0.11178224200600803,0.5437145034172673,0.0,0.0,1.0
-119.918836896573,39.5158502053465,1449.375244140625,rain,rain,0.18229290243176335,0.0,0.8177070975682367,0.0,0.0,1.0
-119.925298589811,39.847203954093,1491.7423095703125,snow,rain,0.37288710154157667,0.0,0.6271128984584233,1.0,0.0,0.0
-119.7625685,39.4471262,1369.423095703125,rain,rain,0.18106918583411963,0.0,0.8189308141658803,0.0,0.0,1.0
-119.986009677633,39.6800275806937,1552.726806640625,snow,rain,0.22477532929668587,0.0,0.7752246707033141,1.0,0.0,0.0
-119.843255185086,39.374557097371,1874.2142333984375,snow,snow,0.8333386772307618,0.0,0.16666132276923815,1.0,0.0,0.0
-119.8692412,39.602258,1591.5308837890625,rain,rain,3.572896439296422e-06,0.0,0.9999964271035607,0.0,0.0,1.0
-119.8168201,39.5252105,1377.3780517578125,rain,rain,0.04097376090224113,0.0,0.9590262390977589,0.0,0.0,1.0
-120.711241528461,38.7306997103999,794.8796997070312,rain,rain,0.3287589458721811,0.0,0.671241054127819,0.0,0.0,1.0
-119.508299,39.3121077,1324.5926513671875,rain,snow,0.4888207765248916,0.12314116022454871,0.3880380632505597,0.0,0.0,1.0
-119.999425461714,39.5048387079705,1509.285400390625,mix,snow,0.9722046265645234,0.0,0.02779537343547651,0.0,1.0,0.0
-119.8705421,39.5250169,1486.023193359375,rain,snow,0.9999215716537346,0.0,7.842834626531242e-05,0.0,0.0,1.0
-119.963346090398,38.9418144669276,1905.9434814453125,snow,snow,0.9980241428404243,0.0019758571595756887,0.0,1.0,0.0,0.0
-119.945402446434,39.2752216381121,2182.246337890625,snow,snow,0.9453859926880654,0.01862165260403085,0.03599235470790374,1.0,0.0,0.0
-119.73780784815,39.1753038635863,1412.3084716796875,mix,snow,0.6589259712585964,0.0,0.3410740287414036,0.0,1.0,0.0
-119.81693751566,39.5054108024217,1390.510498046875,rain,rain,0.29188575557166563,0.0,0.7081142444283345,0.0,0.0,1.0
-119.841352925227,39.4996199077677,1451.5361328125,rain,rain,0.45372172242651637,0.0,0.5462782775734836,0.0,0.0,1.0
-120.194506372977,39.3155810524383,1804.74658203125,snow,snow,0.9872856853523936,0.012714314647606388,0.0,1.0,0.0,0.0
-119.822795616152,39.4175861174116,1609.224365234375,snow,rain,0.16031818183477728,0.0,0.8396818181652228,1.0,0.0,0.0
-119.892333868072,38.9798949545576,2223.889892578125,snow,snow,0.9787601252475894,0.021239874752410542,0.0,1.0,0.0,0.0
-120.07063549759,39.2378574979736,1922.7923583984375,snow,snow,1.0,0.0,0.0,1.0,0.0,0.0
-119.925298589811,39.847203954093,1491.7423095703125,snow,snow,1.0,0.0,0.0,1.0,0.0,0.0
-119.801006352287,39.5727285684848,1488.3441162109375,mix,rain,6.823779193041518e-05,0.012374355968981926,0.9875574062390876,0.0,1.0,0.0
-119.8820987,39.6210207,1553.86962890625,snow,snow,0.9555368465592396,0.0,0.04446315344076032,1.0,0.0,0.0
-120.009847184955,37.448237763938,490.600341796875,rain,rain,0.018214998285236674,0.0,0.9817850017147634,0.0,0.0,1.0
-119.877497173141,39.6590892873636,1532.5301513671875,snow,snow,1.0,0.0,0.0,1.0,0.0,0.0
-119.986009677633,39.6800275806937,1552.726806640625,snow,snow,1.0,0.0,0.0,1.0,0.0,0.0
-119.8676976,39.604027,1591.5308837890625,snow,snow,0.9964631253645009,0.0011052213111852295,0.002431653324313912,1.0,0.0,0.0
-119.94763942366,39.0025210415798,1926.93798828125,snow,snow,0.9825780360999121,0.01742196390008796,0.0,1.0,0.0,0.0
-119.800792799307,39.5725419308255,1488.3441162109375,rain,mix,6.753701583010951e-05,0.9997834565636413,0.00014900642052858228,0.0,0.0,1.0
-120.132406,39.2523663,2329.774658203125,snow,snow,0.9847228193516911,0.015277180648308896,0.0,1.0,0.0,0.0
-120.7989237,38.9282732,866.0097045898438,rain,rain,0.4468740881316642,0.0,0.5531259118683358,0.0,0.0,1.0
-120.0001614,39.6704272,1559.1453857421875,snow,snow,1.0,0.0,0.0,1.0,0.0,0.0
-119.997420449949,38.8523360790156,1980.7945556640625,snow,snow,0.9812008328833778,0.018799167116622207,0.0,1.0,0.0,0.0
-119.9999622,39.6739388,1545.19970703125,snow,snow,1.0,0.0,0.0,1.0,0.0,0.0
-120.221091033629,38.0473333756511,1300.3265380859375,rain,rain,0.47903145992417107,0.0,0.5209685400758289,0.0,0.0,1.0
-120.686129452417,38.7394775614751,892.43505859375,rain,rain,0.45603098879874426,0.0,0.5439690112012557,0.0,0.0,1.0
-119.921898512537,39.6833672031147,1578.603271484375,snow,snow,1.0,0.0,0.0,1.0,0.0,0.0
-120.154503232356,39.319352296951,1801.9166259765625,snow,snow,0.9857676082900562,0.01423239170994391,0.0,1.0,0.0,0.0
-119.879356391108,39.5445253784951,1542.7464599609375,snow,snow,0.6735163864289491,0.0,0.32648361357105105,1.0,0.0,0.0
-119.651259011068,39.3841853508583,1866.9971923828125,snow,rain,0.11600363898467646,0.04549839867836574,0.8384979623369577,1.0,0.0,0.0
-119.8708158,39.5249487,1486.023193359375,snow,snow,0.5883000129754702,0.0,0.41169998702452976,1.0,0.0,0.0
-119.9937524,39.5180807,1494.7957763671875,snow,mix,0.11015786688960255,0.8597934241156249,0.030048708994772542,1.0,0.0,0.0
-119.9016458,39.5170133,1471.944091796875,snow,snow,0.7293586377982333,0.0,0.27064136220176677,1.0,0.0,0.0
-120.136386528537,39.0652425103028,1910.2132568359375,snow,snow,1.0,0.0,0.0,1.0,0.0,0.0
-119.980792473197,38.9396169720834,1908.990234375,snow,snow,0.9981247664509086,0.0018752335490913189,0.0,1.0,0.0,0.0
-119.765759591492,39.4079213258085,1410.70751953125,rain,rain,0.028394226311237437,0.0,0.9716057736887626,0.0,0.0,1.0
-119.894913901153,37.438984491129,611.9118041992188,rain,rain,0.01803902759732568,0.0,0.9819609724026743,0.0,0.0,1.0
-119.799533619681,39.5708154567807,1488.3441162109375,mix,rain,0.0018039573172067597,0.43874821839191397,0.5594478242908792,0.0,1.0,0.0
-119.878176974918,39.5256338840962,1486.023193359375,snow,snow,0.6940691739131543,0.0,0.30593082608684585,1.0,0.0,0.0
-119.9667754,39.2519684,2016.028076171875,snow,snow,0.9693305153179642,0.017284700611955018,0.013384784070080754,1.0,0.0,0.0
-119.8710552,39.5249297,1486.023193359375,snow,snow,0.8266657440993919,0.0,0.17333425590060808,1.0,0.0,0.0
-119.758878010306,39.4041339684463,1411.604248046875,rain,rain,0.024567632842406206,0.0,0.9754323671575938,0.0,0.0,1.0
-119.849796559803,39.611166894499,1546.447509765625,snow,snow,0.8733828521096058,0.06367473673291998,0.06294241115747432,1.0,0.0,0.0
-119.8693108,39.6024091,1591.5308837890625,snow,snow,0.9963945923888646,0.0011000333077416473,0.002505374303393733,1.0,0.0,0.0
-119.826620824269,39.5576703761991,1477.43408203125,rain,rain,0.08512036703059347,0.19301404693532237,0.7218655860340841,0.0,0.0,1.0
-119.835695228627,39.5506104557849,1472.4422607421875,rain,rain,0.14574668146255215,0.10700754098485066,0.7472457775525972,0.0,0.0,1.0
-119.84837132659,39.5483994141882,1508.86083984375,rain,rain,0.022953166287752808,0.37612158450652633,0.6009252492057208,0.0,0.0,1.0
-119.858870421164,39.5414439339389,1495.9249267578125,rain,mix,0.006953493762621096,0.7504622513951623,0.24258425484221668,0.0,0.0,1.0
-119.86465942184,39.5367890347092,1486.790283203125,mix,mix,0.002454063472306317,0.730305508889704,0.26724042763798966,0.0,1.0,0.0
-119.777972833283,39.3829375942712,1549.0029296875,snow,mix,0.15878412615510415,0.7870399835492696,0.05417589029562629,1.0,0.0,0.0
-119.864799800381,39.5334181168511,1486.790283203125,mix,mix,0.002558907115858056,0.8114911745117961,0.1859499183723459,0.0,1.0,0.0
-120.083898920018,39.2279166138259,1958.6190185546875,snow,snow,0.833789582438107,0.08363335168284076,0.08257706587905231,1.0,0.0,0.0
-119.8227255814,39.4176235333348,1609.224365234375,snow,snow,0.9999967189954265,2.053287903444122e-06,1.2277166701249651e-06,1.0,0.0,0.0
-119.767770385262,39.3924118048312,1460.4608154296875,mix,snow,0.9076543556139749,0.004891717860587743,0.08745392652543739,0.0,1.0,0.0
-120.497606004574,38.5045732779795,1265.690673828125,rain,snow,0.7720081047799473,0.11312935867578942,0.11486253654426329,0.0,0.0,1.0
-119.799394388871,39.5708263206236,1488.3441162109375,mix,rain,0.20922662483615467,0.22564861815982012,0.5651247570040252,0.0,1.0,0.0
-119.7243246,39.6016701,1359.6866455078125,snow,mix,0.11174123594669767,0.49938486928422476,0.3888738947690775,1.0,0.0,0.0
-119.8693584,39.6023953,1591.5308837890625,snow,rain,0.0479337358129016,0.42082076364533777,0.5312455005417607,1.0,0.0,0.0
-119.822795616152,39.4175861174116,1609.224365234375,snow,snow,0.9999967224681803,2.0512403438155033e-06,1.226291475990403e-06,1.0,0.0,0.0
-119.811070030475,39.3210405783198,1542.5299072265625,snow,snow,0.9172791511936381,0.0610534213150659,0.021667427491295983,1.0,0.0,0.0
-119.726588703721,39.4154451004888,1380.4739990234375,rain,snow,0.5417882861064567,0.41915269178435816,0.03905902210918511,0.0,0.0,1.0
-119.825253757963,39.5150374088541,1390.4053955078125,rain,rain,0.05648472281763837,0.4583220120515607,0.4851932651308009,0.0,0.0,1.0
-119.751705,39.1907162,1433.7567138671875,mix,rain,0.01600853505630711,0.0020192601827774205,0.9819722047609155,0.0,1.0,0.0
-119.788992403088,39.3122047498666,1541.751708984375,snow,snow,0.9148711814452969,0.06259161687164111,0.022537201683062023,1.0,0.0,0.0
-119.945367198306,39.2751621168797,2182.246337890625,snow,snow,0.8282498486991249,0.08819949058995892,0.0835506607109163,1.0,0.0,0.0
-119.751466,39.1815477,1429.7259521484375,rain,mix,0.014408679562687694,0.9840914010339535,0.0014999194033586546,0.0,0.0,1.0
-119.947012369055,38.9609239665704,1902.406005859375,snow,snow,0.5667300488242694,0.24467364968297747,0.18859630149275322,1.0,0.0,0.0
-119.882051,39.5296449,1516.285888671875,rain,mix,0.01882672452243568,0.7141331229901512,0.26704015248741314,0.0,0.0,1.0
-120.966408498442,39.260979730301,928.4439086914062,rain,snow,1.0,0.0,0.0,0.0,0.0,1.0
-119.9667054,39.2520838,2016.028076171875,snow,snow,0.9569715790750637,0.0,0.043028420924936354,1.0,0.0,0.0
-120.162945612544,39.3581836202089,1793.0777587890625,snow,snow,0.9381564803427865,0.0,0.06184351965721345,1.0,0.0,0.0
-119.8693174,39.6024194,1591.5308837890625,snow,snow,0.93371603557497,0.0,0.06628396442503001,1.0,0.0,0.0
-119.8671424,39.6038345,1591.5308837890625,snow,snow,1.0,0.0,0.0,1.0,0.0,0.0
-119.968332527216,39.6941753069975,1549.4569091796875,snow,snow,1.0,0.0,0.0,1.0,0.0,0.0
-119.925298589811,39.847203954093,1491.7423095703125,snow,snow,1.0,0.0,0.0,1.0,0.0,0.0
-119.8644425,39.6412955,1511.9696044921875,snow,snow,1.0,0.0,0.0,1.0,0.0,0.0
-119.945402446434,39.2752216381121,2182.246337890625,snow,snow,0.8969298598180039,0.0,0.10307014018199623,1.0,0.0,0.0
-120.225095794492,38.041664046736,1151.58544921875,rain,snow,1.0,0.0,0.0,0.0,0.0,1.0
-119.997409703921,38.8523161411035,1980.7945556640625,snow,snow,0.7926259942713265,0.0,0.20737400572867348,1.0,0.0,0.0
-119.864269,39.6413083,1511.9696044921875,rain,rain,0.0,0.0,1.0,0.0,0.0,1.0
-119.8692932,39.6024204,1591.5308837890625,rain,rain,0.0,0.0,1.0,0.0,0.0,1.0
-119.8320573,39.6154322,1555.482177734375,rain,rain,0.0,0.0,1.0,0.0,0.0,1.0
-120.2444104,39.678718,1505.601806640625,rain,rain,0.0,0.0,1.0,0.0,0.0,1.0
-119.8708388,39.647442,1522.3125,rain,rain,0.0,0.0,1.0,0.0,0.0,1.0
-120.007681757803,39.527509317236,1521.617431640625,rain,rain,0.0,0.0,1.0,0.0,0.0,1.0
-120.82396458115,39.5678947590008,999.898681640625,rain,rain,0.0,0.0,1.0,0.0,0.0,1.0
-120.4690565,39.8056075,1484.389892578125,rain,rain,0.0,0.0,1.0,0.0,0.0,1.0
-119.869294,39.602433,1591.5308837890625,rain,rain,0.0,0.0,1.0,0.0,0.0,1.0
-119.697229598412,39.5548304107766,1362.3389892578125,rain,rain,0.07216665834371477,0.0,0.9278333416562853,0.0,0.0,1.0
-119.9937775,39.5181355,1494.7957763671875,rain,rain,0.0,0.0,1.0,0.0,0.0,1.0
-119.9808847,39.516969,1517.4693603515625,rain,rain,0.0,0.0,1.0,0.0,0.0,1.0
-119.846668159619,39.4968135781897,1481.221923828125,rain,rain,0.0,0.0,1.0,0.0,0.0,1.0
-120.1107284,39.3454119,1855.036376953125,rain,rain,0.0,0.0,1.0,0.0,0.0,1.0
-119.765750187516,39.407866798358,1410.70751953125,rain,rain,0.03078615427587186,0.0,0.9692138457241282,0.0,0.0,1.0
-119.777903018881,39.3828434155074,1549.0029296875,rain,rain,0.045335655689121644,0.0,0.9546643443108784,0.0,0.0,1.0
-119.728950805109,39.4186710791119,1365.783447265625,rain,rain,0.06297416253709992,0.0,0.9370258374629001,0.0,0.0,1.0
-119.650789593811,39.3490956635546,2097.31298828125,snow,rain,0.0,0.0,1.0,1.0,0.0,0.0
-120.175337274621,39.3531331408433,1832.049560546875,rain,mix,0.001958567054317378,0.9976519449829049,0.0003894879627777391,0.0,0.0,1.0
-120.2505413,39.3711644,2037.4736328125,snow,mix,0.01731566639806877,0.6482073995111794,0.3344769340907518,1.0,0.0,0.0
-120.177653867056,39.352679154695,1882.773681640625,mix,rain,0.002061246922845085,0.005332232866921995,0.9926065202102329,0.0,1.0,0.0
-119.796602991303,39.4190248225689,1507.8775634765625,rain,rain,0.032352708370443545,0.0,0.9676472916295564,0.0,0.0,1.0
-119.869294,39.602433,1591.5308837890625,rain,rain,0.04942778605353714,0.026064943826387778,0.924507270120075,0.0,0.0,1.0
-119.5083159,39.3120517,1324.5926513671875,mix,rain,0.036515681571112756,0.0,0.9634843184288873,0.0,1.0,0.0
-119.8639678,39.5365142,1486.790283203125,rain,rain,0.03374591517042344,0.04943139491035119,0.9168226899192254,0.0,0.0,1.0
-120.2073116,39.325686,1842.712646484375,mix,mix,0.1742363155212237,0.41636703113188933,0.4093966533468869,0.0,1.0,0.0
-119.7468927,39.4250829,1368.7227783203125,rain,rain,0.02456281614448068,0.026018547350391316,0.949418636505128,0.0,0.0,1.0
-119.7513868,39.1817534,1429.7259521484375,rain,rain,0.0023289203222215536,0.0029068556133402005,0.9947642240644383,0.0,0.0,1.0
-119.9521718,39.2714996,2182.246337890625,snow,rain,0.0,0.02524397457295712,0.974756025427043,1.0,0.0,0.0
-119.5884876,39.2478772,1329.9774169921875,rain,rain,0.041451415093125756,0.4482103230561282,0.5103382618507462,0.0,0.0,1.0
-119.9669607,39.2518716,2016.028076171875,rain,snow,0.9099832929537048,0.026081559603004463,0.06393514744329071,0.0,0.0,1.0
-119.892333868072,38.9798949545576,2223.889892578125,mix,rain,0.13573630034433826,0.1285914933845904,0.7356722062710714,0.0,1.0,0.0
-119.2368517,39.5971128,1270.4388427734375,rain,rain,0.0,0.21279432886123312,0.7872056711387669,0.0,0.0,1.0
-119.7521681,39.1905839,1433.7567138671875,rain,rain,0.0024538484582939005,0.002874643512090152,0.994671508029616,0.0,0.0,1.0
-119.844148367673,39.6059750131378,1568.7435302734375,rain,rain,0.0,0.0,1.0,0.0,0.0,1.0
-119.830973603108,39.5754510734209,1535.751220703125,rain,rain,0.0,0.0,1.0,0.0,0.0,1.0
-119.835571313584,39.5505738532235,1472.4422607421875,rain,rain,0.0,0.0,1.0,0.0,0.0,1.0
-119.734059064663,39.5795930004582,1362.42431640625,rain,rain,0.0,0.0,1.0,0.0,0.0,1.0
-119.847921796251,39.548713100081,1508.86083984375,rain,rain,0.0,0.0,1.0,0.0,0.0,1.0
-119.85403981931,39.5434974342647,1495.9249267578125,rain,rain,0.0,0.0,1.0,0.0,0.0,1.0
-119.860914408682,39.5405617667602,1495.9249267578125,rain,rain,0.0,0.0,1.0,0.0,0.0,1.0
-119.703288183849,39.54094361511,1364.77978515625,rain,rain,0.0,0.0,1.0,0.0,0.0,1.0
-119.709389956341,39.5456641937274,1341.52783203125,rain,rain,0.0,0.0,1.0,0.0,0.0,1.0
-119.7168429,39.4883798,1374.666748046875,rain,rain,0.0,0.0,1.0,0.0,0.0,1.0
-119.8643899,39.6411742,1511.9696044921875,rain,rain,0.0,0.0,1.0,0.0,0.0,1.0
-119.822627649591,39.3810042517194,1719.46435546875,rain,rain,0.0,0.0,1.0,0.0,0.0,1.0
-119.7465115,39.4248503,1368.7227783203125,rain,rain,0.0,0.0,1.0,0.0,0.0,1.0
-119.841352925227,39.4996199077677,1451.5361328125,rain,rain,0.0,0.0,1.0,0.0,0.0,1.0
-119.777867362136,39.3828231408143,1549.0029296875,rain,rain,0.0,0.0,1.0,0.0,0.0,1.0
-119.8054484,39.5138561,1359.778076171875,rain,rain,0.0,0.0,1.0,0.0,0.0,1.0
-119.8709296,39.5248646,1486.023193359375,rain,rain,0.0,0.0,1.0,0.0,0.0,1.0
-120.007681757803,39.527509317236,1521.617431640625,rain,rain,0.0,0.0,1.0,0.0,0.0,1.0
-120.31586819134,39.8175359293508,1494.4031982421875,rain,rain,0.0,0.0,1.0,0.0,0.0,1.0
-119.8693197,39.6024187,1591.5308837890625,rain,rain,0.0,0.0,1.0,0.0,0.0,1.0
-119.950299695675,39.5247941134257,1538.666748046875,rain,rain,0.0,0.0,1.0,0.0,0.0,1.0
-119.650789593811,39.3490956635546,2097.31298828125,snow,rain,0.13823039863866166,0.2272386360138692,0.6345309653474691,1.0,0.0,0.0
-120.31586819134,39.8175359293508,1494.4031982421875,rain,snow,0.5988357866934634,0.24930553426969396,0.15185867903684272,0.0,0.0,1.0
-119.752511,39.1693773,1421.7010498046875,rain,snow,0.6249077692596829,0.3436868697558576,0.03140536098445948,0.0,0.0,1.0
-120.038341839125,39.2470442230439,1926.0313720703125,mix,snow,0.7236429048659055,0.0,0.27635709513409445,0.0,1.0,0.0
-120.175757080724,39.353233445732,1832.049560546875,snow,mix,0.09780698333601015,0.7164879594475335,0.18570505721645633,1.0,0.0,0.0
-119.940515359085,38.9598759868332,1925.515625,snow,rain,0.33173603552649933,0.05060900238233124,0.6176549620911694,1.0,0.0,0.0
-119.749544721929,38.9503871791734,1446.9903564453125,rain,snow,0.703778776974938,0.05197734714136762,0.24424387588369448,0.0,0.0,1.0
-119.8323217,39.4790804,1471.4849853515625,rain,snow,0.5107330835078671,0.25031571629574134,0.23895120019639157,0.0,0.0,1.0
-119.9667308,39.2520361,2016.028076171875,snow,snow,0.7357394921340656,0.09512398037142804,0.16913652749450628,1.0,0.0,0.0
-120.07063613048,39.237857797949,1922.7923583984375,snow,snow,0.8013127024382898,0.06416156477550507,0.13452573278620525,1.0,0.0,0.0
-119.8693237,39.6024248,1591.5308837890625,rain,rain,0.06781607419228082,0.025972154579051537,0.9062117712286677,0.0,0.0,1.0
-119.8644204,39.6411931,1511.9696044921875,rain,rain,0.05427895189843223,0.02009574736880687,0.925625300732761,0.0,0.0,1.0
-119.80831746701,39.3878892769234,1676.422119140625,mix,snow,0.9999795805859589,0.0,2.041941404101897e-05,0.0,1.0,0.0
-119.808717575024,39.3877369282701,1676.422119140625,snow,mix,0.00017951696867915095,0.9998000907357335,2.039229558733652e-05,1.0,0.0,0.0
-119.838580686617,39.3759851502077,1771.3431396484375,snow,snow,0.491678679880554,0.46045826635145015,0.0478630537679959,1.0,0.0,0.0
-119.7517897,39.1699099,1421.7010498046875,rain,snow,0.6623148151323752,0.13370767108587678,0.203977513781748,0.0,0.0,1.0
-119.7516213,39.1814636,1429.7259521484375,rain,rain,0.00023797782286219977,0.0,0.9997620221771378,0.0,0.0,1.0
-119.7495382099,38.9503811040707,1446.9903564453125,rain,snow,0.5299965682818013,0.0,0.4700034317181988,0.0,0.0,1.0
-119.750190761663,39.1854256082912,1433.7567138671875,rain,rain,0.0002311667594057493,0.0,0.9997688332405943,0.0,0.0,1.0
-119.939486989863,38.9591073571136,1925.515625,snow,rain,0.0,0.0,1.0,1.0,0.0,0.0
-119.709389956341,39.5456641937274,1341.52783203125,rain,rain,0.12896451705817857,0.0,0.8710354829418215,0.0,0.0,1.0
-119.939015330696,39.2595035566146,2119.65283203125,snow,snow,1.0,0.0,0.0,1.0,0.0,0.0
-119.942231767789,38.9462175339904,1968.659423828125,snow,snow,1.0,0.0,0.0,1.0,0.0,0.0
-119.945395478058,39.2752335170219,2182.246337890625,snow,snow,1.0,0.0,0.0,1.0,0.0,0.0
-119.943011970777,39.2777746073912,2247.71240234375,snow,snow,1.0,0.0,0.0,1.0,0.0,0.0
-119.945356709699,39.275220143797,2182.246337890625,snow,snow,1.0,0.0,0.0,1.0,0.0,0.0
-119.658016608734,39.355477430745,2015.48193359375,snow,snow,1.0,0.0,0.0,1.0,0.0,0.0
-119.883145767056,39.3145242725761,2877.088134765625,snow,snow,1.0,0.0,0.0,1.0,0.0,0.0
-119.930005675148,39.2658083978667,2271.30078125,snow,snow,1.0,0.0,0.0,1.0,0.0,0.0
-119.886850896374,39.3270440984912,2501.984619140625,snow,snow,1.0,0.0,0.0,1.0,0.0,0.0
-119.870007290182,39.3183151603116,2369.622802734375,snow,snow,1.0,0.0,0.0,1.0,0.0,0.0
-119.884208276876,39.3171067997412,2733.486083984375,snow,snow,1.0,0.0,0.0,1.0,0.0,0.0
-119.883091542786,39.3166947381587,2733.486083984375,snow,snow,1.0,0.0,0.0,1.0,0.0,0.0
-119.901523394602,39.3227056658612,2655.501708984375,snow,snow,1.0,0.0,0.0,1.0,0.0,0.0
-119.90233138995,39.3097801284817,2698.538818359375,snow,snow,1.0,0.0,0.0,1.0,0.0,0.0
-119.919440928883,39.3015388911796,2612.475341796875,snow,snow,1.0,0.0,0.0,1.0,0.0,0.0
-119.823720932059,39.4029667661841,1699.9962158203125,snow,snow,1.0,0.0,0.0,1.0,0.0,0.0
-119.923538970895,39.2542189468872,2146.894775390625,snow,snow,0.998855493159864,0.001144506840136005,0.0,1.0,0.0,0.0
-119.697258928507,39.5547598302828,1362.3389892578125,snow,snow,0.9849708077655599,0.015029192234440164,0.0,1.0,0.0,0.0
-120.686125762556,38.7394754789063,892.43505859375,mix,snow,1.0,0.0,0.0,0.0,1.0,0.0
-119.822790336429,39.4175919741974,1609.224365234375,snow,snow,0.9890659203175504,0.010934079682449607,0.0,1.0,0.0,0.0
-119.945395478058,39.2752335170219,2182.246337890625,snow,snow,0.9988624823537646,0.0011375176462354321,0.0,1.0,0.0,0.0
-119.748845640516,39.4029728381468,1392.5533447265625,snow,snow,1.0,0.0,0.0,1.0,0.0,0.0
-119.7468148,39.4254022,1368.7227783203125,snow,snow,1.0,0.0,0.0,1.0,0.0,0.0
-119.915404439866,39.2555684264339,2312.422119140625,snow,snow,1.0,0.0,0.0,1.0,0.0,0.0
-119.7636387,39.477359,1360.415771484375,snow,snow,1.0,0.0,0.0,1.0,0.0,0.0
-119.897477288351,39.3123684045035,2744.525390625,snow,snow,1.0,0.0,0.0,1.0,0.0,0.0
-119.709389956341,39.5456641937274,1341.52783203125,snow,snow,1.0,0.0,0.0,1.0,0.0,0.0
-119.751067254804,39.1722576041141,1421.7010498046875,snow,snow,1.0,0.0,0.0,1.0,0.0,0.0
-119.8322247,39.4790231,1471.4849853515625,snow,snow,1.0,0.0,0.0,1.0,0.0,0.0
-119.883907564454,39.3293828301179,2501.984619140625,snow,snow,1.0,0.0,0.0,1.0,0.0,0.0
-119.77789734106,39.3828051175224,1549.0029296875,snow,snow,1.0,0.0,0.0,1.0,0.0,0.0
-119.8252263,39.5054727,1409.0972900390625,snow,snow,1.0,0.0,0.0,1.0,0.0,0.0
-119.8370719,39.4936338,1451.5361328125,snow,snow,1.0,0.0,0.0,1.0,0.0,0.0
-119.873658574432,39.3403765111734,2313.341552734375,snow,snow,1.0,0.0,0.0,1.0,0.0,0.0
-119.783910344761,39.5035739756057,1347.0509033203125,snow,snow,1.0,0.0,0.0,1.0,0.0,0.0
-119.825996674221,39.5151176493637,1390.4053955078125,snow,snow,1.0,0.0,0.0,1.0,0.0,0.0
-119.856350744193,39.3384126049582,2080.765380859375,snow,snow,1.0,0.0,0.0,1.0,0.0,0.0
-119.8167844,39.525189,1377.3780517578125,snow,snow,1.0,0.0,0.0,1.0,0.0,0.0
-119.855532688703,39.3580374835563,1904.5369873046875,snow,snow,1.0,0.0,0.0,1.0,0.0,0.0
-119.842458564526,39.373868238741,1771.3431396484375,snow,snow,1.0,0.0,0.0,1.0,0.0,0.0
-119.769287917899,39.4383213864145,1379.3941650390625,snow,snow,1.0,0.0,0.0,1.0,0.0,0.0
-119.8073837,39.5306578,1371.004638671875,snow,snow,1.0,0.0,0.0,1.0,0.0,0.0
-119.750552664123,39.4030371922433,1411.604248046875,snow,snow,1.0,0.0,0.0,1.0,0.0,0.0
-119.7441807,39.559935,1356.5489501953125,snow,snow,1.0,0.0,0.0,1.0,0.0,0.0
-119.791031800775,39.3917510337977,1590.159912109375,snow,snow,1.0,0.0,0.0,1.0,0.0,0.0
-119.996501796456,38.8704495106735,1950.8565673828125,snow,snow,1.0,0.0,0.0,1.0,0.0,0.0
-120.5654733,38.7557582,1205.3624267578125,snow,snow,1.0,0.0,0.0,1.0,0.0,0.0
-119.790200989646,39.4187993499877,1477.6451416015625,snow,snow,1.0,0.0,0.0,1.0,0.0,0.0
-119.87158679855,39.5313582824028,1503.12060546875,snow,snow,1.0,0.0,0.0,1.0,0.0,0.0
-119.980798404947,38.9396262821975,1908.990234375,snow,snow,1.0,0.0,0.0,1.0,0.0,0.0
-119.743525014486,39.5859402119254,1414.6666259765625,snow,snow,1.0,0.0,0.0,1.0,0.0,0.0
-119.9016151,39.5170143,1471.944091796875,snow,snow,1.0,0.0,0.0,1.0,0.0,0.0
-119.950305637218,39.5247967552291,1538.666748046875,snow,snow,1.0,0.0,0.0,1.0,0.0,0.0
-120.080583885678,38.8002448023921,2244.89306640625,snow,snow,1.0,0.0,0.0,1.0,0.0,0.0
-119.765913216165,39.4078221455991,1410.70751953125,snow,snow,1.0,0.0,0.0,1.0,0.0,0.0
-119.911122041174,39.5298481262048,1555.9532470703125,snow,snow,1.0,0.0,0.0,1.0,0.0,0.0
-119.993785,39.518085,1494.7957763671875,snow,snow,1.0,0.0,0.0,1.0,0.0,0.0
-120.175522903966,39.3532799186607,1832.049560546875,snow,snow,1.0,0.0,0.0,1.0,0.0,0.0
-119.927927701841,39.5207781007541,1500.779541015625,snow,snow,1.0,0.0,0.0,1.0,0.0,0.0
-119.7441736,39.5599534,1356.5489501953125,snow,snow,1.0,0.0,0.0,1.0,0.0,0.0
-120.2372495,39.1648117,2168.773193359375,snow,snow,1.0,0.0,0.0,1.0,0.0,0.0
-119.7529241,39.5348468,1345.613037109375,snow,snow,1.0,0.0,0.0,1.0,0.0,0.0
-120.007681757803,39.527509317236,1521.617431640625,snow,snow,1.0,0.0,0.0,1.0,0.0,0.0
-119.892326866607,38.9798994499363,2223.889892578125,snow,snow,1.0,0.0,0.0,1.0,0.0,0.0
-119.733857875839,39.5794915238682,1362.42431640625,snow,snow,1.0,0.0,0.0,1.0,0.0,0.0
-119.997466537149,38.8523960516167,1980.7945556640625,snow,snow,0.9989033904571467,0.0010966095428531777,0.0,1.0,0.0,0.0
-119.840111703944,39.6051480674375,1557.13623046875,snow,snow,1.0,0.0,0.0,1.0,0.0,0.0
-120.245777636108,39.3689344443729,2002.6611328125,snow,snow,1.0,0.0,0.0,1.0,0.0,0.0
-119.840043159307,39.535550877841,1417.9295654296875,snow,snow,1.0,0.0,0.0,1.0,0.0,0.0
-119.7442392,39.5599957,1356.5489501953125,snow,snow,1.0,0.0,0.0,1.0,0.0,0.0
-119.885056645199,39.5322071146992,1516.285888671875,snow,snow,1.0,0.0,0.0,1.0,0.0,0.0
-120.5578623,38.465919,943.916259765625,snow,mix,0.0739801181120612,0.8301823946513529,0.09583748723658592,1.0,0.0,0.0
-119.82878503023,39.5074793679238,1409.0972900390625,snow,snow,1.0,0.0,0.0,1.0,0.0,0.0
-119.7466621,39.4250874,1368.7227783203125,snow,snow,1.0,0.0,0.0,1.0,0.0,0.0
-120.250649,39.3711895,2037.4736328125,snow,snow,1.0,0.0,0.0,1.0,0.0,0.0
-119.8323157,39.4790475,1471.4849853515625,snow,snow,1.0,0.0,0.0,1.0,0.0,0.0
-119.924177210491,39.2532487076738,2146.894775390625,snow,snow,1.0,0.0,0.0,1.0,0.0,0.0
-119.8770766,39.5247193,1486.023193359375,snow,snow,1.0,0.0,0.0,1.0,0.0,0.0
-120.686125762556,38.7394754789063,892.43505859375,snow,snow,0.45908351724176855,0.23207283351925947,0.308843649238972,1.0,0.0,0.0
-120.497667007637,38.5046110774928,1265.690673828125,mix,snow,0.9355733900201468,0.0,0.06442660997985322,0.0,1.0,0.0
-119.935653787104,39.2463758522305,1933.2171630859375,snow,snow,1.0,0.0,0.0,1.0,0.0,0.0
-120.034570964165,39.7084779991207,1544.0406494140625,snow,snow,1.0,0.0,0.0,1.0,0.0,0.0
-119.8363281,39.4930128,1451.5361328125,snow,snow,1.0,0.0,0.0,1.0,0.0,0.0
-120.007957,38.9238187,1905.078125,snow,snow,1.0,0.0,0.0,1.0,0.0,0.0
-119.996501805904,38.8704498146981,1950.8565673828125,snow,snow,0.9990022930979877,0.0009977069020122846,0.0,1.0,0.0,0.0
-119.878371346659,39.52550690371,1486.023193359375,snow,snow,1.0,0.0,0.0,1.0,0.0,0.0
-120.7826767,38.5112694,515.516845703125,rain,snow,0.7382790251623732,0.2617209748376268,0.0,0.0,0.0,1.0
-119.894849357664,37.4389232697689,611.9118041992188,rain,snow,0.6971812500000775,0.16551106832106494,0.13730768167885762,0.0,0.0,1.0
-119.815667147654,39.641293985287,1595.3031005859375,snow,snow,1.0,0.0,0.0,1.0,0.0,0.0
-119.697258928507,39.5547598302828,1362.3389892578125,snow,snow,1.0,0.0,0.0,1.0,0.0,0.0
-119.8693466,39.6023753,1591.5308837890625,snow,snow,1.0,0.0,0.0,1.0,0.0,0.0
-119.7441419,39.5600667,1356.5489501953125,snow,snow,0.682183905611099,0.24626031624384026,0.07155577814506078,1.0,0.0,0.0
-119.929757119317,39.5223480731913,1500.779541015625,rain,snow,0.9999944150644302,5.5849355697316555e-06,0.0,0.0,0.0,1.0
-120.9688187,38.6639077,416.0556945800781,rain,snow,0.676456684670159,0.11794608996159578,0.20559722536824523,0.0,0.0,1.0
-119.929447248176,39.522553036451,1500.779541015625,snow,snow,0.9998682987454518,1.4934691906469275e-09,0.0001316997610789401,1.0,0.0,0.0
-119.964691820486,39.5243909583879,1480.8189697265625,snow,snow,0.6750845248210114,0.01564163713917472,0.30927383803981384,1.0,0.0,0.0
-119.92944979088,39.5225499964567,1500.779541015625,snow,snow,0.9998653545898805,1.4934275258347643e-09,0.00013464391669203342,1.0,0.0,0.0
-119.894849357664,37.4389232697689,611.9118041992188,mix,rain,0.19705652588364242,0.3835377053311667,0.4194057687851909,0.0,1.0,0.0
-119.925004250375,39.6268922731137,1576.6732177734375,snow,snow,0.8530779446788357,0.046243041876411525,0.10067901344475284,1.0,0.0,0.0
-119.5083154,39.3120549,1324.5926513671875,snow,snow,0.8822525224476058,0.11774747755239419,0.0,1.0,0.0,0.0
-119.765904780664,39.4078269172242,1410.70751953125,snow,snow,0.999996762242185,2.429284261282547e-06,8.084735537174767e-07,1.0,0.0,0.0
-119.749510737511,38.9503621486864,1446.9903564453125,snow,snow,0.9896138249140476,0.010386175085952324,0.0,1.0,0.0,0.0
-120.1916562,37.8369338,872.5946044921875,mix,rain,0.056616071716095125,0.05498277955586445,0.8884011487280404,0.0,1.0,0.0
-120.0394152,38.4648243,2179.04638671875,snow,snow,0.6407061840762217,0.14487392965633833,0.2144198862674399,1.0,0.0,0.0
-119.687781882777,38.9157295336496,1515.9644775390625,snow,snow,0.9908581718262388,0.009141828173761267,0.0,1.0,0.0,0.0
-119.952149,39.2715191,2182.246337890625,snow,snow,0.7805677178388418,0.1089592484915653,0.11047303366959293,1.0,0.0,0.0
-119.765751640176,39.4079245980046,1410.70751953125,snow,snow,0.9999967601090988,2.431632207288928e-06,8.082586940433725e-07,1.0,0.0,0.0
-119.825748195933,39.5151205989929,1390.4053955078125,snow,mix,0.19714768536266636,0.7625183764973219,0.04033393814001169,1.0,0.0,0.0
-119.8693466,39.6023753,1591.5308837890625,snow,snow,0.8260708367564881,0.07072301782320713,0.1032061454203047,1.0,0.0,0.0
-119.8122437,39.4997223,1374.2261962890625,mix,snow,0.9690587258281153,0.0,0.03094127417188471,0.0,1.0,0.0
-120.306808466667,37.7666092,559.3519897460938,rain,mix,0.04667684215083344,0.9422880090829387,0.011035148766227916,0.0,0.0,1.0
-119.925256284443,39.8472446452588,1491.7423095703125,snow,snow,1.0,0.0,0.0,1.0,0.0,0.0
-119.6839842,38.883579,1527.037353515625,snow,snow,1.0,0.0,0.0,1.0,0.0,0.0
-119.765751725424,39.4079246087866,1410.70751953125,snow,snow,1.0,0.0,0.0,1.0,0.0,0.0
-119.8650506,39.6168934,1554.655517578125,snow,snow,1.0,0.0,0.0,1.0,0.0,0.0
-119.997466537149,38.8523960516167,1980.7945556640625,snow,snow,1.0,0.0,0.0,1.0,0.0,0.0
-119.87158679855,39.5313582824028,1503.12060546875,snow,snow,1.0,0.0,0.0,1.0,0.0,0.0
-119.8693466,39.6023753,1591.5308837890625,snow,snow,1.0,0.0,0.0,1.0,0.0,0.0
-120.269594420141,38.0240940881945,858.2250366210938,snow,snow,0.9302369753879138,0.009420462851786115,0.06034256176030002,1.0,0.0,0.0
-119.682353775562,38.9171044399795,1535.7108154296875,snow,snow,1.0,0.0,0.0,1.0,0.0,0.0
-120.352371513235,38.0360659196873,984.2950439453125,snow,snow,0.9364790850655147,0.008367788425986447,0.055153126508498844,1.0,0.0,0.0
-120.30685425,37.76662445,559.3519897460938,rain,snow,0.8702484780513055,0.12975152194869463,0.0,0.0,0.0,1.0
-119.8644024,39.6411945,1511.9696044921875,snow,snow,1.0,0.0,0.0,1.0,0.0,0.0
-119.894849357664,37.4389232697689,611.9118041992188,mix,snow,0.5759952973036153,0.0,0.42400470269638474,0.0,1.0,0.0
-120.2082506,39.3197271,1812.044677734375,snow,snow,1.0,0.0,0.0,1.0,0.0,0.0
-119.796605177644,39.4190273502175,1507.8775634765625,snow,snow,0.9957045697914367,0.004295430208563321,0.0,1.0,0.0,0.0
-119.651256399932,39.3841874264869,1866.9971923828125,snow,snow,0.9951534851239745,0.004846514876025408,0.0,1.0,0.0,0.0
-120.268911387766,38.0564789273728,1192.9775390625,snow,mix,0.2018196922531978,0.7981803077468023,0.0,1.0,0.0,0.0
-119.947007685072,38.9609206289254,1902.406005859375,snow,snow,0.9822966855185933,0.017703314481406753,0.0,1.0,0.0,0.0
-120.352371288899,38.0360659314562,984.2950439453125,snow,mix,0.48472492690775587,0.5152750730922442,0.0,1.0,0.0,0.0
-120.269594420141,38.0240940881945,858.2250366210938,mix,snow,1.0,0.0,0.0,0.0,1.0,0.0
-119.682353775562,38.9171044399795,1535.7108154296875,snow,snow,0.999979863672726,2.0136327274024445e-05,0.0,1.0,0.0,0.0
-119.687781882777,38.9157295336496,1515.9644775390625,snow,snow,0.9999797356800169,2.026431998319902e-05,0.0,1.0,0.0,0.0
-119.8693087,39.6024003,1591.5308837890625,snow,snow,0.9919456059233672,0.008054394076632814,0.0,1.0,0.0,0.0
-119.942231767789,38.9462175339904,1968.659423828125,snow,snow,0.9180599277143198,0.0,0.08194007228568014,1.0,0.0,0.0
-119.894849357664,37.4389232697689,611.9118041992188,rain,snow,1.0,0.0,0.0,0.0,0.0,1.0
-119.8692995,39.6023792,1591.5308837890625,snow,snow,0.9993961439853065,0.0,0.0006038560146935177,1.0,0.0,0.0
-119.831917057285,39.5577345076171,1477.43408203125,snow,snow,0.999371247210413,0.0,0.0006287527895870023,1.0,0.0,0.0
-119.8692995,39.6023792,1591.5308837890625,snow,snow,1.0,0.0,0.0,1.0,0.0,0.0
-120.269097794276,38.0564083677665,1192.9775390625,snow,snow,1.0,0.0,0.0,1.0,0.0,0.0
-119.687781882777,38.9157295336496,1515.9644775390625,snow,snow,1.0,0.0,0.0,1.0,0.0,0.0
-119.997466537149,38.8523960516167,1980.7945556640625,snow,snow,1.0,0.0,0.0,1.0,0.0,0.0
-119.687796272714,38.9156467286382,1515.9644775390625,snow,snow,0.8467620674292596,0.0,0.1532379325707404,1.0,0.0,0.0
-119.894849357664,37.4389232697689,611.9118041992188,rain,snow,1.0,0.0,0.0,0.0,0.0,1.0
-119.87158679855,39.5313582824028,1503.12060546875,snow,snow,0.9163904895734607,0.0,0.0836095104265393,1.0,0.0,0.0
-119.765751565826,39.4079241711415,1410.70751953125,snow,snow,1.0,0.0,0.0,1.0,0.0,0.0
-119.82605063281,39.5152681356233,1390.4053955078125,snow,snow,1.0,0.0,0.0,1.0,0.0,0.0
-119.796713896211,39.4190794128025,1507.8775634765625,snow,snow,1.0,0.0,0.0,1.0,0.0,0.0
-119.8692978,39.6024458,1591.5308837890625,snow,snow,1.0,0.0,0.0,1.0,0.0,0.0
-119.8709021,39.6475031,1522.3125,snow,snow,1.0,0.0,0.0,1.0,0.0,0.0
-119.8321785,39.479105,1471.4849853515625,snow,snow,1.0,0.0,0.0,1.0,0.0,0.0
-119.765748536496,39.4079245597646,1410.70751953125,snow,snow,1.0,0.0,0.0,1.0,0.0,0.0
-119.947007685072,38.9609206289254,1902.406005859375,snow,snow,1.0,0.0,0.0,1.0,0.0,0.0
-119.697258928507,39.5547598302828,1362.3389892578125,snow,snow,1.0,0.0,0.0,1.0,0.0,0.0
-120.1087763,39.3457251,1855.036376953125,snow,snow,1.0,0.0,0.0,1.0,0.0,0.0
-119.942231767789,38.9462175339904,1968.659423828125,snow,snow,1.0,0.0,0.0,1.0,0.0,0.0
-119.6974099,39.6253937,1365.6988525390625,snow,snow,1.0,0.0,0.0,1.0,0.0,0.0
-119.7825499,39.2958651,1543.263916015625,snow,snow,1.0,0.0,0.0,1.0,0.0,0.0
-119.687784518401,38.9157201302168,1515.9644775390625,snow,snow,1.0,0.0,0.0,1.0,0.0,0.0
-119.7468414,39.4251077,1368.7227783203125,snow,snow,1.0,0.0,0.0,1.0,0.0,0.0
-119.682353775562,38.9171044399795,1535.7108154296875,snow,snow,1.0,0.0,0.0,1.0,0.0,0.0
-119.734240629292,39.5794172712285,1362.42431640625,snow,snow,1.0,0.0,0.0,1.0,0.0,0.0
-120.007680858568,39.5273819066003,1521.617431640625,snow,snow,1.0,0.0,0.0,1.0,0.0,0.0
-119.6838796,38.8835364,1527.037353515625,snow,snow,1.0,0.0,0.0,1.0,0.0,0.0
-119.777893311209,39.3828035559706,1549.0029296875,snow,snow,1.0,0.0,0.0,1.0,0.0,0.0
-119.8644366,39.6411975,1511.9696044921875,snow,snow,1.0,0.0,0.0,1.0,0.0,0.0
-119.950305637218,39.5247967552291,1538.666748046875,snow,snow,1.0,0.0,0.0,1.0,0.0,0.0
-119.948184966978,39.0197064055622,1914.71337890625,snow,snow,1.0,0.0,0.0,1.0,0.0,0.0
-119.8692705,39.602319,1591.5308837890625,snow,snow,1.0,0.0,0.0,1.0,0.0,0.0
-119.7468414,39.4251077,1368.7227783203125,snow,snow,1.0,0.0,0.0,1.0,0.0,0.0
-119.921951190855,39.6834356009954,1578.603271484375,snow,snow,1.0,0.0,0.0,1.0,0.0,0.0
-119.8486268,39.5977325,1597.0430908203125,snow,snow,1.0,0.0,0.0,1.0,0.0,0.0
-119.687781882777,38.9157295336496,1515.9644775390625,snow,snow,1.0,0.0,0.0,1.0,0.0,0.0
-119.832283,39.4789878,1471.4849853515625,snow,snow,1.0,0.0,0.0,1.0,0.0,0.0
-119.765748460129,39.4079247939763,1410.70751953125,snow,snow,1.0,0.0,0.0,1.0,0.0,0.0
-120.100213551888,39.3565539318299,1798.48291015625,snow,snow,1.0,0.0,0.0,1.0,0.0,0.0
-119.7468414,39.4251077,1368.7227783203125,snow,snow,1.0,0.0,0.0,1.0,0.0,0.0
-119.6831424,38.8836116,1527.037353515625,snow,snow,1.0,0.0,0.0,1.0,0.0,0.0
-119.997466537149,38.8523960516167,1980.7945556640625,snow,snow,1.0,0.0,0.0,1.0,0.0,0.0
-119.687781882777,38.9157295336496,1515.9644775390625,snow,snow,1.0,0.0,0.0,1.0,0.0,0.0
-119.765746956202,39.4079243712423,1410.70751953125,snow,snow,1.0,0.0,0.0,1.0,0.0,0.0
-119.950305637218,39.5247967552291,1538.666748046875,snow,snow,1.0,0.0,0.0,1.0,0.0,0.0
-119.820452395727,39.5449316300139,1401.09716796875,snow,snow,1.0,0.0,0.0,1.0,0.0,0.0
-120.0079913,38.9238149,1905.078125,snow,snow,1.0,0.0,0.0,1.0,0.0,0.0
-119.9185115,39.6282979,1576.6732177734375,snow,snow,1.0,0.0,0.0,1.0,0.0,0.0
-119.687781882777,38.9157295336496,1515.9644775390625,snow,snow,1.0,0.0,0.0,1.0,0.0,0.0
-120.166518205596,39.1421110254347,1993.328857421875,snow,snow,1.0,0.0,0.0,1.0,0.0,0.0
-119.8322954,39.478981,1471.4849853515625,snow,snow,1.0,0.0,0.0,1.0,0.0,0.0
-119.7468368,39.4251169,1368.7227783203125,snow,snow,1.0,0.0,0.0,1.0,0.0,0.0
-119.796605177644,39.4190273502175,1507.8775634765625,snow,snow,1.0,0.0,0.0,1.0,0.0,0.0
-119.8692616,39.6022568,1591.5308837890625,snow,snow,1.0,0.0,0.0,1.0,0.0,0.0
-119.950342053752,39.5248003313677,1538.666748046875,snow,snow,1.0,0.0,0.0,1.0,0.0,0.0
-119.682353775562,38.9171044399795,1535.7108154296875,snow,snow,1.0,0.0,0.0,1.0,0.0,0.0
-119.687781882777,38.9157295336496,1515.9644775390625,snow,snow,1.0,0.0,0.0,1.0,0.0,0.0
-119.749510737511,38.9503621486864,1446.9903564453125,snow,snow,1.0,0.0,0.0,1.0,0.0,0.0
-119.777890521027,39.3828029198794,1549.0029296875,snow,snow,1.0,0.0,0.0,1.0,0.0,0.0
-119.8691962,39.6023173,1591.5308837890625,snow,snow,1.0,0.0,0.0,1.0,0.0,0.0
-119.765971911645,39.4078311643297,1410.70751953125,snow,snow,1.0,0.0,0.0,1.0,0.0,0.0
-119.796605177644,39.4190273502175,1507.8775634765625,snow,snow,1.0,0.0,0.0,1.0,0.0,0.0
-119.7468368,39.4251169,1368.7227783203125,snow,snow,1.0,0.0,0.0,1.0,0.0,0.0
-119.744262,39.5600307,1356.5489501953125,snow,snow,1.0,0.0,0.0,1.0,0.0,0.0
-120.086983368614,39.3541256417292,1815.81103515625,snow,snow,1.0,0.0,0.0,1.0,0.0,0.0
-119.8323921,39.4790561,1471.4849853515625,snow,snow,1.0,0.0,0.0,1.0,0.0,0.0
-119.950305637218,39.5247967552291,1538.666748046875,snow,snow,1.0,0.0,0.0,1.0,0.0,0.0
-119.777890521027,39.3828029198794,1549.0029296875,snow,snow,1.0,0.0,0.0,1.0,0.0,0.0
-119.779494830625,39.4722870603562,1354.235107421875,snow,snow,1.0,0.0,0.0,1.0,0.0,0.0
-119.8692978,39.602383,1591.5308837890625,snow,snow,1.0,0.0,0.0,1.0,0.0,0.0
-119.8185289,39.428748,1546.7161865234375,snow,snow,1.0,0.0,0.0,1.0,0.0,0.0
-120.235428826568,39.1965992779326,1925.8326416015625,snow,snow,1.0,0.0,0.0,1.0,0.0,0.0
-119.749510737511,38.9503621486864,1446.9903564453125,snow,snow,1.0,0.0,0.0,1.0,0.0,0.0
-119.919897023265,38.7852012618974,2166.3017578125,snow,snow,1.0,0.0,0.0,1.0,0.0,0.0
-119.912825813662,39.256059784896,2312.422119140625,snow,snow,1.0,0.0,0.0,1.0,0.0,0.0
-119.749510737511,38.9503621486864,1446.9903564453125,snow,snow,1.0,0.0,0.0,1.0,0.0,0.0
-119.750202032271,39.1853866441607,1433.7567138671875,snow,snow,1.0,0.0,0.0,1.0,0.0,0.0
-119.950305637218,39.5247967552291,1538.666748046875,snow,snow,1.0,0.0,0.0,1.0,0.0,0.0
-120.0079561,38.9237935,1905.078125,snow,snow,1.0,0.0,0.0,1.0,0.0,0.0
-119.7468368,39.4251169,1368.7227783203125,snow,snow,1.0,0.0,0.0,1.0,0.0,0.0
-119.6839547,38.8835855,1527.037353515625,snow,snow,1.0,0.0,0.0,1.0,0.0,0.0
-119.997466537149,38.8523960516167,1980.7945556640625,snow,snow,0.9979105799748782,0.0,0.0020894200251218155,1.0,0.0,0.0
-119.954812365523,38.9306480887581,1916.7115478515625,snow,snow,0.9997365393786565,0.0,0.00026346062134348944,1.0,0.0,0.0
-119.9449075,38.9549331666667,1902.406005859375,snow,snow,0.999736300673674,0.0,0.00026369932632601325,1.0,0.0,0.0
-119.8641491,39.5336111,1486.790283203125,snow,snow,0.9782692137874599,0.0,0.02173078621254009,1.0,0.0,0.0
-119.894849357664,37.4389232697689,611.9118041992188,rain,snow,1.0,0.0,0.0,0.0,0.0,1.0
-119.68767915359,38.9152918135817,1515.9644775390625,snow,snow,0.9930633495988282,0.0,0.006936650401171791,1.0,0.0,0.0
-119.942710723695,38.9578021910963,1925.515625,snow,snow,1.0,0.0,0.0,1.0,0.0,0.0
-120.159928068276,39.0849478837367,1927.0562744140625,snow,snow,1.0,0.0,0.0,1.0,0.0,0.0
-120.156515827489,39.0788181461044,1902.2633056640625,snow,snow,1.0,0.0,0.0,1.0,0.0,0.0
-119.942231500014,38.9462161933242,1968.659423828125,snow,snow,1.0,0.0,0.0,1.0,0.0,0.0
-119.980786627066,38.9396115186999,1908.990234375,snow,snow,1.0,0.0,0.0,1.0,0.0,0.0
-119.997466537149,38.8523960516167,1980.7945556640625,snow,snow,1.0,0.0,0.0,1.0,0.0,0.0
-120.0017999,38.92035,1905.078125,snow,snow,1.0,0.0,0.0,1.0,0.0,0.0
-120.0010285,38.9210126,1905.078125,snow,snow,1.0,0.0,0.0,1.0,0.0,0.0
-119.9994343,38.9221841,1903.6112060546875,snow,snow,1.0,0.0,0.0,1.0,0.0,0.0
-119.9560513,38.9996582,1900.7471923828125,snow,snow,1.0,0.0,0.0,1.0,0.0,0.0
-119.9467421,39.0346042,1918.755859375,snow,snow,1.0,0.0,0.0,1.0,0.0,0.0
-119.9468609,39.0331804,1918.755859375,snow,snow,1.0,0.0,0.0,1.0,0.0,0.0
-120.4262206,39.6539354,1506.6434326171875,snow,rain,0.49648627962991504,0.0,0.5035137203700849,1.0,0.0,0.0
-120.162860487485,39.357955600313,1793.0777587890625,snow,snow,1.0,0.0,0.0,1.0,0.0,0.0
-120.153038801772,39.0683360212659,1952.60888671875,snow,snow,0.9901719268421199,0.0,0.009828073157880146,1.0,0.0,0.0
-120.782657,38.5112521,515.516845703125,rain,rain,0.3334421042750654,0.0,0.6665578957249346,0.0,0.0,1.0
-120.070632058074,39.2378568236158,1922.7923583984375,snow,snow,1.0,0.0,0.0,1.0,0.0,0.0
-120.4689694,39.8056527,1484.389892578125,rain,snow,1.0,0.0,0.0,0.0,0.0,1.0
-120.711235489766,38.7306995188362,794.8796997070312,rain,rain,0.4684287883010939,0.0,0.5315712116989061,0.0,0.0,1.0
-120.325772868539,39.302188420094,2232.354248046875,snow,snow,1.0,0.0,0.0,1.0,0.0,0.0
-120.079578292889,39.2303681057843,1907.204345703125,snow,snow,1.0,0.0,0.0,1.0,0.0,0.0
-120.24575718604,39.3689695191111,2002.6611328125,snow,snow,1.0,0.0,0.0,1.0,0.0,0.0
-120.16651976113,39.1421119974925,1993.328857421875,snow,snow,1.0,0.0,0.0,1.0,0.0,0.0
-120.236462471404,39.1959514645464,1925.8326416015625,snow,snow,1.0,0.0,0.0,1.0,0.0,0.0
-120.175192640609,39.353287546937,1832.049560546875,snow,snow,1.0,0.0,0.0,1.0,0.0,0.0
-120.089454189223,39.3562404552706,1815.81103515625,snow,snow,1.0,0.0,0.0,1.0,0.0,0.0
-120.1540588,39.1472902,1921.7603759765625,snow,snow,0.9543981311531146,0.04560186884688551,0.0,1.0,0.0,0.0
-120.689659572431,38.6953663515164,809.8617553710938,rain,rain,0.023758193352992306,0.0,0.9762418066470077,0.0,0.0,1.0
-120.1619863,39.1386629,1920.8233642578125,snow,snow,0.9680430847132148,0.031956915286785285,0.0,1.0,0.0,0.0
-119.9937666,39.5181135,1494.7957763671875,rain,rain,0.16530080379683543,0.0,0.8346991962031647,0.0,0.0,1.0
-120.038344328525,39.2470430255542,1926.0313720703125,snow,snow,0.9828565136462399,0.017143486353760062,0.0,1.0,0.0,0.0
-119.948099,39.2538976,1992.6064453125,snow,snow,1.0,0.0,0.0,1.0,0.0,0.0
-120.070632058074,39.2378568236158,1922.7923583984375,snow,snow,0.9877020241086832,0.012297975891316648,0.0,1.0,0.0,0.0
-120.9688343,38.6639037,416.0556945800781,rain,rain,0.1734573079927148,0.0,0.8265426920072851,0.0,0.0,1.0
-119.962482519145,39.2522985424673,2003.246337890625,snow,snow,0.9944031738514822,0.00559682614851776,0.0,1.0,0.0,0.0
-120.1363563,39.443738,1763.386474609375,snow,snow,0.7839628702653969,0.0,0.21603712973460312,1.0,0.0,0.0
-120.079578292889,39.2303681057843,1907.204345703125,snow,snow,0.976954014922695,0.02304598507730508,0.0,1.0,0.0,0.0
-119.996456164486,38.8699242459708,1962.6326904296875,snow,snow,0.9999964396632199,3.560336780074169e-06,0.0,1.0,0.0,0.0
-120.369648,39.5838516,1511.8182373046875,mix,rain,5.394140998350304e-09,0.0,0.9999999946058591,0.0,1.0,0.0
-120.067185051851,39.2487547835055,2091.598876953125,snow,snow,0.9853642954891189,0.01463570451088121,0.0,1.0,0.0,0.0
-120.119157977261,39.183167121835,1901.12841796875,mix,snow,1.0,0.0,0.0,0.0,1.0,0.0
-120.017947381439,39.2346904566909,1982.2445068359375,snow,snow,0.9776911389516244,0.022308861048375667,0.0,1.0,0.0,0.0
-119.996800838757,38.8712685384161,1950.8565673828125,snow,snow,0.9999949855360151,5.01446398503774e-06,0.0,1.0,0.0,0.0
-120.96665081108,39.2608105971222,928.4439086914062,rain,rain,0.33808291634095056,0.14223200477649242,0.5196850788825571,0.0,0.0,1.0
-119.950305637218,39.5247967552291,1538.666748046875,rain,rain,0.1350885374146676,0.0,0.8649114625853324,0.0,0.0,1.0
-120.644320507717,38.7166752768231,951.689697265625,rain,rain,0.027553645766452355,0.0,0.9724463542335476,0.0,0.0,1.0
-120.10504391686,39.2975657139316,1824.23876953125,snow,snow,0.951541877461798,0.04845812253820204,0.0,1.0,0.0,0.0
-119.996463562301,38.8704619272382,1950.8565673828125,snow,snow,0.9999973445002381,2.655499761896834e-06,0.0,1.0,0.0,0.0
-120.1426383,39.17611,1991.058837890625,snow,mix,0.4768539879837719,0.5231460120162282,0.0,1.0,0.0,0.0
-120.3696606,39.5838524,1511.8182373046875,rain,mix,5.393865144498466e-09,0.9999999926514305,1.954704418775099e-09,0.0,0.0,1.0
-120.2239893,38.0188037,1123.33447265625,rain,snow,0.5419799014218293,0.0,0.4580200985781707,0.0,0.0,1.0
-120.0146919,38.9278558,1899.7607421875,snow,snow,1.0,0.0,0.0,1.0,0.0,0.0
-120.177014568197,39.3403780158817,1818.37109375,snow,snow,0.9793083329716594,0.020691667028340625,0.0,1.0,0.0,0.0
-120.142252321557,39.1753228029101,1916.4578857421875,snow,snow,1.0,0.0,0.0,1.0,0.0,0.0
-120.2239893,38.0188037,1123.33447265625,snow,rain,0.0005410097080105119,0.3490793248055235,0.650379665486466,1.0,0.0,0.0
-120.079556613652,39.2303597152358,1907.204345703125,snow,snow,1.0,0.0,0.0,1.0,0.0,0.0
-119.8489378,39.5978612,1597.0430908203125,rain,rain,0.006843396983091072,0.0025785685235154036,0.9905780344933935,0.0,0.0,1.0
-120.070733875015,39.2379441080192,1922.7923583984375,snow,snow,1.0,0.0,0.0,1.0,0.0,0.0
-120.119039559369,39.1831696534394,1901.12841796875,snow,snow,1.0,0.0,0.0,1.0,0.0,0.0
-120.093822328406,39.3546926086424,1798.48291015625,snow,mix,0.027935941785622947,0.9720640582143771,0.0,1.0,0.0,0.0
-119.8693595,39.6024054,1591.5308837890625,rain,rain,0.006889395906010457,0.00265718566229452,0.990453418431695,0.0,0.0,1.0
-119.952729115086,39.2494353272301,1927.8106689453125,snow,snow,1.0,0.0,0.0,1.0,0.0,0.0
-119.928092303342,39.5206834489711,1500.779541015625,rain,rain,8.760564977739227e-07,3.6399199256864884e-07,0.9999987599515097,0.0,0.0,1.0
-119.892326398865,38.9799019029143,2223.889892578125,snow,snow,0.8956384098251431,0.0,0.10436159017485679,1.0,0.0,0.0
-120.1687781,39.3311774,1774.5745849609375,snow,snow,0.994935800010327,0.005064199989673018,0.0,1.0,0.0,0.0
-119.998938111643,39.243619895469,1921.083251953125,snow,snow,1.0,0.0,0.0,1.0,0.0,0.0
-120.1619818,39.1387566,1920.8233642578125,snow,snow,1.0,0.0,0.0,1.0,0.0,0.0
-120.5675194,38.3786924,625.4950561523438,rain,rain,0.32298488826193017,0.32990030160857986,0.34711481012948997,0.0,0.0,1.0
-120.163656057017,39.3289589730504,1770.9578857421875,snow,snow,0.9941023292293448,0.005897670770655173,0.0,1.0,0.0,0.0
-119.942075521166,39.2443828164989,1933.2171630859375,snow,snow,1.0,0.0,0.0,1.0,0.0,0.0
-120.9687844,38.663915,416.0556945800781,rain,snow,0.4850487121697861,0.08540066029696061,0.42955062753325324,0.0,0.0,1.0
-120.244755144035,38.0214868008567,1073.251953125,rain,snow,0.6973930214141052,0.3013293997380159,0.001277578847878845,0.0,0.0,1.0
-119.962482519145,39.2522985424673,2003.246337890625,snow,snow,1.0,0.0,0.0,1.0,0.0,0.0
-119.943019422768,39.2777743307316,2247.71240234375,snow,snow,1.0,0.0,0.0,1.0,0.0,0.0
-120.225153523357,38.0417881389405,1151.58544921875,mix,snow,0.5478947168548202,0.01107948199632034,0.4410258011488596,0.0,1.0,0.0
-119.807245101842,39.1967954251454,1641.729248046875,rain,snow,1.0,0.0,0.0,0.0,0.0,1.0
-119.9667871,39.2519865,2016.028076171875,snow,snow,1.0,0.0,0.0,1.0,0.0,0.0
-119.961528209338,39.2518603842959,2003.246337890625,snow,snow,1.0,0.0,0.0,1.0,0.0,0.0
-120.2371938,39.164877,2168.773193359375,snow,snow,1.0,0.0,0.0,1.0,0.0,0.0
-120.0722131,38.1480926,1605.92138671875,mix,mix,0.32988610266183827,0.3510948402931555,0.3190190570450062,0.0,1.0,0.0
-119.950305637218,39.5247967552291,1538.666748046875,rain,rain,0.008459731631958806,0.003622027645292255,0.987918240722749,0.0,0.0,1.0
-119.9517473,39.249245,1927.8106689453125,snow,snow,1.0,0.0,0.0,1.0,0.0,0.0
-120.070698203998,39.2381175746868,1922.7923583984375,snow,snow,1.0,0.0,0.0,1.0,0.0,0.0
-120.100213551888,39.3565539318299,1798.48291015625,mix,snow,1.0,0.0,0.0,0.0,1.0,0.0
-119.927948645613,39.5207463250841,1500.779541015625,rain,rain,8.752731149149817e-07,3.6358399099174895e-07,0.9999987611428941,0.0,0.0,1.0
-119.9016579,39.5170424,1471.944091796875,rain,rain,0.14726084996169914,0.05123324599794556,0.8015059040403554,0.0,0.0,1.0
-120.038344328525,39.2470430255542,1926.0313720703125,snow,mix,9.849070176128423e-07,0.9999988830065458,1.3208643661358884e-07,1.0,0.0,0.0
-120.100213551888,39.3565539318299,1798.48291015625,rain,mix,0.18559002762916688,0.4489151761836899,0.3654947961871432,0.0,0.0,1.0
-119.8486479,39.5978051,1597.0430908203125,rain,rain,0.11485679121497944,0.04056028491255454,0.8445829238724659,0.0,0.0,1.0
-120.238771859348,39.1642625153793,2168.773193359375,snow,mix,0.15451719656265203,0.6269400559013079,0.2185427475360402,1.0,0.0,0.0
-120.079578292889,39.2303681057843,1907.204345703125,snow,mix,0.08572543016683465,0.9013538898550507,0.01292067997811466,1.0,0.0,0.0
-119.9667656,39.2520129,2016.028076171875,snow,snow,0.9497365452992395,0.04102395166237117,0.00923950303838937,1.0,0.0,0.0
-119.9374336,39.0070272,1990.5372314453125,rain,mix,0.0,0.673399823843025,0.32660017615697506,0.0,0.0,1.0
-120.038378930842,39.2470384477466,1926.0313720703125,mix,snow,0.9999988237208698,1.044161359649573e-06,1.3211777062427067e-07,0.0,1.0,0.0
-119.810184070626,39.4119689286739,1603.588623046875,rain,rain,0.32761726191925583,0.08119345621730704,0.5911892818634371,0.0,0.0,1.0
-119.7652966,39.1559376,1420.0274658203125,rain,snow,0.4207551282569688,0.35928197664077105,0.21996289510226005,0.0,0.0,1.0
-119.876165603637,38.9745518527013,2201.280517578125,mix,mix,0.0,0.8905750935962272,0.10942490640377286,0.0,1.0,0.0
-119.892326398865,38.9799019029143,2223.889892578125,mix,mix,0.0,0.8520863985871189,0.14791360141288104,0.0,1.0,0.0
-119.682347519646,38.9171039079327,1535.7108154296875,rain,mix,0.03701681794737704,0.5085113144101813,0.45447186764244174,0.0,0.0,1.0
-120.208252765881,39.2685488316195,1855.0406494140625,rain,mix,0.31022014245528534,0.3574475065786877,0.33233235096602703,0.0,0.0,1.0
-120.221080067782,38.0473395060058,1300.3265380859375,rain,rain,0.0,0.0030225577486975804,0.9969774422513025,0.0,0.0,1.0
-119.996462596541,38.8704632304242,1950.8565673828125,mix,rain,0.0,0.03198136306810142,0.9680186369318986,0.0,1.0,0.0
-119.989557009656,38.8870376061867,1952.5621337890625,rain,mix,0.0,0.9220047924883579,0.07799520751164216,0.0,0.0,1.0
-120.497611776294,38.504607627095,1265.690673828125,rain,rain,0.0,0.33536498955896116,0.6646350104410389,0.0,0.0,1.0
-119.952015545469,38.9510313210022,1912.7274169921875,rain,mix,0.0,0.5641809188165452,0.43581908118345475,0.0,0.0,1.0
-119.9560297,39.2571571,2003.246337890625,snow,snow,0.9587370725196946,0.032001310900238444,0.009261616580066915,1.0,0.0,0.0
-120.175538677929,39.3532473155642,1832.049560546875,mix,rain,0.023757418749958882,0.018677939725231588,0.9575646415248096,0.0,1.0,0.0
-120.070632058074,39.2378568236158,1922.7923583984375,mix,snow,0.8738632670724332,0.11452321195343651,0.011613520974130343,0.0,1.0,0.0
-120.1620326,39.1387085,1920.8233642578125,mix,snow,0.7085077900445739,0.19699236828195402,0.09449984167347206,0.0,1.0,0.0
-120.173210165644,39.338319711679,1811.2808837890625,rain,mix,0.027498741088494663,0.8826944551653302,0.08980680374617511,0.0,0.0,1.0
-120.2239893,38.0188037,1123.33447265625,rain,rain,0.0,0.002844779429460855,0.9971552205705392,0.0,0.0,1.0
-120.2382511,39.1645017,2168.773193359375,mix,mix,0.0,0.7226832609894138,0.27731673901058623,0.0,1.0,0.0
-120.0722131,38.1480926,1605.92138671875,rain,rain,0.0,0.3263600989845366,0.6736399010154634,0.0,0.0,1.0
-120.1426383,39.17611,1991.058837890625,rain,rain,0.0,0.004900719192470141,0.99509928080753,0.0,0.0,1.0
-120.142252321557,39.1753228029101,1916.4578857421875,rain,rain,0.0,0.004844096884123186,0.9951559031158768,0.0,0.0,1.0
-119.9657213,39.2526283,2016.028076171875,rain,mix,0.0,0.9996402944484037,0.0003597055515963116,0.0,0.0,1.0
-120.119025375274,39.1832717864829,1901.12841796875,rain,rain,0.0,0.10102729865688666,0.8989727013431134,0.0,0.0,1.0
-120.079578292889,39.2303681057843,1907.204345703125,mix,rain,0.0,0.017511406551263934,0.9824885934487361,0.0,1.0,0.0
-119.80986386223,39.412199579372,1603.588623046875,rain,rain,0.0,0.34539024161535253,0.6546097583846475,0.0,0.0,1.0
-120.2264596,39.1794811,2038.6026611328125,mix,mix,0.0,0.5323348036177342,0.4676651963822657,0.0,1.0,0.0
-120.966636242347,39.260823334378,928.4439086914062,rain,rain,0.0,0.4044024779518704,0.5955975220481295,0.0,0.0,1.0
-120.2008091,39.1873369,1905.830078125,rain,mix,0.0,0.7000356520780332,0.2999643479219668,0.0,0.0,1.0
-119.9667821,39.2519868,2016.028076171875,mix,rain,0.0,0.00013346261982664437,0.9998665373801734,0.0,1.0,0.0
-119.996462599668,38.8704631018669,1950.8565673828125,rain,rain,0.0,0.35143693005408905,0.6485630699459111,0.0,0.0,1.0
-120.070632058074,39.2378568236158,1922.7923583984375,rain,mix,0.0,0.9296909597427753,0.07030904025722468,0.0,0.0,1.0
-120.10034719905,39.3565215053095,1798.48291015625,rain,rain,0.1303633140565216,0.0,0.8696366859434784,0.0,0.0,1.0
-120.2505497,39.3711827,2037.4736328125,snow,rain,0.0,0.0,1.0,1.0,0.0,0.0
-120.176584616886,39.3524148161899,1882.773681640625,rain,rain,0.39363843750562905,0.0,0.606361562494371,0.0,0.0,1.0
-120.0034084,39.228514,1943.2259521484375,rain,rain,0.019813158739638393,0.0,0.9801868412603616,0.0,0.0,1.0
-120.01328994139,38.9212067651977,1911.875244140625,rain,rain,0.0854878145249296,0.0,0.9145121854750704,0.0,0.0,1.0
-120.070632058074,39.2378568236158,1922.7923583984375,rain,rain,0.041991280635471355,0.0,0.9580087193645287,0.0,0.0,1.0
-120.319481954962,39.8169266171743,1494.4031982421875,rain,rain,0.16322958376023358,0.0,0.8367704162397664,0.0,0.0,1.0
-119.950305637218,39.5247967552291,1538.666748046875,rain,rain,0.09373057387051385,0.0,0.9062694261294861,0.0,0.0,1.0
-119.9480674,39.2538609,1992.6064453125,rain,rain,0.023122965765725582,0.0,0.9768770342342744,0.0,0.0,1.0
-119.775834416667,39.4497699666667,1370.5115966796875,rain,rain,0.0608230483706601,0.0,0.9391769516293398,0.0,0.0,1.0
-120.96664539841,39.260812858477,928.4439086914062,rain,rain,0.325715582200802,0.0,0.674284417799198,0.0,0.0,1.0
-120.079578292889,39.2303681057843,1907.204345703125,rain,rain,0.4785646239388468,0.0,0.5214353760611532,0.0,0.0,1.0
-119.892326398865,38.9799019029143,2223.889892578125,rain,rain,0.06246329287601345,0.0,0.9375367071239865,0.0,0.0,1.0
-119.9667821,39.2519868,2016.028076171875,rain,rain,0.01390566238289248,0.0,0.9860943376171075,0.0,0.0,1.0
-119.867506654536,39.6163171006279,1554.655517578125,rain,rain,0.0012243913330610443,0.0,0.9987756086669389,0.0,0.0,1.0
-119.851261968768,39.6110596827144,1568.7435302734375,rain,rain,0.001061220333079933,0.0,0.9989387796669201,0.0,0.0,1.0
-119.827096632165,39.5884664056421,1559.5260009765625,rain,rain,0.0,0.0,1.0,0.0,0.0,1.0
-119.831024708103,39.376478581774,1739.0556640625,rain,rain,0.07136456775615896,0.0,0.928635432243841,0.0,0.0,1.0
-119.996462593331,38.8704633623732,1950.8565673828125,rain,rain,0.10481704469234976,0.0,0.8951829553076504,0.0,0.0,1.0
-119.830931322728,39.573465899921,1498.9056396484375,rain,rain,0.0,0.0,1.0,0.0,0.0,1.0
-119.695757054282,38.9310734442265,1496.5,rain,rain,0.006564965063548647,0.0,0.9934350349364514,0.0,0.0,1.0
-119.741803176069,38.9365879497691,1449.3260498046875,rain,rain,0.007389490150771688,0.0,0.9926105098492284,0.0,0.0,1.0
-120.4689727,39.8056602,1484.389892578125,rain,rain,0.11859907403710455,0.0,0.8814009259628955,0.0,0.0,1.0
-120.1426383,39.17611,1991.058837890625,snow,rain,0.09390512258691293,0.0,0.906094877413087,1.0,0.0,0.0
-120.221064442783,38.0473141180733,1300.3265380859375,rain,rain,0.10530919710659356,0.0,0.8946908028934064,0.0,0.0,1.0
-119.948096,39.2538752,1992.6064453125,rain,rain,0.012089140770134678,0.0,0.9879108592298653,0.0,0.0,1.0
-119.986007739168,39.6800283049859,1552.726806640625,rain,rain,0.027535923891708603,0.0,0.9724640761082914,0.0,0.0,1.0
-120.17567972579,39.3532111428607,1832.049560546875,snow,rain,0.18451451809655392,0.0,0.815485481903446,1.0,0.0,0.0
-119.92526872982,39.8472339247101,1491.7423095703125,rain,rain,0.032871239799074706,0.0,0.9671287602009253,0.0,0.0,1.0
-119.950305637218,39.5247967552291,1538.666748046875,rain,rain,0.0,0.006482931282702442,0.9935170687172975,0.0,0.0,1.0
-119.9504488,39.2566482,1992.6064453125,mix,mix,0.03963950872047461,0.832002452769536,0.1283580385099894,0.0,1.0,0.0
-120.352468478505,38.0360032983714,984.2950439453125,rain,rain,0.023564755212878312,0.02873632637307008,0.9476989184140516,0.0,0.0,1.0
-119.892326398865,38.9799019029143,2223.889892578125,snow,snow,0.438934394567872,0.2569237242987499,0.3041418811333782,1.0,0.0,0.0
-120.0020965,39.2370325,2043.0731201171875,rain,rain,0.0,0.448537746583516,0.5514622534164841,0.0,0.0,1.0
-119.9654177,39.2516195,2016.028076171875,rain,mix,0.033952191016008146,0.9118019334999697,0.054245875484022155,0.0,0.0,1.0
-120.1426383,39.17611,1991.058837890625,mix,mix,0.0,0.7288562003365031,0.27114379966349683,0.0,1.0,0.0
-120.070632058074,39.2378568236158,1922.7923583984375,mix,mix,0.0,0.921537936760091,0.07846206323990898,0.0,1.0,0.0
-119.823721862061,39.4029474026745,1699.9962158203125,rain,rain,0.10174497298947709,0.28126845248321586,0.6169865745273071,0.0,0.0,1.0
-119.955559121557,39.2529045883932,2003.246337890625,mix,mix,0.027485171318514072,0.6716002589230791,0.30091456975840686,0.0,1.0,0.0
-119.938572778354,39.2566364530548,1990.512939453125,mix,mix,0.22708655531708927,0.6664092308987919,0.10650421378411883,0.0,1.0,0.0
-120.100213551888,39.3565539318299,1798.48291015625,rain,mix,0.0,0.6591909281084953,0.34080907189150467,0.0,0.0,1.0
-120.079578292889,39.2303681057843,1907.204345703125,mix,mix,0.0,0.9352331806458685,0.06476681935413157,0.0,1.0,0.0
-119.92412168395,39.2532662754616,2146.894775390625,snow,mix,0.0,0.8768569417613802,0.12314305823861985,1.0,0.0,0.0
-119.996461613492,38.8704631654115,1950.8565673828125,snow,snow,0.49655882629357495,0.29261455132734404,0.21082662237908106,1.0,0.0,0.0
-120.221077312349,38.0473339066689,1300.3265380859375,rain,rain,0.025661104134708776,0.022674708673849797,0.9516641871914415,0.0,0.0,1.0
-120.023912946902,39.2367189703104,1904.140380859375,mix,rain,0.0,0.21400136636085876,0.7859986336391414,0.0,1.0,0.0
-119.8708185,39.5248546,1486.023193359375,rain,rain,0.005019238180772357,0.005086246065981909,0.9898945157532457,0.0,0.0,1.0
-119.9016833,39.5170135,1471.944091796875,rain,rain,0.0,0.00598882576138891,0.9940111742386111,0.0,0.0,1.0
-119.927933069905,39.5207732452043,1500.779541015625,rain,rain,0.0,0.004593823139620276,0.9954061768603797,0.0,0.0,1.0
-120.0094015,39.225711,1920.009521484375,rain,rain,0.0,0.4851741425803971,0.5148258574196029,0.0,0.0,1.0
-119.8692898,39.6023918,1591.5308837890625,rain,rain,0.0,0.02908641430927982,0.9709135856907202,0.0,0.0,1.0
-119.7576366,39.1880101,1433.7567138671875,rain,mix,0.17537338403917319,0.5081048148200857,0.3165218011407412,0.0,0.0,1.0
-119.946238661143,39.0211941742743,1914.71337890625,rain,rain,0.0,0.20291043604312958,0.7970895639568705,0.0,0.0,1.0
-120.038346922056,39.2470432433428,1926.0313720703125,snow,rain,0.09256796972797837,0.21215930440874614,0.6952727258632755,1.0,0.0,0.0
-119.840114549897,39.5356462198577,1417.9295654296875,rain,rain,0.23966709374103867,0.2578387537856415,0.50249415247332,0.0,0.0,1.0
-119.996461620869,38.8704628661366,1950.8565673828125,rain,rain,0.06583622830370972,0.06526432277280725,0.8688994489234831,0.0,0.0,1.0
-120.9688167,38.6638183,416.0556945800781,rain,rain,0.09966006388103348,0.0,0.9003399361189666,0.0,0.0,1.0
-120.966590388018,39.260805382283,928.4439086914062,rain,rain,0.13495950811765453,0.2167749922830222,0.6482654995993233,0.0,0.0,1.0
-119.923678465956,39.253481480865,2146.894775390625,snow,mix,0.002249522935874239,0.791449223373038,0.20630125369108782,1.0,0.0,0.0
-119.928929188966,39.250304141643,2110.830322265625,mix,snow,0.39779746963834284,0.3304913256262029,0.2717112047354543,0.0,1.0,0.0
-119.932504326027,39.2468275063809,2005.8486328125,mix,rain,0.05532417484729522,0.1868171604738009,0.757858664678904,0.0,1.0,0.0
-119.936088994461,39.246443150943,1933.2171630859375,rain,rain,0.004679771596273061,0.07257300152985574,0.9227472268738712,0.0,0.0,1.0
-120.352488055817,38.0360442179773,984.2950439453125,rain,rain,0.08928281275306743,0.0,0.9107171872469326,0.0,0.0,1.0
-119.937185936368,39.2459247511188,1933.2171630859375,rain,rain,0.004272933560710884,0.05389784342507506,0.9418292230142141,0.0,0.0,1.0
-119.749434540432,38.9416369119492,1449.3260498046875,rain,rain,0.07943652770370466,0.16118340586901003,0.7593800664272854,0.0,0.0,1.0
-119.9667382,39.2520127,2016.028076171875,rain,rain,0.022945520664767443,0.04806953249246551,0.9289849468427671,0.0,0.0,1.0
-119.9611376,39.2502472,2003.246337890625,rain,rain,0.025552768804093493,0.06414788341962674,0.9102993477762799,0.0,0.0,1.0
-119.7675959,39.182194,1440.6163330078125,rain,rain,0.05358430669225144,0.0,0.9464156933077486,0.0,0.0,1.0
-119.996461613978,38.8704631456908,1950.8565673828125,rain,rain,0.09200881103921227,0.0,0.9079911889607877,0.0,0.0,1.0
-120.067637960842,39.2366371545403,1922.7923583984375,rain,rain,3.4771249568594445e-05,0.0,0.9999652287504314,0.0,0.0,1.0
-119.985654988489,38.7963440357889,2476.4052734375,snow,rain,0.0,0.0,1.0,1.0,0.0,0.0
-119.999007455129,38.7903594529006,2295.72802734375,rain,snow,0.5469647468913875,0.0,0.45303525310861253,0.0,0.0,1.0
-120.009267035376,38.799239554618,2009.799560546875,rain,rain,0.25665757130248334,0.0,0.7433424286975168,0.0,0.0,1.0
-120.02204698268,38.851134516784,1934.6773681640625,rain,rain,0.11080907307458157,0.0,0.8891909269254185,0.0,0.0,1.0
-120.35245997188,38.0360046079785,984.2950439453125,rain,rain,0.007635903138657066,0.0,0.992364096861343,0.0,0.0,1.0
-120.96887,38.6638867,416.0556945800781,rain,rain,0.12849764534375993,0.0,0.8715023546562402,0.0,0.0,1.0
-120.221072319888,38.0473356038506,1300.3265380859375,rain,rain,0.00011806027455296572,0.0,0.999881939725447,0.0,0.0,1.0
-119.9668021,39.2520445,2016.028076171875,rain,rain,0.011738464535184097,0.0,0.9882615354648159,0.0,0.0,1.0
-120.1088228,39.3457701,1855.036376953125,rain,rain,0.013969471506490859,0.0,0.9860305284935091,0.0,0.0,1.0
-120.070632058074,39.2378568236158,1922.7923583984375,rain,rain,3.453236923099674e-05,0.0,0.999965467630769,0.0,0.0,1.0
-120.225092112264,38.0416619905658,1151.58544921875,rain,rain,0.00011601795631314824,0.0,0.9998839820436868,0.0,0.0,1.0
-120.35234903396,38.0360598296653,984.2950439453125,rain,rain,0.27014242798703814,0.0,0.729857572012962,0.0,0.0,1.0
-120.019363976235,38.8472206393982,1934.6773681640625,rain,rain,0.030386219474525883,0.0,0.9696137805254742,0.0,0.0,1.0
-120.017886939362,38.8392749665596,2054.3310546875,rain,rain,0.03235562839507129,0.0,0.9676443716049288,0.0,0.0,1.0
-119.996461621249,38.8704627927994,1950.8565673828125,rain,rain,0.049995838131490035,0.0,0.95000416186851,0.0,0.0,1.0
-120.01744007074,38.8249111955351,2010.4117431640625,rain,rain,0.0046634498032756535,0.0,0.9953365501967243,0.0,0.0,1.0
-120.017870545921,38.8230856382835,2024.552734375,rain,rain,0.005122222087845405,0.0,0.9948777779121546,0.0,0.0,1.0
-119.989549388196,38.8870383851398,1952.5621337890625,rain,rain,0.04632549704101607,0.0,0.9536745029589839,0.0,0.0,1.0
-120.010900476527,38.792497910905,2112.201416015625,snow,rain,0.1956831054636172,0.0,0.8043168945363827,1.0,0.0,0.0
-119.967673347292,38.7971225219789,2514.783447265625,snow,rain,0.3194907497800524,0.0,0.6805092502199477,1.0,0.0,0.0
-119.9457945,39.2454328,1927.8106689453125,rain,rain,0.0,0.0,1.0,0.0,0.0,1.0
-119.894838669171,37.4389138763268,611.9118041992188,rain,rain,0.0,0.0,1.0,0.0,0.0,1.0
-119.687784518401,38.9157201302168,1515.9644775390625,rain,rain,0.0,0.0,1.0,0.0,0.0,1.0
-120.352345919217,38.0360613424464,984.2950439453125,rain,rain,0.0,0.0,1.0,0.0,0.0,1.0
-120.447535356722,39.3171619760933,1881.439697265625,rain,rain,0.0,0.0,1.0,0.0,0.0,1.0
-119.996461622506,38.870462799741,1950.8565673828125,rain,rain,0.0,0.0,1.0,0.0,0.0,1.0
-120.22108312448,38.0473402864512,1300.3265380859375,rain,rain,0.0,0.0,1.0,0.0,0.0,1.0
-120.1916557,37.8369343,872.5946044921875,rain,rain,0.0,0.0,1.0,0.0,0.0,1.0
-120.162947335949,39.3581801125373,1793.0777587890625,rain,rain,0.0,0.0,1.0,0.0,0.0,1.0
-120.175786092124,39.3532401577673,1832.049560546875,rain,rain,0.0,0.0,1.0,0.0,0.0,1.0
-119.894838669171,37.4389138763268,611.9118041992188,mix,snow,0.7503959904831747,0.24960400951682526,0.0,0.0,1.0,0.0
-119.86203043457,39.344750172674,2092.65283203125,snow,mix,0.3601727514580356,0.6398272485419644,0.0,1.0,0.0,0.0
-119.867977926367,39.3408254875429,2208.241455078125,mix,snow,0.9999953529480142,4.6470519858027735e-06,0.0,0.0,1.0,0.0
-119.873610841528,39.3387339273267,2313.341552734375,snow,mix,0.47325661632336896,0.526743383676631,0.0,1.0,0.0,0.0
-119.867899509854,39.3329254671626,2278.871826171875,snow,snow,0.6136976559725443,0.3863023440274556,0.0,1.0,0.0,0.0
-119.980798404947,38.9396262821975,1908.990234375,rain,mix,0.0,0.7530221988171725,0.24697780118282747,0.0,0.0,1.0
-119.94538974808,39.2752294076849,2182.246337890625,mix,rain,0.0,0.0,1.0,0.0,1.0,0.0
-119.857352954133,39.519739536243,1454.2401123046875,rain,mix,0.0,0.8415670058894987,0.15843299411050132,0.0,0.0,1.0
-119.8707937,39.6474557,1522.3125,rain,rain,0.0,0.0,1.0,0.0,0.0,1.0
-120.966623568906,39.260901070731,928.4439086914062,rain,rain,0.0,0.0,1.0,0.0,0.0,1.0
-120.4686483,39.8057352,1484.389892578125,rain,rain,0.0,0.0,1.0,0.0,0.0,1.0
-119.8692645,39.6023613,1591.5308837890625,rain,rain,0.0,0.0,1.0,0.0,0.0,1.0
-120.352336877309,38.0360636146463,984.2950439453125,rain,rain,0.0744627161838418,0.1637176089997176,0.7618196748164406,0.0,0.0,1.0
-120.711220178952,38.7307037691296,794.8796997070312,rain,rain,0.06344043265384003,0.0824826566374072,0.8540769107087528,0.0,0.0,1.0
-120.9688315,38.6639048,416.0556945800781,rain,rain,0.0477969105506511,0.05118318885811218,0.9010199005912367,0.0,0.0,1.0
-119.8644106,39.6412097,1511.9696044921875,rain,rain,0.016097799598319213,0.0,0.9839022004016807,0.0,0.0,1.0
-120.447520447317,39.3172074596139,1881.439697265625,rain,snow,0.8817555841407083,0.0,0.1182444158592918,0.0,0.0,1.0
-119.9522053,39.2715063,2182.246337890625,rain,snow,0.9373448438620806,0.0,0.06265515613791948,0.0,0.0,1.0
-120.31586089722,39.8175279245106,1494.4031982421875,rain,rain,0.21740470935406334,0.0,0.7825952906459367,0.0,0.0,1.0
-119.687784518401,38.9157201302168,1515.9644775390625,rain,rain,0.17790004230108847,0.34904928437750765,0.47305067332140394,0.0,0.0,1.0
-119.8693526,39.6024195,1591.5308837890625,rain,rain,0.019155645112806527,0.0,0.9808443548871935,0.0,0.0,1.0
-119.945372792396,39.2752106673178,2182.246337890625,snow,rain,0.0003617123753144526,0.0,0.9996382876246855,1.0,0.0,0.0
-120.3681203,39.325008,2147.065673828125,snow,rain,0.029310188217069325,0.0,0.9706898117829306,1.0,0.0,0.0
-120.070632058074,39.2378568236158,1922.7923583984375,rain,rain,0.2942759921449582,0.01801927687918311,0.6877047309758587,0.0,0.0,1.0
-119.99746480472,38.8523869631608,1980.7945556640625,mix,rain,0.17847249256489367,0.0,0.8215275074351063,0.0,1.0,0.0
-119.9565786,39.2473302,1922.8812255859375,rain,rain,0.3988776343714089,0.002368925014209602,0.5987534406143815,0.0,0.0,1.0
-120.823966579911,39.5678904303779,999.898681640625,rain,rain,0.0,0.26014401158283523,0.7398559884171648,0.0,0.0,1.0
-120.10038075763,39.3566660406746,1798.48291015625,rain,snow,0.4670840333652342,0.302207271389147,0.23070869524561877,0.0,0.0,1.0
-120.2362406,39.1666463,2168.773193359375,mix,rain,0.04715551332191342,0.23901785179864327,0.7138266348794433,0.0,1.0,0.0
-119.939702854784,39.2608777579479,2119.65283203125,mix,snow,0.8230995539901401,0.1359099851326399,0.04099046087721998,0.0,1.0,0.0
-119.933090385306,39.252934441103,2110.830322265625,rain,rain,0.0,0.2961974717240712,0.7038025282759288,0.0,0.0,1.0
-119.9614642,39.2537808,2003.246337890625,mix,rain,0.06698993510064301,0.06884116878221212,0.8641688961171449,0.0,1.0,0.0
-119.923359044542,39.2537980743716,2146.894775390625,snow,mix,0.0,0.9966170261080173,0.0033829738919827993,1.0,0.0,0.0
-119.9480169,39.2538345,1992.6064453125,rain,mix,0.2220375665808471,0.5475803502831957,0.2303820831359572,0.0,0.0,1.0
-119.926674091822,39.2509816341823,2110.830322265625,rain,mix,0.09549957592942947,0.4764624707300813,0.4280379533404891,0.0,0.0,1.0
-120.4689706,39.8056615,1484.389892578125,rain,rain,0.0,0.1483756929897857,0.8516243070102143,0.0,0.0,1.0
-119.9247866,39.2529618,2146.894775390625,rain,mix,0.03687249135323543,0.7750649724501943,0.18806253619657032,0.0,0.0,1.0
-119.923980004966,39.2533686714929,2146.894775390625,mix,rain,0.029212270933584326,0.03695816488007187,0.9338295641863438,0.0,1.0,0.0
-119.9655985,39.2524676,2016.028076171875,rain,mix,0.053709208029374594,0.8920683631523866,0.0542224288182387,0.0,0.0,1.0
-119.925045660838,39.2526866529425,2146.894775390625,mix,rain,0.029621113015034867,0.10450527280124833,0.8658736141837169,0.0,1.0,0.0
-119.924080593277,39.2532833652663,2146.894775390625,rain,mix,0.0211282320831552,0.9470643931666167,0.031807374750228136,0.0,0.0,1.0
-119.923342,39.2538339,2146.894775390625,mix,snow,0.9932549611737493,0.003605550514987399,0.003139488311263214,0.0,1.0,0.0
-119.933835996749,39.2549363148208,2110.830322265625,rain,mix,0.029760837349742237,0.5650967003179761,0.4051424623322816,0.0,0.0,1.0
-119.934415761387,39.256712077617,2110.830322265625,mix,rain,0.06076380112012369,0.25917233867093764,0.6800638602089387,0.0,1.0,0.0
-119.859891887823,39.3428005990204,2094.65771484375,mix,snow,0.9539042779439364,0.04609572205606363,0.0,0.0,1.0,0.0
-119.935941536837,39.2595271235568,2119.65283203125,mix,snow,0.4498057595991792,0.40742152090508765,0.14277271949573317,0.0,1.0,0.0
-119.93815726701,39.2611866186337,2119.65283203125,snow,mix,0.11837616868844095,0.8431299641269904,0.0384938671845686,1.0,0.0,0.0
-119.939359377776,39.2643772159676,2119.65283203125,snow,snow,0.6701792729747489,0.3074205478846322,0.022400179140619016,1.0,0.0,0.0
-119.940179372282,39.2667214431415,2119.65283203125,snow,snow,0.7929795181467443,0.18573993591807614,0.021280545935179602,1.0,0.0,0.0
-119.941993630739,39.2724402900041,2247.71240234375,snow,snow,0.8323431881723723,0.14113318365332966,0.026523628174298017,1.0,0.0,0.0
-119.870860369881,38.9750879786892,2201.280517578125,mix,rain,0.12451636612667082,0.37463690092017543,0.5008467329531537,0.0,1.0,0.0
-120.2437329,39.6787435,1505.601806640625,rain,rain,0.06776532419787704,0.14011016651897884,0.7921245092831442,0.0,0.0,1.0
-119.945387959927,39.2752261318595,2182.246337890625,snow,snow,0.8562271901925654,0.12010582744144267,0.023666982365991816,1.0,0.0,0.0
-119.870257755072,39.3191106288043,2369.622802734375,snow,mix,0.34001743668988327,0.6599825633101167,0.0,1.0,0.0,0.0
-120.9688021,38.6639012,416.0556945800781,rain,mix,0.0,0.5190698615715563,0.4809301384284438,0.0,0.0,1.0
-120.070632058074,39.2378568236158,1922.7923583984375,mix,rain,0.3032343417219821,0.2527984149059942,0.4439672433720238,0.0,1.0,0.0
-118.988589666242,37.6489340418199,2476.782470703125,rain,rain,8.179018099904668e-06,2.7732404100300092e-05,0.9999640885777998,0.0,0.0,1.0
-118.994030143369,37.6470436670469,2526.55078125,rain,rain,8.179366087151354e-06,2.7737554483160628e-05,0.9999640830794297,0.0,0.0,1.0
-119.8693063,39.6024028,1591.5308837890625,rain,rain,0.09107043647670736,0.03459147957265247,0.87433808395064,0.0,0.0,1.0
-120.1426,39.176071,1991.058837890625,rain,mix,0.05757397920717878,0.744416488168365,0.19800953262445622,0.0,0.0,1.0
-119.831915220695,39.557736439907,1477.43408203125,rain,rain,0.13711075428924727,0.04763458823209491,0.8152546574786579,0.0,0.0,1.0
-119.864023147394,39.3524432383046,2024.4189453125,mix,snow,0.4112078534927162,0.24309279690956537,0.3456993495977185,0.0,1.0,0.0
-119.687781882777,38.9157295336496,1515.9644775390625,rain,rain,0.0,0.12565455219622593,0.8743454478037741,0.0,0.0,1.0
-119.651256647721,39.3841875390867,1866.9971923828125,rain,mix,0.3220521142561803,0.4617488314790836,0.21619905426473618,0.0,0.0,1.0
-119.950305637218,39.5247967552291,1538.666748046875,rain,rain,0.1896458271691251,0.17753220794501337,0.6328219648858616,0.0,0.0,1.0
-120.9688158,38.6639069,416.0556945800781,rain,rain,0.0,0.14226211025075344,0.8577378897492466,0.0,0.0,1.0
-119.9230129,39.2539055,2146.894775390625,mix,rain,0.01082999505780773,0.023907766730529068,0.9652622382116631,0.0,1.0,0.0
-119.966734,39.2519986,2016.028076171875,rain,rain,0.02655571154967014,0.016678134780480542,0.9567661536698493,0.0,0.0,1.0
-119.939257912449,39.2566893948608,1990.512939453125,rain,rain,0.039074654727262945,0.24462170836291303,0.7163036369098241,0.0,0.0,1.0
-119.962482519145,39.2522985424673,2003.246337890625,rain,rain,0.030651997472611665,0.021016117524035885,0.9483318850033524,0.0,0.0,1.0
-120.7826408,38.5112648,515.516845703125,rain,rain,0.0,0.12138297876078566,0.8786170212392144,0.0,0.0,1.0
-119.931008373427,39.2502431082229,2110.830322265625,rain,rain,0.0029389624325043312,0.03156817581810376,0.965492861749392,0.0,0.0,1.0
-119.925479237102,39.2519977083795,2146.894775390625,rain,mix,0.008475297133572788,0.5347996562174919,0.4567250466489354,0.0,0.0,1.0
-119.945387959927,39.2752261318595,2182.246337890625,snow,snow,0.7620410688354345,0.0766887997356019,0.16127013142896346,1.0,0.0,0.0
-119.932091188273,39.2511627505812,2110.830322265625,rain,rain,0.003150823285486584,0.02990184922786307,0.9669473274866504,0.0,0.0,1.0
-119.933388043825,39.2548307318546,2110.830322265625,rain,rain,0.005434641956421042,0.044289567690036225,0.9502757903535427,0.0,0.0,1.0
-119.933740503055,39.2561783479712,2110.830322265625,rain,rain,0.006809289195044532,0.05586177115987863,0.9373289396450768,0.0,0.0,1.0
-119.938086757237,39.2615562819175,2119.65283203125,mix,rain,0.21013943782903333,0.0,0.7898605621709667,0.0,1.0,0.0
-119.941193545349,39.2687907256552,2247.71240234375,snow,snow,0.930827639775484,0.028751914691291063,0.040420445533224984,1.0,0.0,0.0
-119.942183430598,39.2701946301558,2247.71240234375,snow,snow,0.9447898951372663,0.02136054992498127,0.03384955493775251,1.0,0.0,0.0
-120.4145359,39.3250544,1935.78955078125,mix,mix,0.0007798270496962448,0.7450191185436557,0.25420105440664814,0.0,1.0,0.0
-120.4250065,39.3236197,1987.0711669921875,mix,mix,0.0005449713610599531,0.5428603065585165,0.4565947220804236,0.0,1.0,0.0
-120.4374993,39.3175771,1870.712890625,rain,rain,8.021227786148226e-05,0.056304546586456235,0.9436152411356823,0.0,0.0,1.0
-120.4407228,39.317853,1870.712890625,rain,rain,8.026066540984816e-05,0.04339107595643769,0.9565286633781525,0.0,0.0,1.0
-119.8692807,39.6024452,1591.5308837890625,rain,rain,0.11270722176607902,0.10352135592052861,0.7837714223133924,0.0,0.0,1.0
-120.31586089722,39.8175279245106,1494.4031982421875,rain,rain,0.0,0.2564075593557359,0.7435924406442642,0.0,0.0,1.0
-120.143961022561,38.7991343674674,1798.019775390625,rain,rain,0.0,0.17089326523261916,0.8291067347673807,0.0,0.0,1.0
-120.352459664313,38.0360038780525,984.2950439453125,rain,rain,0.0,0.07833093083502791,0.921669069164972,0.0,0.0,1.0
-120.238129390649,39.1743503731864,2072.1171875,mix,rain,0.0988809469698072,0.2888778723976727,0.6122411806325201,0.0,1.0,0.0
-119.986007739168,39.6800283049859,1552.726806640625,rain,rain,0.1143281439024218,0.055158776105617216,0.830513079991961,0.0,0.0,1.0
-119.92526872982,39.8472339247101,1491.7423095703125,rain,rain,0.0,0.04112051358574318,0.9588794864142568,0.0,0.0,1.0
-120.352471570212,38.0360033157348,984.2950439453125,rain,rain,0.0,0.0,1.0,0.0,0.0,1.0
-119.6862517,39.6073395,1372.5904541015625,rain,rain,0.0,0.03307154347094846,0.9669284565290515,0.0,0.0,1.0
-120.177001288289,39.3403759954934,1818.37109375,rain,rain,0.0,0.05199765518688081,0.9480023448131192,0.0,0.0,1.0
-119.989568843731,38.8870479727404,1952.5621337890625,rain,rain,0.0,0.033756643687426285,0.9662433563125737,0.0,0.0,1.0
-120.166517314833,39.1421101387736,1993.328857421875,rain,rain,0.0,0.1239564446291396,0.8760435553708604,0.0,0.0,1.0
-118.994518627597,37.643725257608,2526.55078125,rain,rain,0.0,6.651968326597432e-05,0.999933480316734,0.0,0.0,1.0
-119.810067520687,39.4115101461876,1603.588623046875,rain,rain,0.0,0.14423461814905145,0.8557653818509486,0.0,0.0,1.0
-118.978778413052,37.6377483439124,2416.729736328125,rain,rain,0.0,6.573145317023082e-05,0.9999342685468298,0.0,0.0,1.0
-119.757811,39.1752235,1421.7010498046875,rain,rain,0.0,0.2905332162616698,0.7094667837383303,0.0,0.0,1.0
-119.950305637218,39.5247967552291,1538.666748046875,rain,rain,0.0,0.04431955324463165,0.9556804467553685,0.0,0.0,1.0
-119.9667738,39.2519854,2016.028076171875,rain,mix,0.0,0.6856097911162081,0.3143902088837919,0.0,0.0,1.0
-119.8449117,39.6100732,1568.7435302734375,rain,rain,0.0,0.0028750745097561444,0.9971249254902439,0.0,0.0,1.0
-120.045704969181,38.8244833076023,2276.21826171875,rain,rain,0.0,0.025502031248550022,0.97449796875145,0.0,0.0,1.0
-120.9688048,38.6639131,416.0556945800781,rain,rain,0.0,0.0,1.0,0.0,0.0,1.0
-119.9276947,39.2515134,2110.830322265625,mix,rain,0.0,0.0,1.0,0.0,1.0,0.0
-119.8692928,39.6024183,1591.5308837890625,rain,rain,0.0,0.0030301940062197187,0.9969698059937804,0.0,0.0,1.0
-120.038346922056,39.2470432433428,1926.0313720703125,rain,rain,0.0,0.2005067906100747,0.7994932093899253,0.0,0.0,1.0
-120.966594695,39.26089477,928.4439086914062,rain,rain,0.0,0.09215598725897295,0.9078440127410271,0.0,0.0,1.0
-120.100213551888,39.3565539318299,1798.48291015625,rain,rain,0.0,0.0706610321060084,0.9293389678939916,0.0,0.0,1.0
-120.352451076496,38.0360411688619,984.2950439453125,rain,rain,0.0,0.0077736634835916165,0.9922263365164083,0.0,0.0,1.0
-120.9819476,39.0433666,689.05712890625,rain,rain,0.0,0.1380735674284203,0.8619264325715797,0.0,0.0,1.0
-120.238809007106,39.1635641926552,2168.773193359375,mix,rain,0.0,0.08419497251150963,0.9158050274884904,0.0,1.0,0.0
-120.067159630043,39.2487643857783,2091.598876953125,rain,rain,0.22965864207903203,0.2343884172634793,0.5359529406574887,0.0,0.0,1.0
-119.94524923534,39.2753046688034,2182.246337890625,snow,mix,0.1685361179935284,0.831370033179598,9.38488268736042e-05,1.0,0.0,0.0
-120.209019621468,39.3197852517351,1812.044677734375,rain,rain,0.09434390374658137,0.17769347946297268,0.7279626167904459,0.0,0.0,1.0
-119.9477269,39.2543915,1992.6064453125,rain,rain,0.059853027956063364,0.07343599616759902,0.8667109758763376,0.0,0.0,1.0
-119.945387959927,39.2752261318595,2182.246337890625,snow,mix,0.4988854168011551,0.5008304530726054,0.0002841301262395668,1.0,0.0,0.0
-118.98281801396,37.6454695080298,2455.91796875,rain,rain,0.0,0.0,1.0,0.0,0.0,1.0
-119.9669647,39.2519999,2016.028076171875,rain,rain,0.16666897792130075,0.1833018082281632,0.650029213850536,0.0,0.0,1.0
-120.223979,38.0188461,1123.33447265625,rain,rain,0.0,0.007598920431827307,0.9924010795681727,0.0,0.0,1.0
-119.9276139,39.1491222,1973.6806640625,rain,rain,0.0,0.0,1.0,0.0,0.0,1.0
-119.9117036,39.1022427,2134.27490234375,rain,rain,0.0,0.0,1.0,0.0,0.0,1.0
-119.945307715552,39.2753439493518,2182.246337890625,mix,snow,0.999506785744392,0.0004002175705243051,9.299668508377171e-05,0.0,1.0,0.0
-119.751246821573,38.937382925369,1445.8297119140625,rain,rain,0.0,0.0,1.0,0.0,0.0,1.0
-119.9131548,39.0884606,2109.294921875,rain,rain,0.0,0.0,1.0,0.0,0.0,1.0
-120.2505235,39.3711907,2037.4736328125,rain,rain,0.07730262410673801,0.1359683063658704,0.7867290695273916,0.0,0.0,1.0
-119.947204889883,39.2730380703101,2182.246337890625,mix,snow,0.5866814694290563,0.27798785970107814,0.1353306708698655,0.0,1.0,0.0
-119.946278812201,39.2688965454101,2182.246337890625,rain,mix,0.34404882655475116,0.5681170549035878,0.08783411854166115,0.0,0.0,1.0
-119.934889615799,39.2555049552202,2110.830322265625,rain,rain,0.017882792718979554,0.010200847148700565,0.9719163601323199,0.0,0.0,1.0
-119.933521849704,39.2534852905383,2110.830322265625,rain,rain,0.01368251507397593,0.007699969217472341,0.9786175157085517,0.0,0.0,1.0
-119.927456877409,39.2509632950709,2110.830322265625,rain,rain,0.02203618001174942,0.011930582471509778,0.9660332375167409,0.0,0.0,1.0
-120.9688149,38.6639181,416.0556945800781,rain,rain,0.0,0.10530248552199137,0.8946975144780087,0.0,0.0,1.0
-119.8692156,39.6023179,1591.5308837890625,rain,rain,0.26190079249062376,0.2600579608949833,0.478041246614393,0.0,0.0,1.0
-119.923569477494,39.2538591056225,2146.894775390625,rain,rain,0.030121306264578887,0.015884140656483144,0.953994553078938,0.0,0.0,1.0
-119.9503247,38.9512289,1912.7274169921875,rain,rain,0.0,0.10229642735753341,0.8977035726424666,0.0,0.0,1.0
-120.31586089722,39.8175279245106,1494.4031982421875,rain,rain,0.09790357602285427,0.0,0.9020964239771457,0.0,0.0,1.0
-119.7468731,39.4249854,1368.7227783203125,rain,rain,0.24507603172457193,0.0,0.7549239682754281,0.0,0.0,1.0
-119.942023841158,39.273445667673,2247.71240234375,rain,rain,1.6425189045589546e-05,1.2715287168114984e-06,0.9999823032822376,0.0,0.0,1.0
-119.941662922594,39.2735123149989,2247.71240234375,rain,rain,1.6536689884013078e-05,1.2692300982193112e-06,0.9999821940800178,0.0,0.0,1.0
-119.996458160122,38.8704589501152,1950.8565673828125,rain,rain,0.0,0.09103903375779658,0.9089609662422035,0.0,0.0,1.0
-119.945249533109,39.2753237321031,2182.246337890625,rain,rain,0.001544681079673593,0.00012272483723835717,0.998332594083088,0.0,0.0,1.0
-120.9688046,38.6639077,416.0556945800781,rain,rain,0.0,0.2935733502608005,0.7064266497391994,0.0,0.0,1.0
-120.1426205,39.1760803,1991.058837890625,rain,mix,0.024686078215597766,0.5467029342771392,0.428610987507263,0.0,0.0,1.0
-119.8643202,39.6413175,1511.9696044921875,rain,rain,0.08263131048942543,0.0,0.9173686895105746,0.0,0.0,1.0
-120.238456381345,39.1644993670905,2168.773193359375,mix,mix,0.0,0.9999989490356165,1.050964383495126e-06,0.0,1.0,0.0
-119.9667774,39.2519857,2016.028076171875,rain,rain,0.026715714315919136,0.010345864564163578,0.9629384211199173,0.0,0.0,1.0
-120.070632058074,39.2378568236158,1922.7923583984375,rain,rain,0.05002365688436773,0.13048044367055436,0.819495899445078,0.0,0.0,1.0
-119.885355232611,39.3283216918762,2501.984619140625,snow,rain,0.0,0.0,1.0,1.0,0.0,0.0
-120.238385843978,39.1645229069392,2168.773193359375,mix,mix,0.0,0.9999989478436022,1.052156397701825e-06,0.0,1.0,0.0
-119.951757924895,39.5301343529111,1587.759521484375,rain,rain,0.12643350837018058,0.0,0.8735664916298195,0.0,0.0,1.0
-120.35247561198,38.0360032678036,984.2950439453125,rain,rain,0.0,0.2062015848687915,0.7937984151312085,0.0,0.0,1.0
-119.99746480472,38.8523869631608,1980.7945556640625,mix,rain,0.0,0.10263557676506507,0.8973644232349349,0.0,1.0,0.0
-119.00968812613,37.6379563965143,2874.640869140625,mix,rain,0.0,0.13679173750276172,0.8632082624972384,0.0,1.0,0.0
-119.9650883,39.2516168,2016.028076171875,rain,rain,0.0,0.00010761410187479388,0.9998923858981252,0.0,0.0,1.0
-120.2374578,39.1656674,2168.773193359375,rain,mix,0.0,0.9995156733229299,0.00048432667706999137,0.0,0.0,1.0
-119.7659029,39.1502873,1420.0274658203125,rain,rain,0.0,0.014011098949101956,0.9859889010508981,0.0,0.0,1.0
-120.7810986,38.5112823,515.516845703125,rain,rain,0.0,0.14312588191724177,0.8568741180827583,0.0,0.0,1.0
-120.238401256157,39.1644587760994,2168.773193359375,mix,rain,0.0,6.883160514595569e-05,0.9999311683948541,0.0,1.0,0.0
-119.750617575833,38.9376019431356,1445.8297119140625,rain,rain,0.0,0.2609462200854543,0.7390537799145457,0.0,0.0,1.0
-120.44779359959,39.3169566495113,1881.439697265625,rain,mix,0.0,0.6488075096343897,0.35119249036561034,0.0,0.0,1.0
-120.9688153,38.6639155,416.0556945800781,rain,rain,0.0,0.14429841589363956,0.8557015841063605,0.0,0.0,1.0
-119.772335,39.1190729,1457.2030029296875,rain,rain,0.0,0.015487283288550802,0.9845127167114492,0.0,0.0,1.0
-119.9631437,39.2504084,2016.028076171875,rain,rain,0.0,0.00010662856544259327,0.9998933714345575,0.0,0.0,1.0
-120.210701406007,39.2441375870018,1901.5062255859375,rain,rain,0.0,0.3691231484071365,0.6308768515928636,0.0,0.0,1.0
-120.362681870117,39.3312949942529,2147.065673828125,mix,rain,0.0,0.04259876265776417,0.9574012373422358,0.0,1.0,0.0
-120.288254742433,39.3310769646092,1920.78564453125,rain,mix,0.0,0.5962355669516237,0.4037644330483762,0.0,0.0,1.0
-120.352478455731,38.03600508153,984.2950439453125,rain,rain,0.0,0.29265689841131326,0.7073431015886867,0.0,0.0,1.0
-120.225092112264,38.0416619905658,1151.58544921875,mix,rain,0.0,0.0,1.0,0.0,1.0,0.0
-119.9431887674,38.9539270934537,1925.515625,rain,rain,0.0,0.03763298283459754,0.9623670171654025,0.0,0.0,1.0
-119.950320963962,39.5248041662358,1538.666748046875,rain,rain,0.0,0.014544818713076764,0.9854551812869232,0.0,0.0,1.0
-120.067171315591,39.2488140575127,2091.598876953125,rain,rain,0.0,0.003580948643089553,0.9964190513569104,0.0,0.0,1.0
-120.225082393585,38.0416351703303,1151.58544921875,rain,mix,0.0,0.9999999022569923,9.774300774638179e-08,0.0,0.0,1.0
-120.9688151,38.663906,416.0556945800781,rain,rain,0.0,0.14264692558697395,0.8573530744130261,0.0,0.0,1.0
-119.9667669,39.2519933,2016.028076171875,rain,rain,0.0,0.003462301905064703,0.9965376980949353,0.0,0.0,1.0
-120.352462188039,38.0360038611827,984.2950439453125,rain,rain,0.0,0.44896443688243276,0.5510355631175672,0.0,0.0,1.0
-120.191632,37.8369345,872.5946044921875,rain,rain,0.0,0.34538075017237707,0.6546192498276229,0.0,0.0,1.0
-119.9178542,39.1296084,2299.5703125,mix,rain,0.0,0.0,1.0,0.0,1.0,0.0
-119.9315899,39.2399434,1936.7467041015625,rain,rain,0.0,0.02559406074883618,0.9744059392511638,0.0,0.0,1.0
-119.986007067175,39.68002874676,1552.726806640625,rain,rain,0.0,0.09281131415401524,0.9071886858459848,0.0,0.0,1.0
-119.9986352,38.9167983,1903.6112060546875,rain,rain,0.0,0.0128390995985969,0.987160900401403,0.0,0.0,1.0
-119.9667495,39.2519928,2016.028076171875,rain,rain,0.0,4.3117408837170386e-08,0.9999999568825912,0.0,0.0,1.0
-120.070632058074,39.2378568236158,1922.7923583984375,rain,rain,0.0,0.07023103415431856,0.9297689658456814,0.0,0.0,1.0
-119.870860369881,38.9750879786892,2201.280517578125,rain,rain,0.0,0.08700799832192707,0.9129920016780729,0.0,0.0,1.0
-119.7759957,39.1127472,1457.2030029296875,rain,rain,0.0,0.2636914434185577,0.7363085565814422,0.0,0.0,1.0
-120.0014735,38.8875625,1955.4228515625,rain,rain,0.0,0.0,1.0,0.0,0.0,1.0
-120.9688097,38.6639124,416.0556945800781,rain,rain,0.0,0.0,1.0,0.0,0.0,1.0
-119.945387593677,39.2752257242882,2182.246337890625,rain,rain,0.0,0.014310260404711785,0.9856897395952883,0.0,0.0,1.0
-119.77712296207,38.9602472683241,1436.2230224609375,rain,rain,0.0,0.051956648762374755,0.9480433512376253,0.0,0.0,1.0
-120.0320353,38.8126906,2278.7958984375,rain,rain,0.0,0.0,1.0,0.0,0.0,1.0
-120.0360082,38.8196173,2246.1806640625,rain,rain,0.0,0.0,1.0,0.0,0.0,1.0
-120.352474499981,38.0360030439469,984.2950439453125,rain,rain,0.0,0.0,1.0,0.0,0.0,1.0
-120.0843963,38.8121988,2092.12060546875,rain,rain,0.0,0.0,1.0,0.0,0.0,1.0
-119.687781882777,38.9157295336496,1515.9644775390625,rain,rain,0.0,0.04547082943014455,0.9545291705698554,0.0,0.0,1.0
-120.1194655,38.8012505,2017.3365478515625,rain,rain,0.0,0.0,1.0,0.0,0.0,1.0
-120.966640342745,39.2608059203751,928.4439086914062,rain,rain,0.0,0.0,1.0,0.0,0.0,1.0
-119.9667803,39.2520046,2016.028076171875,rain,rain,0.0,4.3105118863430426e-08,0.9999999568948811,0.0,0.0,1.0
-120.079578292889,39.2303681057843,1907.204345703125,rain,rain,0.0,0.0,1.0,0.0,0.0,1.0
-119.803397722354,39.5348547266793,1367.185546875,rain,rain,0.0,0.0,1.0,0.0,0.0,1.0
-119.773137878862,39.1167984753355,1457.2030029296875,rain,rain,0.0,0.0,1.0,0.0,0.0,1.0
-120.166517314833,39.1421101387736,1993.328857421875,rain,rain,0.0,0.0,1.0,0.0,0.0,1.0
-119.687781882777,38.9157295336496,1515.9644775390625,rain,rain,0.0,0.0,1.0,0.0,0.0,1.0
-119.9667803,39.2520046,2016.028076171875,rain,rain,0.0,0.0,1.0,0.0,0.0,1.0
-119.830803608587,39.5581126777427,1477.43408203125,rain,rain,0.0,0.0,1.0,0.0,0.0,1.0
-119.8671962,39.5313637,1486.790283203125,rain,rain,0.0,0.0,1.0,0.0,0.0,1.0
-119.8322458,39.4790307,1471.4849853515625,rain,rain,0.0,0.0,1.0,0.0,0.0,1.0
-119.986007067175,39.68002874676,1552.726806640625,rain,rain,0.0,0.0,1.0,0.0,0.0,1.0
-119.682347657968,38.9171034190746,1535.7108154296875,rain,rain,0.0,0.0,1.0,0.0,0.0,1.0
-119.8644119,39.6411949,1511.9696044921875,rain,rain,0.0,0.0,1.0,0.0,0.0,1.0
-120.9688062,38.6639069,416.0556945800781,rain,rain,0.0,0.0,1.0,0.0,0.0,1.0
-119.8692846,39.6023694,1591.5308837890625,rain,rain,0.0,0.0,1.0,0.0,0.0,1.0
-119.773693825885,39.1113009937488,1457.2030029296875,rain,rain,0.0,0.0,1.0,0.0,0.0,1.0
-119.8707411,39.5248096,1486.023193359375,rain,rain,0.0,0.0,1.0,0.0,0.0,1.0
-120.9662889832,39.2610113619088,928.4439086914062,rain,rain,0.0,0.0,1.0,0.0,0.0,1.0
-119.8644143,39.6412027,1511.9696044921875,rain,rain,0.0,0.0,1.0,0.0,0.0,1.0
-119.945387593677,39.2752257242882,2182.246337890625,rain,rain,0.0,0.0,1.0,0.0,0.0,1.0
-119.870975053007,38.9750719598956,2201.280517578125,rain,rain,0.0,0.0,1.0,0.0,0.0,1.0
-120.9688193,38.6639086,416.0556945800781,rain,rain,0.0,0.0,1.0,0.0,0.0,1.0
-119.9667803,39.2520046,2016.028076171875,rain,rain,0.0,0.0,1.0,0.0,0.0,1.0
-119.8692686,39.6024155,1591.5308837890625,rain,rain,0.0,0.0,1.0,0.0,0.0,1.0
-119.732189,39.178185,1419.5723876953125,rain,rain,0.0,0.0,1.0,0.0,0.0,1.0
-119.687781882777,38.9157295336496,1515.9644775390625,rain,rain,0.0,0.0,1.0,0.0,0.0,1.0
-119.831913746709,39.557738247036,1477.43408203125,rain,rain,0.0,0.0,1.0,0.0,0.0,1.0
-120.4690111,39.8056766,1484.389892578125,rain,rain,0.0,0.0,1.0,0.0,0.0,1.0
-119.927933069905,39.5207732452043,1500.779541015625,rain,rain,0.0,0.0,1.0,0.0,0.0,1.0
-119.8644267,39.6412031,1511.9696044921875,rain,rain,0.0,0.0,1.0,0.0,0.0,1.0
-119.8606778,39.5246214,1454.2401123046875,rain,rain,0.0,0.0,1.0,0.0,0.0,1.0
-119.7514539,39.1816464,1429.7259521484375,rain,rain,0.0,0.0,1.0,0.0,0.0,1.0
-119.765773838896,39.4079362084566,1410.70751953125,rain,rain,0.0,0.0,1.0,0.0,0.0,1.0
-119.9667797,39.252058,2016.028076171875,rain,rain,0.0,0.0,1.0,0.0,0.0,1.0
-119.8692918,39.6024122,1591.5308837890625,rain,rain,0.0,0.0,1.0,0.0,0.0,1.0
-120.352480221108,38.036002809714,984.2950439453125,rain,rain,0.0,0.0,1.0,0.0,0.0,1.0
-119.980533,39.5169206,1517.4693603515625,rain,rain,0.0,0.0,1.0,0.0,0.0,1.0
-119.857564165102,39.5197878600713,1454.2401123046875,rain,rain,0.0,0.0,1.0,0.0,0.0,1.0
-119.8642995,39.6413362,1511.9696044921875,rain,rain,0.0,0.0,1.0,0.0,0.0,1.0
-119.687781882777,38.9157295336496,1515.9644775390625,rain,rain,0.0,0.0,1.0,0.0,0.0,1.0
-120.31586089722,39.8175279245106,1494.4031982421875,rain,rain,0.0,0.0,1.0,0.0,0.0,1.0
-120.452874011788,39.6640846076464,1538.229736328125,rain,rain,0.0,0.0,1.0,0.0,0.0,1.0
-119.8323111,39.4790447,1471.4849853515625,rain,rain,0.0,0.0,1.0,0.0,0.0,1.0
-119.99645640493,38.8704648658155,1950.8565673828125,rain,rain,0.0,0.0,1.0,0.0,0.0,1.0
-119.749510145594,38.9503623984938,1446.9903564453125,rain,rain,0.0,0.0,1.0,0.0,0.0,1.0
-120.070632058074,39.2378568236158,1922.7923583984375,rain,rain,0.0,0.0,1.0,0.0,0.0,1.0
-119.9667797,39.252058,2016.028076171875,rain,rain,0.0,0.0,1.0,0.0,0.0,1.0
-119.8692918,39.6024122,1591.5308837890625,rain,rain,0.0,0.0,1.0,0.0,0.0,1.0
-120.24575718604,39.3689695191111,2002.6611328125,rain,rain,0.0,0.0,1.0,0.0,0.0,1.0
-119.99746480472,38.8523869631608,1980.7945556640625,rain,rain,0.0,0.0,1.0,0.0,0.0,1.0
-119.709369372248,39.545640652724,1341.52783203125,rain,rain,0.0,0.0,1.0,0.0,0.0,1.0
-119.99645639505,38.8704647960591,1950.8565673828125,rain,rain,0.0,0.0,1.0,0.0,0.0,1.0
-119.9667797,39.252058,2016.028076171875,rain,rain,0.0,0.0,1.0,0.0,0.0,1.0
-119.945387593677,39.2752257242882,2182.246337890625,rain,rain,0.0,0.0,1.0,0.0,0.0,1.0
-119.687781882777,38.9157295336496,1515.9644775390625,rain,rain,0.0,0.0,1.0,0.0,0.0,1.0
-120.447551747676,39.3171030421955,1881.439697265625,rain,rain,0.0,0.0,1.0,0.0,0.0,1.0
-120.2260864,37.8590233,849.531494140625,rain,rain,0.0,0.0,1.0,0.0,0.0,1.0
-119.8473485,39.5270235,1417.013427734375,rain,rain,0.0,0.0,1.0,0.0,0.0,1.0
-120.9819483,39.043369,689.05712890625,rain,rain,0.0,0.0,1.0,0.0,0.0,1.0
-119.9667825,39.2519865,2016.028076171875,rain,rain,0.0,0.0,1.0,0.0,0.0,1.0
-120.31586089722,39.8175279245106,1494.4031982421875,rain,rain,0.0,0.0,1.0,0.0,0.0,1.0
-120.162840867011,39.3581787362888,1793.0777587890625,rain,rain,0.0,0.0,1.0,0.0,0.0,1.0
-119.9575477,39.2472665,1922.8812255859375,rain,rain,0.0,0.0,1.0,0.0,0.0,1.0
-120.2436671,39.6787461,1505.601806640625,rain,rain,0.0,0.0,1.0,0.0,0.0,1.0
-120.4688955,39.8055769,1484.389892578125,rain,rain,0.0,0.0,1.0,0.0,0.0,1.0
-120.070632058074,39.2378568236158,1922.7923583984375,rain,rain,0.0,0.0,1.0,0.0,0.0,1.0
-119.950320963962,39.5248041662358,1538.666748046875,rain,rain,0.0,0.0,1.0,0.0,0.0,1.0
-119.94520761874,39.275444704388,2182.246337890625,rain,rain,0.0,0.0,1.0,0.0,0.0,1.0
-120.447537943196,39.3172627065043,1881.439697265625,rain,rain,0.0,0.0,1.0,0.0,0.0,1.0
-119.92351490962,39.2542462095074,2146.894775390625,rain,rain,0.0,0.0,1.0,0.0,0.0,1.0
-120.007681757803,39.527509317236,1521.617431640625,rain,rain,0.0,0.0,1.0,0.0,0.0,1.0
-119.945338068287,39.2755281146591,2182.246337890625,rain,rain,0.0,0.0,1.0,0.0,0.0,1.0
-120.966598470893,39.2608966897895,928.4439086914062,rain,rain,0.0,0.0,1.0,0.0,0.0,1.0
-119.9667749,39.2520255,2016.028076171875,rain,rain,0.0,0.0,1.0,0.0,0.0,1.0
-120.96675445689,39.2609095149937,928.4439086914062,rain,rain,0.0,0.0,1.0,0.0,0.0,1.0
-119.950320963962,39.5248041662358,1538.666748046875,rain,rain,0.0,0.0,1.0,0.0,0.0,1.0
-119.99746480472,38.8523869631608,1980.7945556640625,rain,rain,0.0,0.0,1.0,0.0,0.0,1.0
-120.175538789735,39.3532473215766,1832.049560546875,rain,rain,0.0,0.0,1.0,0.0,0.0,1.0
-119.9521931,39.2715227,2182.246337890625,rain,rain,0.0,0.0,1.0,0.0,0.0,1.0
-119.966442566053,39.2521294362996,2016.028076171875,rain,rain,0.0,0.0,1.0,0.0,0.0,1.0
-119.966303789977,39.2519109344976,2016.028076171875,rain,rain,0.0,0.0,1.0,0.0,0.0,1.0
-119.945384045133,39.2752238641584,2182.246337890625,rain,rain,0.0,0.0,1.0,0.0,0.0,1.0
-120.9688135,38.663917,416.0556945800781,rain,rain,0.0,0.0,1.0,0.0,0.0,1.0
-120.966645224294,39.2607978832661,928.4439086914062,rain,rain,0.0,0.0,1.0,0.0,0.0,1.0
-119.966847325025,39.2518666880606,2016.028076171875,rain,rain,0.0,0.0,1.0,0.0,0.0,1.0
-119.996456395647,38.8704648002748,1950.8565673828125,rain,rain,0.0,0.0,1.0,0.0,0.0,1.0
-120.823966579911,39.5678904303779,999.898681640625,rain,rain,0.0,0.0,1.0,0.0,0.0,1.0
-119.9667102,39.25195,2016.028076171875,rain,rain,0.0,0.0,1.0,0.0,0.0,1.0
-119.869509,39.6023553,1591.5308837890625,rain,rain,0.0,0.0,1.0,0.0,0.0,1.0
-120.9688228,38.6639193,416.0556945800781,rain,rain,0.0,0.0,1.0,0.0,0.0,1.0
-119.950320963962,39.5248041662358,1538.666748046875,rain,rain,0.0,0.0,1.0,0.0,0.0,1.0
-120.31586089722,39.8175279245106,1494.4031982421875,rain,rain,0.0,0.0,1.0,0.0,0.0,1.0
-119.96182669343,39.2506817310923,2003.246337890625,rain,rain,0.0,0.0,1.0,0.0,0.0,1.0
-119.996447908562,38.8704610299877,1950.8565673828125,rain,rain,0.0,0.0,1.0,0.0,0.0,1.0
-119.9657917,39.2526659,2016.028076171875,rain,rain,0.0,0.0,1.0,0.0,0.0,1.0
-119.950320963962,39.5248041662358,1538.666748046875,rain,rain,0.0,0.0,1.0,0.0,0.0,1.0
-120.7826807,38.5111701,515.516845703125,rain,rain,0.0,0.0,1.0,0.0,0.0,1.0
-120.9094,39.9346158,1119.0606689453125,rain,rain,0.0,0.0,1.0,0.0,0.0,1.0
-120.9688215,38.6639113,416.0556945800781,rain,rain,0.0,0.0,1.0,0.0,0.0,1.0
-119.9714523,39.2554168,2016.028076171875,rain,rain,0.0,0.0,1.0,0.0,0.0,1.0
-119.945384045133,39.2752238641584,2182.246337890625,rain,rain,0.020938220085666263,0.005105458814389141,0.9739563210999446,0.0,0.0,1.0
-120.9688065,38.6639072,416.0556945800781,rain,snow,0.4777479830737392,0.11569589840926477,0.40655611851699597,0.0,0.0,1.0
-119.9656057,39.2520035,2016.028076171875,rain,rain,0.17961180542563251,0.0564292090155038,0.7639589855588635,0.0,0.0,1.0
-119.941588199823,39.2736427843379,2247.71240234375,rain,rain,0.022005740196621725,0.005248449102419546,0.9727458107009588,0.0,0.0,1.0
-119.914522617521,39.3050331380472,2605.041259765625,snow,snow,0.6852383933233832,0.13661561002219447,0.17814599665442232,1.0,0.0,0.0
-119.897255751231,39.3128202386529,2744.525390625,snow,snow,0.707982853652054,0.19557337773447325,0.09644376861347267,1.0,0.0,0.0
-119.891108448305,39.3293186213429,2518.30908203125,snow,snow,0.9943141269277269,0.004566497688618938,0.001119375383654149,1.0,0.0,0.0
-119.890372897584,39.3297119013032,2518.30908203125,snow,snow,0.9939551024468593,0.004887455988408757,0.0011574415647320109,1.0,0.0,0.0
-119.876983132637,39.3262217749698,2412.533935546875,mix,snow,0.628198971509246,0.2224986636847784,0.1493023648059757,0.0,1.0,0.0
-119.87054951922,39.3376231694339,2313.341552734375,mix,rain,0.24836838629167024,0.22195391514653529,0.5296776985617945,0.0,1.0,0.0
-119.861852700136,39.3445429677136,2092.65283203125,rain,rain,0.0676096147893865,0.1948515903412152,0.7375387948693983,0.0,0.0,1.0
-119.860739137726,39.3388787344893,2080.765380859375,rain,rain,0.0708363558110077,0.22766246026584958,0.7015011839231428,0.0,0.0,1.0
-119.852106720242,39.3499176458358,2094.65771484375,rain,rain,0.0,0.0,1.0,0.0,0.0,1.0
-119.8443562931,39.3723297689195,1874.2142333984375,rain,rain,0.0,0.0,1.0,0.0,0.0,1.0
-119.819621404992,39.38271592566,1719.46435546875,rain,rain,0.0,0.0,1.0,0.0,0.0,1.0
-119.996448296645,38.8704582448934,1950.8565673828125,rain,rain,0.0,0.0,1.0,0.0,0.0,1.0
-120.468966,39.8057186,1484.389892578125,rain,rain,0.0,0.0,1.0,0.0,0.0,1.0
-119.950319139204,39.5248178789067,1538.666748046875,rain,rain,0.0,0.0,1.0,0.0,0.0,1.0
-120.017697027704,38.8536083148544,1933.7830810546875,rain,rain,0.0,0.0,1.0,0.0,0.0,1.0
-119.9667512,39.2520356,2016.028076171875,rain,rain,0.0,0.0,1.0,0.0,0.0,1.0
-120.31586089722,39.8175279245106,1494.4031982421875,rain,rain,0.0,0.0,1.0,0.0,0.0,1.0
-120.51976825464,38.7597277278711,993.5281372070312,rain,rain,0.09850065962684978,0.0,0.9014993403731503,0.0,0.0,1.0
-119.961376329996,39.2518565152206,2003.246337890625,rain,rain,0.003659442617502665,0.0,0.9963405573824974,0.0,0.0,1.0
-119.958506785445,39.2595861805969,2123.13720703125,rain,rain,0.024212917062710258,0.0,0.9757870829372898,0.0,0.0,1.0
-119.952923583283,39.2686584475437,2182.246337890625,rain,rain,0.05944044085060707,0.0,0.9405595591493928,0.0,0.0,1.0
-119.943865609142,39.2745943129279,2247.71240234375,rain,rain,0.19651792962840975,0.0,0.8034820703715904,0.0,0.0,1.0
-120.9819365,39.043369,689.05712890625,rain,rain,0.09024272395383899,0.0,0.909757276046161,0.0,0.0,1.0
-119.934097258486,39.2846960574754,2513.06689453125,snow,rain,0.0,0.0,1.0,1.0,0.0,0.0
-120.070632058074,39.2378568236158,1922.7923583984375,rain,rain,0.10517520498455737,0.0,0.8948247950154425,0.0,0.0,1.0
-119.9648786,39.2515795,2016.028076171875,rain,rain,0.0034973186915565686,0.0,0.9965026813084433,0.0,0.0,1.0
-119.765781184439,39.4079345555067,1410.70751953125,rain,rain,0.18845761432430033,0.0,0.8115423856756997,0.0,0.0,1.0
-119.750185140332,39.185433715839,1433.7567138671875,rain,rain,0.0,0.17644310719158102,0.823556892808419,0.0,0.0,1.0
-120.2150288,38.7849782,1642.708251953125,rain,rain,0.0,0.13118856515045857,0.8688114348495415,0.0,0.0,1.0
-120.1430898,38.8004556,1798.019775390625,rain,rain,0.0,0.050666551294630276,0.9493334487053697,0.0,0.0,1.0
-120.1313232,38.8060612,1914.2138671875,rain,rain,0.0,0.08150751960416752,0.9184924803958324,0.0,0.0,1.0
-120.0843963,38.8121988,2092.12060546875,mix,rain,0.0,0.0,1.0,0.0,1.0,0.0
-120.0309517,38.8234296,2246.1806640625,rain,mix,0.0,0.5463387260891754,0.4536612739108246,0.0,0.0,1.0
-120.20904522611,39.319858524984,1812.044677734375,rain,rain,0.0,0.13786093342291644,0.8621390665770836,0.0,0.0,1.0
-120.152366695616,39.1498980214612,1968.499267578125,rain,rain,0.0,0.1277173688513659,0.8722826311486341,0.0,0.0,1.0
-120.955945414821,39.1014107671621,747.3925170898438,rain,rain,0.0,0.10981851715574356,0.8901814828442565,0.0,0.0,1.0
-119.9311988,39.2626436,2271.30078125,rain,rain,0.0,0.4621534002723048,0.5378465997276952,0.0,0.0,1.0
-119.962795487025,39.2560561713299,2003.246337890625,rain,rain,0.0,0.20515156575580124,0.7948484342441988,0.0,0.0,1.0
-119.9102628,39.3066886,2752.060546875,rain,rain,0.0,0.3847353491153443,0.6152646508846558,0.0,0.0,1.0
-120.0004357,38.9181153,1905.078125,rain,rain,0.0,0.2117833584162346,0.7882166415837653,0.0,0.0,1.0
-119.945342266833,39.2745721525163,2182.246337890625,rain,mix,0.0,0.5097834245021526,0.49021657549784736,0.0,0.0,1.0
-119.933768199777,39.2758958516754,2428.62353515625,mix,rain,0.0,0.0,1.0,0.0,1.0,0.0
-119.950320963962,39.5248041662358,1538.666748046875,rain,rain,0.06130853282951014,0.06368394597821707,0.8750075211922728,0.0,0.0,1.0
-119.8194954,39.3349032,1712.5828857421875,mix,rain,0.43492725206752575,0.0,0.5650727479324743,0.0,1.0,0.0
-119.897531259498,39.3135508989896,2744.525390625,snow,rain,0.0,0.07973372990786876,0.9202662700921311,1.0,0.0,0.0
-119.831971211096,39.5603852785894,1477.43408203125,rain,rain,0.02220753134617125,0.028559474598383143,0.9492329940554456,0.0,0.0,1.0
-119.86932,39.6023725,1591.5308837890625,rain,rain,0.009862222240828122,0.011559791569755319,0.9785779861894166,0.0,0.0,1.0
-119.92067030535,39.3001127245182,2612.475341796875,rain,snow,0.8194990472328227,0.05112712028453077,0.12937383248264644,0.0,0.0,1.0
-119.8644297,39.6411946,1511.9696044921875,rain,rain,0.010246720059064929,0.011853016211282354,0.9779002637296527,0.0,0.0,1.0
-120.689659572431,38.6953663515164,809.8617553710938,rain,rain,0.14734147801576974,0.13010874411874157,0.7225497778654887,0.0,0.0,1.0
-119.966783,39.2519854,2016.028076171875,rain,rain,0.2881491135859618,0.10577008502060814,0.60608080139343,0.0,0.0,1.0
-120.468966,39.8057186,1484.389892578125,rain,rain,0.09346927750966315,0.08668500144052449,0.8198457210498125,0.0,0.0,1.0
-120.175505731296,39.3532494938184,1832.049560546875,snow,snow,0.8480819633076834,0.0,0.15191803669231665,1.0,0.0,0.0
-120.447537148519,39.3171647462939,1881.439697265625,snow,snow,0.8388861507967301,0.0,0.1611138492032699,1.0,0.0,0.0
-120.4689648,39.8056517,1484.389892578125,rain,snow,1.0,0.0,0.0,0.0,0.0,1.0
-119.8322935,39.4790409,1471.4849853515625,rain,rain,0.0,0.0,1.0,0.0,0.0,1.0
-120.7826427,38.5112592,515.516845703125,rain,rain,0.0,0.0,1.0,0.0,0.0,1.0
-120.9688406,38.6638536,416.0556945800781,rain,rain,0.0,0.0,1.0,0.0,0.0,1.0
-120.447537943196,39.3172627065043,1881.439697265625,snow,rain,0.0,0.0,1.0,1.0,0.0,0.0
-120.31586089722,39.8175279245106,1494.4031982421875,rain,rain,0.34801277733631,0.0,0.65198722266369,0.0,0.0,1.0
-119.8642853,39.6412883,1511.9696044921875,rain,rain,0.3115397931889571,0.0,0.6884602068110429,0.0,0.0,1.0
-120.968807,38.6639177,416.0556945800781,rain,snow,0.5796360402282246,0.0,0.42036395977177543,0.0,0.0,1.0
-119.8486618,39.5977578,1597.0430908203125,mix,rain,0.002167069287806252,0.004087975938576782,0.993744954773617,0.0,1.0,0.0
-120.175547416687,39.3532599082464,1832.049560546875,snow,mix,0.0,0.5474220813940351,0.4525779186059649,1.0,0.0,0.0
-120.9688052,38.6639089,416.0556945800781,rain,snow,0.4036503835467902,0.38126949368325364,0.2150801227699562,0.0,0.0,1.0
-119.925290881716,39.8472299966421,1491.7423095703125,mix,rain,0.10028925949482666,0.4296276492451386,0.47008309126003484,0.0,1.0,0.0
-119.8691044,39.602276,1591.5308837890625,rain,mix,0.002267679947932541,0.9975661045339836,0.00016621551808386145,0.0,0.0,1.0
-119.8691229,39.6023021,1591.5308837890625,mix,rain,0.0,0.0,1.0,0.0,1.0,0.0
-119.826319826618,39.5151523660379,1390.4053955078125,rain,mix,0.0,0.672225540425061,0.32777445957493906,0.0,0.0,1.0
-119.9185492,39.6282682,1576.6732177734375,rain,mix,0.0,0.893579833440116,0.10642016655988401,0.0,0.0,1.0
-119.885055222732,39.5322081511861,1516.285888671875,rain,snow,0.8781519715770759,0.0,0.12184802842292405,0.0,0.0,1.0
-120.1669301,39.137681,1996.39697265625,snow,rain,0.0,0.0,1.0,1.0,0.0,0.0
-120.9688098,38.6639033,416.0556945800781,rain,snow,0.7030214403453922,0.0,0.2969785596546079,0.0,0.0,1.0
-119.927933069905,39.5207732452043,1500.779541015625,rain,rain,0.0,0.0,1.0,0.0,0.0,1.0
-120.689659572431,38.6953663515164,809.8617553710938,rain,rain,0.0,0.0,1.0,0.0,0.0,1.0
-120.9688089,38.6639203,416.0556945800781,rain,rain,0.0,0.0,1.0,0.0,0.0,1.0
-119.792498000227,39.4892189783565,1357.37939453125,rain,rain,0.0,0.0,1.0,0.0,0.0,1.0
-120.9688421,38.6639069,416.0556945800781,rain,rain,0.4938017388200687,0.0,0.5061982611799314,0.0,0.0,1.0
-120.4687429,39.8056739,1484.389892578125,rain,rain,0.1987078266703919,0.0,0.8012921733296081,0.0,0.0,1.0
-119.947010036836,38.9609212588984,1902.406005859375,snow,rain,0.0,0.0,1.0,1.0,0.0,0.0
-119.927933096515,39.5207716861048,1500.779541015625,rain,rain,0.40796444875973126,0.0,0.5920355512402689,0.0,0.0,1.0
-120.070634050141,39.2378579816761,1922.7923583984375,snow,rain,0.4000063499864471,0.0,0.5999936500135529,1.0,0.0,0.0
-120.823974514038,39.5678941038874,999.898681640625,rain,rain,0.42681319301639886,0.0,0.5731868069836011,0.0,0.0,1.0
-120.2441212,39.6788053,1505.601806640625,rain,snow,0.5111067800143031,0.0,0.4888932199856969,0.0,0.0,1.0
-120.175547041299,39.3532595230383,1832.049560546875,snow,rain,0.14101448703763778,0.0,0.8589855129623623,1.0,0.0,0.0
-120.100370229614,39.3566560303636,1798.48291015625,rain,snow,0.9694249021420992,0.0,0.030575097857900836,0.0,0.0,1.0
-120.1839873,39.3280704,1781.1376953125,snow,snow,0.8548431497594543,0.0,0.14515685024054575,1.0,0.0,0.0
-120.070634050141,39.2378579816761,1922.7923583984375,snow,snow,0.9514985677851837,0.0,0.04850143221481634,1.0,0.0,0.0
-119.961529875096,39.2518682112213,2003.246337890625,snow,snow,0.999870195589292,0.0,0.0001298044107079622,1.0,0.0,0.0
-120.225079617397,38.0416705178914,1151.58544921875,rain,snow,0.6139750477537969,0.0,0.38602495224620315,0.0,0.0,1.0
-120.447537144198,39.3171647457818,1881.439697265625,snow,snow,0.7824350700298415,0.0,0.21756492997015847,1.0,0.0,0.0
-119.781035835022,39.5367790223639,1359.821044921875,rain,rain,0.0615162941017266,0.0,0.9384837058982735,0.0,0.0,1.0
-119.9666794,39.2520957,2016.028076171875,snow,snow,0.9998625773626924,0.0,0.0001374226373075629,1.0,0.0,0.0
-119.950324085368,39.5248055853836,1538.666748046875,rain,rain,0.19796201256829016,0.0,0.8020379874317098,0.0,0.0,1.0
-120.4687429,39.8056739,1484.389892578125,rain,rain,0.38256306238760446,0.0,0.6174369376123956,0.0,0.0,1.0
-120.711235408099,38.7306993145629,794.8796997070312,rain,rain,0.3365232612901807,0.0,0.6634767387098193,0.0,0.0,1.0
-119.8693048,39.6023959,1591.5308837890625,rain,rain,0.06195560432947116,0.0,0.9380443956705289,0.0,0.0,1.0
-120.9688175,38.6639133,416.0556945800781,rain,rain,0.2055197969852427,0.0,0.7944802030147573,0.0,0.0,1.0
-119.9640246,39.2519086,2016.028076171875,snow,snow,0.9999163487418685,0.0,8.365125813151095e-05,1.0,0.0,0.0
-119.99746480472,38.8523869631608,1980.7945556640625,snow,snow,0.86023959054547,0.0,0.13976040945453008,1.0,0.0,0.0
-119.831914744165,39.5577377932243,1477.43408203125,rain,rain,0.043975408118004204,0.0,0.9560245918819958,0.0,0.0,1.0
-120.966710535457,39.2608283544363,928.4439086914062,rain,snow,0.6315986391253454,0.0,0.3684013608746545,0.0,0.0,1.0
-120.002885516614,39.2335270734514,2043.0731201171875,snow,snow,0.9609830591508733,0.03540452875620033,0.0036124120929262845,1.0,0.0,0.0
-119.9610992,39.2539587,2003.246337890625,snow,snow,0.9985101686323071,0.0013077166617753938,0.00018211470591750748,1.0,0.0,0.0
-119.733851855099,39.5794927880271,1362.42431640625,rain,rain,0.23378340816915585,0.09263729624371038,0.6735792955871338,0.0,0.0,1.0
-120.177467577271,39.3361191172519,1818.37109375,mix,mix,0.4903783094958059,0.5071865255959108,0.002435164908283287,0.0,1.0,0.0
-120.209311820931,39.3260262242606,1842.712646484375,snow,mix,0.07890217104372707,0.9176584771994298,0.0034393517568431994,1.0,0.0,0.0
-120.0977015,39.2027038,1929.392578125,snow,snow,0.8942360851841787,0.0995337190826259,0.006230195733195342,1.0,0.0,0.0
-120.143759766669,39.1678820555142,1916.4578857421875,snow,snow,0.8963732669356221,0.09694257246928135,0.006684160595096525,1.0,0.0,0.0
-120.9688137,38.6639168,416.0556945800781,rain,snow,0.6199033668831518,0.23225672486370796,0.14783990825314025,0.0,0.0,1.0
-120.269096041348,38.0564083308999,1192.9775390625,rain,snow,0.6681677698909749,0.09647903486454697,0.23535319524447817,0.0,0.0,1.0
-120.162949684593,39.3581800517173,1793.0777587890625,mix,mix,0.262611567215844,0.7333449366998828,0.0040434960842732496,0.0,1.0,0.0
-119.9667812,39.2520041,2016.028076171875,snow,snow,0.9984809137981513,0.0013407346557225927,0.00017835154612609128,1.0,0.0,0.0
-119.8693048,39.6023959,1591.5308837890625,rain,rain,0.25081049938643946,0.12184662333521029,0.6273428772783503,0.0,0.0,1.0
-120.950818338606,39.9369725557175,1042.9046630859375,rain,snow,0.4683055609682973,0.29641174870417475,0.23528269032752802,0.0,0.0,1.0
-120.689659572431,38.6953663515164,809.8617553710938,mix,rain,0.4042059625918419,0.04442053249422477,0.5513735049139334,0.0,1.0,0.0
-120.162949684593,39.3581800517173,1793.0777587890625,mix,snow,0.9403007434901083,0.0,0.05969925650989179,0.0,1.0,0.0
-120.0079674,38.9238043,1905.078125,snow,snow,0.9955465176674249,0.004453482332575127,0.0,1.0,0.0,0.0
-119.981519250933,38.9389371630014,1906.83544921875,snow,snow,0.9953690611392405,0.002989736140261564,0.00164120272049803,1.0,0.0,0.0
-120.067145984953,39.2489247254055,2091.598876953125,snow,snow,0.9895949361163014,0.008930090300876737,0.001474973582821856,1.0,0.0,0.0
-120.9688118,38.663916,416.0556945800781,rain,mix,0.28416744019150175,0.7158325598084982,0.0,0.0,0.0,1.0
-120.1373622,39.172793,1899.986328125,snow,snow,0.9071394695007926,0.0775246373706814,0.015335893128526004,1.0,0.0,0.0
-120.070632946098,39.2378580110945,1922.7923583984375,snow,snow,0.9906340213904095,0.007983649745876578,0.0013823288637140128,1.0,0.0,0.0
-119.9667812,39.2520041,2016.028076171875,snow,snow,0.903034159954926,0.06878744467695026,0.02817839536812368,1.0,0.0,0.0
-119.997462571253,38.8523917402317,1980.7945556640625,snow,snow,0.9810533649364453,0.018946635063554627,0.0,1.0,0.0,0.0
-119.848900021689,39.5268801656766,1417.013427734375,rain,snow,0.7920505139955347,0.20794948600446528,0.0,0.0,0.0,1.0
-119.867522262187,39.5215831990558,1484.758056640625,rain,rain,0.06292262829123356,0.08224147972186296,0.8548358919869035,0.0,0.0,1.0
-119.90586180091,39.5134788175177,1471.944091796875,rain,rain,0.06790890425992438,0.08453528494685765,0.847555810793218,0.0,0.0,1.0
-120.9688102,38.6639049,416.0556945800781,rain,snow,0.47681309152564066,0.40162326065326165,0.12156364782109758,0.0,0.0,1.0
-120.206017680578,39.3270115089038,1842.712646484375,snow,mix,0.0,0.9766470677998369,0.023352932200163073,1.0,0.0,0.0
-120.163028462257,39.3581603167644,1793.0777587890625,mix,rain,1.977908870866395e-06,2.1658579092631132e-05,0.9999763635120364,0.0,1.0,0.0
-119.86924,39.6023259,1591.5308837890625,rain,rain,0.11912705488678647,0.1422685159782396,0.7386044291349739,0.0,0.0,1.0
-120.184803335975,39.3279781287159,1781.1376953125,mix,rain,0.0846566812891085,0.10200896231561646,0.8133343563952751,0.0,1.0,0.0
-120.049680580687,39.3705275170393,1791.199462890625,rain,rain,0.0,0.038240117237550914,0.9617598827624491,0.0,0.0,1.0
-120.074981475063,39.3809913219732,1740.096435546875,rain,rain,0.0,0.026288068607623408,0.9737119313923767,0.0,0.0,1.0
-120.093456352925,39.3832223533407,1713.5369873046875,rain,rain,0.0,0.024347568799036247,0.9756524312009638,0.0,0.0,1.0
-120.104077633876,39.3767125636992,1731.608642578125,rain,rain,0.0,0.033078678432776266,0.9669213215672238,0.0,0.0,1.0
-120.115071716085,39.3681213862041,1731.5933837890625,rain,rain,0.0,0.07999035827126218,0.9200096417287378,0.0,0.0,1.0
-120.12394038734,39.3634768778462,1762.62060546875,rain,rain,0.0,0.19284337048462172,0.8071566295153783,0.0,0.0,1.0
-120.142572457397,39.3580379125641,1779.95556640625,mix,rain,0.0,0.2686333008530003,0.7313666991469997,0.0,1.0,0.0
-119.8195613,39.3829169,1719.46435546875,mix,mix,0.3982521835292595,0.5478494025898346,0.05389841388090583,0.0,1.0,0.0
-120.100212923451,39.3565357552644,1798.48291015625,rain,rain,0.0,0.07166499620116175,0.9283350037988383,0.0,0.0,1.0
-119.8517149,39.3612092,1825.638427734375,mix,snow,0.6043105874044319,0.3790856409771901,0.016603771618378005,0.0,1.0,0.0
-120.191525371931,39.3266953432775,1810.587158203125,rain,mix,0.15819206945396125,0.8193549393844983,0.022452991161540523,0.0,0.0,1.0
-119.8511781,39.3386104,1978.5189208984375,mix,snow,0.9312059436157605,0.06577655588169097,0.003017500502548527,0.0,1.0,0.0
-119.8591803,39.3392162,2080.765380859375,snow,snow,0.7440549524586221,0.2546368962758383,0.0013081512655396899,1.0,0.0,0.0
-119.8616936,39.3393279,2208.241455078125,snow,snow,0.9382129904999396,0.061048558930960985,0.0007384505690994948,1.0,0.0,0.0
-120.208032457644,39.3264111970388,1842.712646484375,mix,snow,0.9712698515441945,0.01017911484282501,0.018551033612980477,0.0,1.0,0.0
-119.8655747,39.3403414,2208.241455078125,snow,snow,0.9460973097313108,0.05301155631762633,0.0008911339510629488,1.0,0.0,0.0
-120.162949684593,39.3581800517173,1793.0777587890625,rain,mix,1.972884145298315e-06,0.9999880998897249,9.927226129737467e-06,0.0,0.0,1.0
-120.070632946098,39.2378580110945,1922.7923583984375,snow,snow,0.8670023207953961,0.054777212821218745,0.07822046638338515,1.0,0.0,0.0
-120.1620084,39.1387745,1920.8233642578125,mix,snow,0.737533694519711,0.1742334886661568,0.08823281681413234,0.0,1.0,0.0
-120.104077636361,39.2862018655911,1916.47802734375,snow,snow,0.8469402987259577,0.06044286344946073,0.09261683782458166,1.0,0.0,0.0
-120.094284977653,39.271200378287,2018.91845703125,snow,snow,0.9299079328802898,0.027556490067142145,0.042535577052567976,1.0,0.0,0.0
-120.075355924665,39.2673012631443,2178.452392578125,snow,snow,0.924807262238716,0.028266277556299717,0.04692646020498426,1.0,0.0,0.0
-120.2505811,39.3711449,2037.4736328125,snow,snow,0.36648499825601594,0.3615482567228892,0.2719667450210948,1.0,0.0,0.0
-120.689659572431,38.6953663515164,809.8617553710938,rain,snow,0.489941426909531,0.2832469236035503,0.22681164948691865,0.0,0.0,1.0
-120.447700333889,39.3172324460453,1881.439697265625,mix,snow,0.9999430111028247,0.0,5.698889717527937e-05,0.0,1.0,0.0
-120.070632946098,39.2378580110945,1922.7923583984375,rain,snow,0.7471467308963864,0.21535686714214594,0.03749640196146771,0.0,0.0,1.0
-120.447109993263,39.3192585378947,1881.439697265625,snow,mix,0.00016589599733594676,0.9997772072630972,5.689673956687872e-05,1.0,0.0,0.0
-120.0314017,39.2379683,1900.6717529296875,rain,rain,0.00431942770601871,0.21135989630143603,0.7843206759925453,0.0,0.0,1.0
-120.4687429,39.8056739,1484.389892578125,rain,rain,0.04745424632702022,0.02540579902903295,0.9271399546439469,0.0,0.0,1.0
-120.31586089722,39.8175279245106,1494.4031982421875,rain,rain,0.048506159001643116,0.027213994072274282,0.9242798469260827,0.0,0.0,1.0
-120.162949684593,39.3581800517173,1793.0777587890625,rain,snow,0.4592370230300967,0.12775274435492628,0.41301023261497705,0.0,0.0,1.0
-120.0523526,39.2403244,1898.632080078125,rain,rain,0.0031631752006540353,0.49002600400960905,0.5068108207897369,0.0,0.0,1.0
-120.44728221383,39.3170911912241,1881.439697265625,rain,rain,0.3079244958904512,0.08815271506811011,0.6039227890414387,0.0,0.0,1.0
-120.1446764,39.1707019,1916.4578857421875,rain,rain,0.02205606815500968,0.10540870744943732,0.872535224395553,0.0,0.0,1.0
-120.2505367,39.3711406,2037.4736328125,snow,rain,0.0,0.07527539992950728,0.9247246000704927,1.0,0.0,0.0
-119.950324085368,39.5248055853836,1538.666748046875,rain,rain,0.07133099733754139,0.065884933830078,0.8627840688323807,0.0,0.0,1.0
-119.8693164,39.6024213,1591.5308837890625,rain,rain,0.04827674250601973,0.045801086222843575,0.9059221712711367,0.0,0.0,1.0
-120.067340135279,39.2492451523682,2091.598876953125,mix,rain,0.0055624925214208054,0.0,0.9944375074785792,0.0,1.0,0.0
-120.1943815,39.1814967,2035.025634765625,rain,rain,0.030007427443853943,0.07914279932787681,0.8908497732282692,0.0,0.0,1.0
-120.139364935759,39.2405855594339,2503.95361328125,snow,mix,0.40632462273486014,0.4214226949904376,0.17225268227470222,1.0,0.0,0.0
-120.2946874,39.3216625,1823.2083740234375,rain,mix,0.35369284543522683,0.6460622929365863,0.0002448616281867924,0.0,0.0,1.0
-120.3141702,39.3208482,1943.2640380859375,mix,mix,0.15325211297418387,0.8330626522068175,0.013685234818998691,0.0,1.0,0.0
-120.3127862,39.3190535,1943.2640380859375,mix,mix,0.1411041260214195,0.8435155906658784,0.01538028331270215,0.0,1.0,0.0
-120.3178647,39.3172793,2115.139404296875,mix,snow,0.9459049658207412,0.050833976555812226,0.0032610576234465656,0.0,1.0,0.0
-120.3201849,39.3175528,2115.139404296875,snow,snow,0.749142118929217,0.24939430215199615,0.001463578918786883,1.0,0.0,0.0
-120.3197595,39.3186516,2115.139404296875,snow,snow,0.8305284986417951,0.1682549739862039,0.0012165273720010888,1.0,0.0,0.0
-120.3208981,39.3195748,2115.139404296875,snow,snow,0.8731375736415828,0.12489300547629884,0.0019694208821183063,1.0,0.0,0.0
-120.31586089722,39.8175279245106,1494.4031982421875,rain,snow,0.4797128560052823,0.38922055847706655,0.13106658551765119,0.0,0.0,1.0
-120.3360906,39.3147907,2111.19970703125,snow,rain,0.4738695865862822,0.0,0.5261304134137179,1.0,0.0,0.0
-120.3888542,39.3250974,2093.628662109375,snow,rain,0.1918647173292049,0.0,0.808135282670795,1.0,0.0,0.0
-120.4264503,39.3201137,1898.788818359375,rain,rain,0.06376583656833403,0.0,0.936234163431666,0.0,0.0,1.0
-120.4352594,39.3167686,1870.712890625,rain,rain,0.041615311887575265,0.0,0.9583846881124247,0.0,0.0,1.0
-120.46257,39.31612,1873.0675048828125,rain,rain,0.06642840082310784,0.0,0.9335715991768921,0.0,0.0,1.0
-120.4934936,39.3122365,1835.4298095703125,rain,rain,0.04054331468300925,0.03708802829652936,0.9223686570204614,0.0,0.0,1.0
-120.5571404,39.3168278,1722.9912109375,rain,rain,0.0,0.18180335042219115,0.8181966495778088,0.0,0.0,1.0
-120.5728534,39.3284042,1702.49609375,rain,rain,0.0,0.2547655921986528,0.7452344078013473,0.0,0.0,1.0
-120.5994268,39.3261204,1662.05615234375,rain,mix,0.0,0.7605861967071974,0.2394138032928026,0.0,0.0,1.0
-120.6040253,39.3228446,1739.359375,mix,rain,0.0,0.16149403538457607,0.8385059646154239,0.0,1.0,0.0
-120.6134633,39.317729,1700.3870849609375,mix,rain,0.0,0.12224433305419379,0.8777556669458062,0.0,1.0,0.0
-120.6108205,39.3202177,1739.359375,rain,mix,0.0,0.9151704621047374,0.08482953789526265,0.0,0.0,1.0
-119.8030848,39.5739136,1488.3441162109375,rain,rain,0.3135784787434321,0.0,0.6864215212565679,0.0,0.0,1.0
-120.5192835,39.3046829,1788.2227783203125,rain,rain,0.0443309555198426,0.16716593942468796,0.7885031050554695,0.0,0.0,1.0
-120.4897653,39.3122859,1831.4783935546875,rain,rain,0.05404652369263826,0.22367030924817285,0.7222831670591889,0.0,0.0,1.0
-120.2239718,38.0188487,1123.33447265625,rain,rain,0.1142533145102034,0.0,0.8857466854897966,0.0,0.0,1.0
-119.8030848,39.5739136,1488.3441162109375,mix,mix,2.705099802396053e-05,0.9751203803458165,0.02485256865615954,0.0,1.0,0.0
-120.4510478,39.314834,1881.439697265625,rain,mix,0.11556556588053944,0.6301018337915751,0.2543326003278854,0.0,0.0,1.0
-119.960334777823,38.9471663377875,1901.676513671875,rain,rain,0.1529190093970184,0.0,0.8470809906029817,0.0,0.0,1.0
-120.4191925,39.3251463,1926.167236328125,mix,mix,0.00674549071352259,0.990919030878358,0.002335478408119414,0.0,1.0,0.0
-120.4177374,39.3252795,1926.167236328125,mix,mix,0.0077864707451672545,0.9900623717674092,0.0021511574874234886,0.0,1.0,0.0
-120.4109657,39.324454,1935.78955078125,mix,mix,0.22193672580395715,0.7607317699620784,0.0173315042339645,0.0,1.0,0.0
-120.4028184,39.3233548,2048.87890625,snow,mix,0.0,0.966359317639751,0.03364068236024902,1.0,0.0,0.0
-119.9964358945,38.8704571824988,1950.8565673828125,rain,rain,0.1830985078310274,0.0,0.8169014921689727,0.0,0.0,1.0
-119.7945329,39.5550989,1371.316650390625,rain,mix,0.0004900491097009278,0.7544642836970683,0.24504566719323082,0.0,0.0,1.0
-119.8009621,39.5716655,1488.3441162109375,mix,mix,2.684519494627669e-05,0.9691505976084065,0.030822557196647272,0.0,1.0,0.0
-120.7826468,38.511257,515.516845703125,rain,rain,0.114358986605385,0.0,0.885641013394615,0.0,0.0,1.0
-120.31586089722,39.8175279245106,1494.4031982421875,rain,mix,0.11117092484350079,0.4774658499193984,0.4113632252371008,0.0,0.0,1.0
-119.950324085368,39.5248055853836,1538.666748046875,rain,rain,0.018979383451795635,0.4022217068691241,0.5787989096790802,0.0,0.0,1.0
-119.9667927,39.2519825,2016.028076171875,rain,rain,0.0850989392561319,0.0,0.9149010607438681,0.0,0.0,1.0
-119.8198642,39.5411583,1401.09716796875,rain,rain,0.0011293547531317615,0.47467194977762617,0.524198695469242,0.0,0.0,1.0
-120.0079484,38.9237961,1905.078125,rain,rain,0.10017465411607977,0.0,0.8998253458839203,0.0,0.0,1.0
-120.143745829658,39.1678981657053,1916.4578857421875,rain,rain,0.11004597816262264,0.3078660874967292,0.5820879343406482,0.0,0.0,1.0
-119.979782654977,38.9400354608151,1908.990234375,rain,rain,0.08872758916486059,0.0,0.9112724108351394,0.0,0.0,1.0
-119.687781882777,38.9157295336496,1515.9644775390625,rain,rain,0.23676381012043543,0.0,0.7632361898795645,0.0,0.0,1.0
-119.930173122814,38.927882064852,2441.67236328125,snow,rain,0.001992529622569655,0.0,0.9980074703774303,1.0,0.0,0.0
-120.007108071793,39.2258559857924,1943.2259521484375,rain,rain,0.0,0.0,1.0,0.0,0.0,1.0
-119.961531406804,39.2518668647939,2003.246337890625,rain,rain,0.0,0.0,1.0,0.0,0.0,1.0
-119.87785258853,39.6477484277172,1522.3125,rain,rain,0.0,0.022568587183324544,0.9774314128166756,0.0,0.0,1.0
-119.682293337474,38.9171047967588,1535.7108154296875,rain,rain,0.03400947073088151,0.0,0.9659905292691185,0.0,0.0,1.0
-119.892326536393,38.9799028778051,2223.889892578125,rain,rain,0.04593445252331535,0.0,0.9540655474766847,0.0,0.0,1.0
-119.947009618365,38.9609214434766,1902.406005859375,rain,rain,0.034655496792025134,0.0,0.9653445032079749,0.0,0.0,1.0
-119.881970921024,39.6317483671059,1531.1673583984375,rain,rain,0.0,0.023681392311407472,0.9763186076885925,0.0,0.0,1.0
-120.100212923451,39.3565357552644,1798.48291015625,rain,rain,0.0,0.0,1.0,0.0,0.0,1.0
-119.942002112438,38.9354407157492,2027.0845947265625,rain,rain,0.05385027738083441,0.0,0.9461497226191656,0.0,0.0,1.0
-120.201100308057,39.3268427393091,1856.01611328125,rain,rain,0.0,0.261200961052071,0.738799038947929,0.0,0.0,1.0
-119.8030848,39.5739136,1488.3441162109375,mix,rain,0.0,0.0,1.0,0.0,1.0,0.0
-119.8323116,39.4790513,1471.4849853515625,rain,rain,0.0,0.0,1.0,0.0,0.0,1.0
-119.747262396939,38.9400693424617,1449.3260498046875,rain,rain,0.03996160284736019,0.0,0.9600383971526398,0.0,0.0,1.0
-119.9808234,39.5169961,1517.4693603515625,rain,rain,0.0,0.0,1.0,0.0,0.0,1.0
-119.807039185089,39.4909069230216,1374.2261962890625,rain,rain,0.0,0.0,1.0,0.0,0.0,1.0
-119.825162825292,39.5534056323717,1430.3018798828125,rain,rain,0.0,0.13524041213388924,0.8647595878661107,0.0,0.0,1.0
-119.8693164,39.6024213,1591.5308837890625,rain,rain,0.0,0.0443008327500195,0.9556991672499805,0.0,0.0,1.0
-119.849691368281,39.5471892641204,1508.86083984375,rain,rain,0.0,0.0,1.0,0.0,0.0,1.0
-120.418871,39.3253071,1926.167236328125,mix,mix,0.0,0.9979046669257825,0.002095333074217532,0.0,1.0,0.0
-119.79661731647,39.4190324680829,1507.8775634765625,rain,rain,0.0,0.0,1.0,0.0,0.0,1.0
-119.857015370244,39.5422106492274,1495.9249267578125,rain,rain,0.0,0.0,1.0,0.0,0.0,1.0
-120.4247761,39.32377,1987.0711669921875,mix,mix,0.0,0.9984850731406691,0.00151492685933088,0.0,1.0,0.0
-119.863333981831,39.5383773766998,1517.0517578125,rain,rain,0.0,0.0,1.0,0.0,0.0,1.0
-120.4303547,39.320311,1898.788818359375,mix,mix,0.0,0.9974123880048041,0.0025876119951958976,0.0,1.0,0.0
-119.864665045964,39.5361530726153,1486.790283203125,rain,rain,0.0,0.0,1.0,0.0,0.0,1.0
-119.864466715492,39.5329788991005,1486.790283203125,rain,rain,0.0,0.0,1.0,0.0,0.0,1.0
-119.997462571253,38.8523917402317,1980.7945556640625,snow,rain,0.0,0.0,1.0,1.0,0.0,0.0
-119.864130192766,39.5273682673472,1484.758056640625,rain,rain,0.0,0.0,1.0,0.0,0.0,1.0
-119.866326792529,39.5247079584485,1484.758056640625,rain,rain,0.0,0.0,1.0,0.0,0.0,1.0
-119.870400199875,39.5243740026263,1486.023193359375,rain,rain,0.0,0.0,1.0,0.0,0.0,1.0
-119.996435895058,38.870457185599,1950.8565673828125,rain,snow,0.8890076500034648,0.0,0.11099234999653505,0.0,0.0,1.0
-119.745105709992,39.1745131323479,1414.525390625,rain,rain,0.0,0.0,1.0,0.0,0.0,1.0
-119.8487388,39.5978123,1597.0430908203125,rain,rain,0.0,0.0842038804565347,0.9157961195434653,0.0,0.0,1.0
-119.7468343,39.4250655,1368.7227783203125,rain,rain,0.0,0.0,1.0,0.0,0.0,1.0
-120.4687429,39.8056739,1484.389892578125,rain,rain,0.0,0.1269035695543039,0.8730964304456961,0.0,0.0,1.0
-120.9688265,38.6639183,416.0556945800781,rain,rain,0.13039037494666797,0.3906013838076852,0.47900824124564684,0.0,0.0,1.0
-120.083911282832,39.2279065347846,1958.6190185546875,rain,rain,0.0,0.0408570866591647,0.9591429133408352,0.0,0.0,1.0
-119.7986027,39.5453487,1368.157958984375,rain,rain,0.0,0.20442195872531055,0.7955780412746896,0.0,0.0,1.0
-120.166517314833,39.1421101387736,1993.328857421875,rain,rain,0.0,0.05518045677457936,0.9448195432254206,0.0,0.0,1.0
-120.31586089722,39.8175279245106,1494.4031982421875,rain,rain,0.0,0.0,1.0,0.0,0.0,1.0
-120.2239718,38.0188487,1123.33447265625,rain,rain,0.14894439857959257,0.0,0.8510556014204074,0.0,0.0,1.0
-119.929913918116,39.5227698940189,1500.779541015625,rain,rain,0.0,0.0,1.0,0.0,0.0,1.0
-119.8643369,39.6412624,1511.9696044921875,rain,rain,0.0,0.0,1.0,0.0,0.0,1.0
-119.9667092,39.2520635,2016.028076171875,rain,rain,0.0,0.0,1.0,0.0,0.0,1.0
-119.8692452,39.6023435,1591.5308837890625,rain,rain,0.0,0.0,1.0,0.0,0.0,1.0
-119.7699189,39.144792,1450.9697265625,rain,rain,0.0,0.0,1.0,0.0,0.0,1.0
-119.8707304,39.5249731,1486.023193359375,rain,rain,0.0,0.0,1.0,0.0,0.0,1.0
-120.2437593,39.6785586,1505.601806640625,rain,rain,0.0,0.0,1.0,0.0,0.0,1.0
-120.4687429,39.8056739,1484.389892578125,rain,rain,0.0,0.0,1.0,0.0,0.0,1.0
-120.9688107,38.6639172,416.0556945800781,rain,rain,0.0,0.0,1.0,0.0,0.0,1.0
-119.8708408,39.5248684,1486.023193359375,rain,rain,0.0,0.0,1.0,0.0,0.0,1.0
-119.966774,39.2520025,2016.028076171875,rain,rain,0.0,0.0,1.0,0.0,0.0,1.0
-119.687781882777,38.9157295336496,1515.9644775390625,rain,rain,0.0,0.0,1.0,0.0,0.0,1.0
-119.7468343,39.4250655,1368.7227783203125,rain,rain,0.0,0.0,1.0,0.0,0.0,1.0
-120.447537943196,39.3172627065043,1881.439697265625,rain,rain,0.0,0.0,1.0,0.0,0.0,1.0
-119.961531406804,39.2518668647939,2003.246337890625,rain,rain,0.0,0.0,1.0,0.0,0.0,1.0
-120.070632946098,39.2378580110945,1922.7923583984375,rain,rain,0.0,0.0,1.0,0.0,0.0,1.0
-119.709419264245,39.5455722514004,1341.52783203125,rain,rain,0.0,0.027245235699705588,0.9727547643002944,0.0,0.0,1.0
-119.966774,39.2520025,2016.028076171875,rain,mix,0.0,0.690205268557696,0.30979473144230396,0.0,0.0,1.0
-119.894834976187,37.4389117427303,611.9118041992188,rain,rain,0.0,0.09861966301432684,0.9013803369856732,0.0,0.0,1.0
-119.682351336069,38.917107925789,1535.7108154296875,rain,rain,0.0,0.00010467398715220533,0.9998953260128478,0.0,0.0,1.0
-120.070632946098,39.2378580110945,1922.7923583984375,mix,rain,0.0,0.0,1.0,0.0,1.0,0.0
-119.687781882777,38.9157295336496,1515.9644775390625,rain,rain,0.0,0.00010555765210699963,0.999894442347893,0.0,0.0,1.0
-119.947009618365,38.9609214434766,1902.406005859375,rain,rain,0.0,0.06420945227557012,0.9357905477244299,0.0,0.0,1.0
-119.8693226,39.6023481,1591.5308837890625,rain,rain,0.0,0.0063087302047039225,0.9936912697952961,0.0,0.0,1.0
-120.9688075,38.6639193,416.0556945800781,rain,rain,0.0,0.14307243351274979,0.8569275664872502,0.0,0.0,1.0
-119.996431492376,38.8704563170524,1950.8565673828125,rain,rain,0.0,0.04618413634197075,0.9538158636580293,0.0,0.0,1.0
-119.8708725,39.524831,1486.023193359375,rain,rain,0.0,0.011202370308704806,0.9887976296912951,0.0,0.0,1.0
-119.927933096515,39.5207716861048,1500.779541015625,rain,rain,0.0,0.014490445308246577,0.9855095546917534,0.0,0.0,1.0
-119.8644396,39.6411549,1511.9696044921875,rain,rain,0.0,0.006278380833436477,0.9937216191665634,0.0,0.0,1.0
-120.4687429,39.8056739,1484.389892578125,rain,rain,0.0,0.0,1.0,0.0,0.0,1.0
-119.996431492139,38.8704563157861,1950.8565673828125,rain,rain,0.0,0.461713006868861,0.538286993131139,0.0,0.0,1.0
-119.997462571253,38.8523917402317,1980.7945556640625,mix,rain,0.0,0.0,1.0,0.0,1.0,0.0
-120.2239721,38.0188529,1123.33447265625,rain,rain,0.0,0.1496520395130485,0.8503479604869515,0.0,0.0,1.0
-119.70936820059,39.5456413834889,1341.52783203125,rain,rain,0.0,0.0,1.0,0.0,0.0,1.0
-119.7657209,39.1497956,1420.0274658203125,rain,rain,0.0,0.0,1.0,0.0,0.0,1.0
-119.749510727309,38.9503626553487,1446.9903564453125,rain,rain,0.0,0.07235554843148304,0.927644451568517,0.0,0.0,1.0
-119.8486314,39.5976897,1597.0430908203125,rain,rain,0.0,0.0,1.0,0.0,0.0,1.0
-120.083916138219,39.227904949492,1958.6190185546875,rain,rain,0.0,0.0014049457079101325,0.99859505429209,0.0,0.0,1.0
-119.989577172969,38.8870555317511,1952.5621337890625,rain,rain,0.0,0.17842665203866864,0.8215733479613314,0.0,0.0,1.0
-119.980798404947,38.9396262821975,1908.990234375,rain,rain,0.0,0.16674735997434473,0.8332526400256552,0.0,0.0,1.0
-120.9688175,38.6639107,416.0556945800781,rain,rain,0.0,0.14670621979252546,0.8532937802074746,0.0,0.0,1.0
-119.7514551,39.1816862,1429.7259521484375,rain,rain,0.0,0.0,1.0,0.0,0.0,1.0
-119.6837837,38.8836244,1527.037353515625,rain,rain,0.0,0.0685670962302052,0.9314329037697948,0.0,0.0,1.0
-120.070632946098,39.2378580110945,1922.7923583984375,rain,rain,0.0,0.0013467085888604958,0.9986532914111395,0.0,0.0,1.0
-119.8644076,39.6411851,1511.9696044921875,rain,rain,0.0,0.0,1.0,0.0,0.0,1.0
-120.0079515,38.9238097,1905.078125,rain,snow,0.6358195187645213,0.0,0.36418048123547886,0.0,0.0,1.0
-119.892326536393,38.9799028778051,2223.889892578125,snow,rain,0.0,0.0,1.0,1.0,0.0,0.0
-119.682293503824,38.9171045887459,1535.7108154296875,rain,rain,0.000659708745963357,0.0,0.9993402912540367,0.0,0.0,1.0
-120.4687429,39.8056739,1484.389892578125,rain,rain,0.06985814839653831,0.0,0.9301418516034616,0.0,0.0,1.0
-119.822789538015,39.4175926852806,1609.224365234375,rain,rain,0.049987070665405996,0.0,0.9500129293345939,0.0,0.0,1.0
-119.966774,39.2520025,2016.028076171875,rain,rain,0.16726226126764432,0.0,0.8327377387323558,0.0,0.0,1.0
-119.8486206,39.5976541,1597.0430908203125,rain,rain,0.000717589773777586,0.0,0.9992824102262224,0.0,0.0,1.0
-120.9688001,38.6639133,416.0556945800781,rain,rain,0.15888325932536487,0.0,0.8411167406746352,0.0,0.0,1.0
-119.687781882777,38.9157295336496,1515.9644775390625,rain,rain,0.0006853152732780294,0.0,0.999314684726722,0.0,0.0,1.0
-119.8693133,39.6024109,1591.5308837890625,rain,rain,0.000708632248057847,0.0,0.9992913677519422,0.0,0.0,1.0
-119.997417052687,38.8523224883828,1980.7945556640625,rain,rain,0.0,0.013617167369127917,0.9863828326308721,0.0,0.0,1.0
-119.780529717811,39.4735852020323,1354.235107421875,rain,rain,0.0,0.015918619592144412,0.9840813804078555,0.0,0.0,1.0
-120.100212923451,39.3565357552644,1798.48291015625,rain,rain,0.0,0.031451277475817135,0.9685487225241828,0.0,0.0,1.0
-119.682351336069,38.917107925789,1535.7108154296875,rain,rain,0.0,0.052018551357040935,0.9479814486429591,0.0,0.0,1.0
-119.733851673563,39.5794928561078,1362.42431640625,rain,rain,0.0,0.009816132016822226,0.9901838679831777,0.0,0.0,1.0
-120.9688076,38.6639093,416.0556945800781,rain,rain,0.0,0.2605160498351344,0.7394839501648657,0.0,0.0,1.0
-120.447537943196,39.3172627065043,1881.439697265625,mix,rain,0.0,0.04907751255199651,0.9509224874480036,0.0,1.0,0.0
-120.177034214324,39.3403820638638,1818.37109375,rain,rain,0.0,0.056018058389372044,0.943981941610628,0.0,0.0,1.0
-119.749523159831,38.9503483520398,1446.9903564453125,rain,rain,0.0,1.875554388361475e-08,0.9999999812444561,0.0,0.0,1.0
-119.996431492367,38.8704563170635,1950.8565673828125,rain,rain,0.0,0.01668627813222629,0.9833137218677737,0.0,0.0,1.0
-120.070632946098,39.2378580110945,1922.7923583984375,rain,rain,0.0,0.07123257830229354,0.9287674216977065,0.0,0.0,1.0
-119.831914353373,39.5577382864725,1477.43408203125,rain,rain,0.0,0.010959807662731438,0.9890401923372686,0.0,0.0,1.0
-119.947657854187,39.0024951706252,1926.93798828125,rain,mix,0.0,0.6459983696904429,0.3540016303095571,0.0,0.0,1.0
-119.892326536393,38.9799028778051,2223.889892578125,mix,rain,0.0,0.0,1.0,0.0,1.0,0.0
-119.961531406804,39.2518668647939,2003.246337890625,rain,rain,0.0,0.048388255047668964,0.9516117449523311,0.0,0.0,1.0
-120.2239721,38.0188529,1123.33447265625,rain,rain,0.0,0.111917270508933,0.888082729491067,0.0,0.0,1.0
-119.749535210239,38.9503616059585,1446.9903564453125,rain,rain,0.0,1.8759383508989307e-08,0.9999999812406165,0.0,0.0,1.0
-119.869363,39.6023492,1591.5308837890625,rain,rain,0.0,0.0,1.0,0.0,0.0,1.0
-119.947009618365,38.9609214434766,1902.406005859375,rain,rain,0.0,0.0,1.0,0.0,0.0,1.0
-120.162949684593,39.3581800517173,1793.0777587890625,rain,rain,0.0,0.0,1.0,0.0,0.0,1.0
-119.7529189,39.1815668,1429.7259521484375,rain,rain,0.0,0.0,1.0,0.0,0.0,1.0
-119.8485977,39.5976833,1597.0430908203125,rain,rain,0.0,0.0,1.0,0.0,0.0,1.0
-120.013288874883,38.9212047367639,1911.875244140625,rain,rain,0.0,0.0,1.0,0.0,0.0,1.0
-119.996431491838,38.8704563140952,1950.8565673828125,rain,rain,0.0,0.0,1.0,0.0,0.0,1.0
-119.826180905264,39.5151907899753,1390.4053955078125,rain,rain,0.0,0.0,1.0,0.0,0.0,1.0
-119.925291510302,39.8472289607647,1491.7423095703125,rain,rain,0.0,0.0,1.0,0.0,0.0,1.0
-119.989577182957,38.8870555631382,1952.5621337890625,rain,rain,0.0,0.0,1.0,0.0,0.0,1.0
-120.447537942386,39.3172627065378,1881.439697265625,snow,rain,0.49317582702460205,0.0,0.5068241729753981,1.0,0.0,0.0
-120.943085685666,39.1933303847314,718.4190673828125,rain,snow,0.5594953929008808,0.0,0.4405046070991193,0.0,0.0,1.0
-120.711234761613,38.7306967582934,794.8796997070312,rain,rain,0.30334365108636724,0.0,0.6966563489136328,0.0,0.0,1.0
-119.989341378576,38.886863784397,1952.5621337890625,snow,snow,0.9907418972467548,0.0,0.009258102753245198,1.0,0.0,0.0
-120.315859293111,39.8175364970017,1494.4031982421875,snow,rain,0.28287873858153006,0.0,0.71712126141847,1.0,0.0,0.0
-120.3697384,39.5838573,1511.8182373046875,rain,snow,0.8866284808048492,0.0,0.11337151919515082,0.0,0.0,1.0
-120.9688205,38.6639068,416.0556945800781,rain,rain,0.20857347963317208,0.0,0.791426520366828,0.0,0.0,1.0
-119.997462571253,38.8523917402317,1980.7945556640625,snow,snow,0.9906646828131324,0.0,0.00933531718686766,1.0,0.0,0.0
-120.148107,39.1671314,1916.4578857421875,snow,snow,0.7500667651409034,0.0,0.24993323485909644,1.0,0.0,0.0
-120.823955144002,39.5679416221678,999.898681640625,mix,rain,0.3224979155204842,0.1383765474027703,0.5391255370767456,0.0,1.0,0.0
-120.24575718604,39.3689695191111,2002.6611328125,snow,snow,1.0,0.0,0.0,1.0,0.0,0.0
-120.4257573,39.6473774,1499.6859130859375,rain,rain,0.02196301639682441,0.02387526404073615,0.9541617195624394,0.0,0.0,1.0
-120.447602140076,39.3171582735425,1881.439697265625,snow,snow,0.94195229693522,0.0,0.058047703064779965,1.0,0.0,0.0
-120.5579347,38.465934,943.916259765625,mix,rain,0.0858515078053777,0.08116689651876514,0.8329815956758572,0.0,1.0,0.0
-120.7826322,38.5112797,515.516845703125,rain,mix,0.0305178962876051,0.5157871840092687,0.45369491970312614,0.0,0.0,1.0
-120.141824964767,39.1740100896263,1916.4578857421875,snow,snow,1.0,0.0,0.0,1.0,0.0,0.0
-120.182640217357,39.3671153113613,1815.3370361328125,snow,snow,1.0,0.0,0.0,1.0,0.0,0.0
-120.175506335144,39.3532558411147,1832.049560546875,snow,snow,1.0,0.0,0.0,1.0,0.0,0.0
-120.966473527909,39.2607958261903,928.4439086914062,rain,snow,0.43937221630459716,0.2876428506296464,0.27298493306575644,0.0,0.0,1.0
-120.1839873,39.3280704,1781.1376953125,snow,snow,1.0,0.0,0.0,1.0,0.0,0.0
-120.9688261,38.6638893,416.0556945800781,rain,rain,0.1194728812900497,0.2095806597666332,0.6709464589433171,0.0,0.0,1.0
-120.162949684593,39.3581800517173,1793.0777587890625,snow,snow,1.0,0.0,0.0,1.0,0.0,0.0
-119.9522423,39.2715601,2182.246337890625,snow,snow,1.0,0.0,0.0,1.0,0.0,0.0
-120.4420642,39.6663852,1517.802490234375,rain,rain,0.019288080544727585,0.03004401706392399,0.9506679023913484,0.0,0.0,1.0
-120.2260232,37.8590559,849.531494140625,mix,rain,0.02384849928226175,0.043216522843815726,0.9329349778739225,0.0,1.0,0.0
-119.996448292262,38.8704568849659,1950.8565673828125,snow,mix,0.46982412488003933,0.5301758751199607,0.0,1.0,0.0,0.0
-120.2239794,38.018848,1123.33447265625,rain,rain,0.00551958963419057,0.10391966248760134,0.890560747878208,0.0,0.0,1.0
-120.070632946098,39.2378580110945,1922.7923583984375,snow,snow,1.0,0.0,0.0,1.0,0.0,0.0
-120.4690303,39.8056496,1484.389892578125,mix,rain,0.1767073008642359,0.06480270932629527,0.7584899898094688,0.0,1.0,0.0
-119.9668025,39.2519638,2016.028076171875,snow,snow,1.0,0.0,0.0,1.0,0.0,0.0
-119.947009618365,38.9609214434766,1902.406005859375,mix,snow,1.0,0.0,0.0,0.0,1.0,0.0
-120.269096041348,38.0564083308999,1192.9775390625,rain,rain,0.006044784932059291,0.07464564466092048,0.9193095704070203,0.0,0.0,1.0
-119.892326536393,38.9799028778051,2223.889892578125,snow,mix,0.20868098020322484,0.7913190197967752,0.0,1.0,0.0,0.0
-119.82371226134,39.4029518562655,1699.9962158203125,snow,snow,1.0,0.0,0.0,1.0,0.0,0.0
-119.810075367603,39.4115230193282,1603.588623046875,snow,snow,1.0,0.0,0.0,1.0,0.0,0.0
-120.007675690312,39.5274327330524,1521.617431640625,snow,snow,1.0,0.0,0.0,1.0,0.0,0.0
-119.997462571253,38.8523917402317,1980.7945556640625,snow,snow,1.0,0.0,0.0,1.0,0.0,0.0
-119.996448292276,38.8704568850411,1950.8565673828125,snow,snow,1.0,0.0,0.0,1.0,0.0,0.0
-119.870920144875,38.9750967449807,2201.280517578125,snow,snow,0.9158406243863252,0.0,0.08415937561367483,1.0,0.0,0.0
-119.947009618365,38.9609214434766,1902.406005859375,snow,snow,1.0,0.0,0.0,1.0,0.0,0.0
-119.961532319109,39.2518693879244,2003.246337890625,snow,snow,1.0,0.0,0.0,1.0,0.0,0.0
-119.9914308,39.2495804,1921.083251953125,snow,snow,1.0,0.0,0.0,1.0,0.0,0.0
-119.749510727309,38.9503626553487,1446.9903564453125,rain,rain,0.3383984614847086,0.0,0.6616015385152915,0.0,0.0,1.0
-120.067110394855,39.2487363326243,2091.598876953125,snow,snow,1.0,0.0,0.0,1.0,0.0,0.0
-120.000887901662,38.8672617099128,1948.97900390625,snow,snow,1.0,0.0,0.0,1.0,0.0,0.0
-119.969840153253,38.9454107627372,1899.37109375,snow,snow,1.0,0.0,0.0,1.0,0.0,0.0
-120.1426449,39.1760727,1991.058837890625,snow,snow,1.0,0.0,0.0,1.0,0.0,0.0
-120.9688212,38.6638904,416.0556945800781,rain,snow,1.0,0.0,0.0,0.0,0.0,1.0
-119.963179373708,38.9419848343085,1905.9434814453125,snow,snow,1.0,0.0,0.0,1.0,0.0,0.0
-120.3697446,39.5838682,1511.8182373046875,rain,snow,1.0,0.0,0.0,0.0,0.0,1.0
-119.9374336,39.0070272,1990.5372314453125,snow,snow,1.0,0.0,0.0,1.0,0.0,0.0
-119.807462079645,39.1962287365189,1641.729248046875,snow,snow,1.0,0.0,0.0,1.0,0.0,0.0
-119.980798404947,38.9396262821975,1908.990234375,snow,snow,1.0,0.0,0.0,1.0,0.0,0.0
-119.950324085368,39.5248055853836,1538.666748046875,snow,snow,1.0,0.0,0.0,1.0,0.0,0.0
-120.367241576245,37.9728329338184,621.4520263671875,rain,snow,0.8372204613779466,0.0,0.1627795386220534,0.0,0.0,1.0
-119.687771577841,38.9157487057897,1515.9644775390625,rain,rain,0.002923863658514538,0.0,0.9970761363414855,0.0,0.0,1.0
-120.013288874883,38.9212047367639,1911.875244140625,snow,snow,1.0,0.0,0.0,1.0,0.0,0.0
-119.8323066,39.4790582,1471.4849853515625,snow,snow,1.0,0.0,0.0,1.0,0.0,0.0
-119.682351283362,38.9171069711856,1535.7108154296875,rain,rain,0.0028213109832467926,0.0,0.9971786890167531,0.0,0.0,1.0
-119.8776361,39.6593325,1532.5301513671875,snow,snow,1.0,0.0,0.0,1.0,0.0,0.0
-119.795942338504,39.4190572592393,1477.6451416015625,snow,snow,1.0,0.0,0.0,1.0,0.0,0.0
-120.162949684593,39.3581800517173,1793.0777587890625,snow,snow,1.0,0.0,0.0,1.0,0.0,0.0
-120.070632946098,39.2378580110945,1922.7923583984375,snow,snow,1.0,0.0,0.0,1.0,0.0,0.0
-119.815110155228,39.505370746152,1390.510498046875,snow,snow,1.0,0.0,0.0,1.0,0.0,0.0
-120.269096041348,38.0564083308999,1192.9775390625,rain,rain,0.004053864838717419,0.030699490439044616,0.965246644722238,0.0,0.0,1.0
-120.162949684593,39.3581800517173,1793.0777587890625,snow,snow,0.9999988728543681,1.1271456319719271e-06,0.0,1.0,0.0,0.0
-120.80963721393,39.2088431553135,1104.9029541015625,rain,snow,0.6684484329334054,0.0,0.33155156706659467,0.0,0.0,1.0
-120.2539572,39.3635549,2042.4560546875,snow,snow,0.9999086647756555,6.116917477270512e-05,3.0166049571718816e-05,1.0,0.0,0.0
-120.028371762808,39.238989839913,1900.6717529296875,mix,snow,1.0,0.0,0.0,0.0,1.0,0.0
-119.7615595,39.1558922,1420.0274658203125,snow,snow,0.9816797169692261,0.010039683475725024,0.008280599555048831,1.0,0.0,0.0
-119.925291510302,39.8472289607647,1491.7423095703125,snow,snow,0.896640035537513,0.0,0.10335996446248708,1.0,0.0,0.0
-120.236473056124,38.0305484495254,1110.3455810546875,rain,rain,0.004254960221157867,0.03571849463061981,0.9600265451482223,0.0,0.0,1.0
-120.2077861,39.3253299,1842.712646484375,snow,snow,0.9780974980718669,0.021902501928133197,0.0,1.0,0.0,0.0
-120.497646783621,38.5046223777194,1265.690673828125,rain,rain,0.3076456904442441,0.12774937014892312,0.5646049394068329,0.0,0.0,1.0
-119.777922956049,39.3828349243722,1549.0029296875,snow,snow,0.9844825711595041,0.0,0.01551742884049594,1.0,0.0,0.0
-119.9667851,39.2519908,2016.028076171875,snow,snow,0.9999907807408017,9.219259198312435e-06,0.0,1.0,0.0,0.0
-119.750202198872,39.1853846434009,1433.7567138671875,snow,snow,0.9994393207085058,0.000560679291494158,0.0,1.0,0.0,0.0
-120.4257592,39.6473741,1499.6859130859375,rain,rain,0.004417164769442024,0.0,0.995582835230558,0.0,0.0,1.0
-119.810224504931,39.4118118903196,1603.588623046875,snow,snow,0.9632812818035871,0.0,0.036718718196412814,1.0,0.0,0.0
-120.254043806456,39.3618722213799,2042.4560546875,snow,snow,0.9999084357979117,6.16890596997827e-05,2.9875142388480036e-05,1.0,0.0,0.0
-119.807003285074,39.4908563624302,1374.2261962890625,snow,snow,0.8515868591231215,0.0,0.14841314087687849,1.0,0.0,0.0
-119.83236,39.479022,1471.4849853515625,snow,snow,0.927850621932029,0.0,0.07214937806797098,1.0,0.0,0.0
-119.834564343319,39.5222571747615,1390.502197265625,snow,snow,0.941235031709653,0.0,0.058764968290347,1.0,0.0,0.0
-119.7521067,39.1905625,1433.7567138671875,snow,snow,0.9994217814257946,0.0005782185742053654,0.0,1.0,0.0,0.0
-120.0209405,38.8534738,1926.832763671875,snow,snow,0.959409097675843,0.013230003055784631,0.02736089926837233,1.0,0.0,0.0
-119.8200426,39.5392569,1401.09716796875,snow,snow,0.9312453345280003,0.0,0.06875466547199977,1.0,0.0,0.0
-120.4690303,39.8056496,1484.389892578125,rain,rain,0.2641584972245216,0.0,0.7358415027754784,0.0,0.0,1.0
-119.7625558,39.4471235,1369.423095703125,snow,snow,0.8752586956077496,0.0,0.12474130439225042,1.0,0.0,0.0
-120.002638102839,38.9134411264249,1912.7034912109375,snow,snow,0.9969032504837089,0.0011250472225404864,0.001971702293750632,1.0,0.0,0.0
-120.352347494058,38.0360495445313,984.2950439453125,rain,rain,0.010499940342236008,0.04577834931137962,0.9437217103463844,0.0,0.0,1.0
-120.0079964,38.9237829,1905.078125,snow,snow,0.9968695929865877,0.001210729523169569,0.0019196774902426716,1.0,0.0,0.0
-119.7584954,39.5027056,1341.24169921875,rain,snow,1.0,0.0,0.0,0.0,0.0,1.0
-119.760984289138,39.4031773333269,1432.6331787109375,snow,snow,0.9974670944802342,0.0,0.0025329055197659193,1.0,0.0,0.0
-119.687784518401,38.9157201302168,1515.9644775390625,rain,snow,1.0,0.0,0.0,0.0,0.0,1.0
-120.0722841,38.1480864,1605.92138671875,mix,rain,0.059583806598681024,0.0,0.940416193401319,0.0,1.0,0.0
-119.75524998258,39.4005405186435,1411.604248046875,snow,snow,0.9975750420172356,0.0,0.0024249579827644733,1.0,0.0,0.0
-119.8487885,39.5978759,1597.0430908203125,snow,snow,0.9141733139770566,0.0,0.08582668602294348,1.0,0.0,0.0
-120.163004016616,39.358343062959,1793.0777587890625,snow,snow,0.9999988749872312,1.1250127687959551e-06,0.0,1.0,0.0,0.0
-119.7442203,39.560013,1356.5489501953125,snow,snow,0.7513107944636552,0.0,0.24868920553634485,1.0,0.0,0.0
-120.4276611,39.6379599,1506.239501953125,rain,rain,0.004586234047969456,0.0,0.9954137659520306,0.0,0.0,1.0
-119.9665916,39.2520058,2016.028076171875,snow,snow,0.999990835527268,9.164472732107373e-06,0.0,1.0,0.0,0.0
-120.9688314,38.6639019,416.0556945800781,rain,rain,0.2602044125784084,0.0,0.7397955874215917,0.0,0.0,1.0
-120.352347463153,38.0360495169798,984.2950439453125,rain,rain,0.16805404345976557,0.0,0.8319459565402345,0.0,0.0,1.0
-119.961532319109,39.2518693879244,2003.246337890625,snow,snow,0.9971247448494276,0.002546809078381923,0.0003284460721905114,1.0,0.0,0.0
-120.169893131467,38.0772915448246,1445.8310546875,rain,rain,0.2454671811590547,0.0,0.7545328188409454,0.0,0.0,1.0
-119.83082828323,39.3764835361238,1739.0556640625,snow,snow,0.5149128267446402,0.10460636326869753,0.3804808099866623,1.0,0.0,0.0
-119.733851510797,39.5794927469277,1362.42431640625,snow,snow,1.0,0.0,0.0,1.0,0.0,0.0
-119.826742348988,39.5153671239183,1390.4053955078125,snow,snow,1.0,0.0,0.0,1.0,0.0,0.0
-119.817412608223,39.5193087554018,1377.3780517578125,snow,snow,1.0,0.0,0.0,1.0,0.0,0.0
-120.101255524018,38.1301355363454,1672.2821044921875,rain,snow,0.7487408979822697,0.0,0.25125910201773033,0.0,0.0,1.0
-119.5070634,39.3128405,1324.5926513671875,snow,snow,0.5580662663683992,0.11823382581942185,0.323699907812179,1.0,0.0,0.0
-119.760984289138,39.4031773333269,1432.6331787109375,rain,rain,0.03024541751731602,0.10261938767931084,0.8671351948033731,0.0,0.0,1.0
-120.061000786406,38.1550887758718,1693.0677490234375,snow,rain,0.004980475289588457,0.0,0.9950195247104116,1.0,0.0,0.0
-120.162949684593,39.3581800517173,1793.0777587890625,mix,snow,0.8639218687572182,0.13607813124278176,0.0,0.0,1.0,0.0
-119.651261132593,39.3841835060381,1866.9971923828125,snow,rain,0.3001409926480102,0.20727842490060155,0.49258058245138836,1.0,0.0,0.0
-119.687784518401,38.9157201302168,1515.9644775390625,rain,rain,0.0014209221680559947,0.0,0.998579077831944,0.0,0.0,1.0
-119.7584954,39.5027056,1341.24169921875,snow,snow,0.9429815020316585,0.0,0.057018497968341485,1.0,0.0,0.0
-119.8201752,39.5392366,1401.09716796875,snow,snow,1.0,0.0,0.0,1.0,0.0,0.0
-119.755250096437,39.400540462243,1411.604248046875,rain,rain,0.02629532510871241,0.11033158563160844,0.8633730892596791,0.0,0.0,1.0
-119.7978804,39.4754838,1379.0013427734375,snow,snow,0.835638566964156,0.0,0.16436143303584397,1.0,0.0,0.0
-119.801115053671,39.5717962208425,1488.3441162109375,snow,snow,1.0,0.0,0.0,1.0,0.0,0.0
-119.743526899467,39.5859421745029,1414.6666259765625,snow,snow,1.0,0.0,0.0,1.0,0.0,0.0
-119.9665916,39.2520058,2016.028076171875,snow,snow,0.9969163343525796,0.002763474430112795,0.0003201912173075582,1.0,0.0,0.0
-119.74711908382,39.4135771931017,1378.6759033203125,mix,rain,0.0948122813394228,0.0,0.9051877186605772,0.0,1.0,0.0
-119.810224191006,39.4118119083873,1603.588623046875,snow,rain,0.36389957881951834,0.1346736422502192,0.5014267789302626,1.0,0.0,0.0
-120.9688301,38.6638956,416.0556945800781,rain,snow,0.6213725299603445,0.0,0.3786274700396555,0.0,0.0,1.0
-119.8487027,39.5977997,1597.0430908203125,snow,snow,1.0,0.0,0.0,1.0,0.0,0.0
-119.78203542396,39.5070962138665,1347.0509033203125,snow,snow,1.0,0.0,0.0,1.0,0.0,0.0
-119.734373589138,39.5444696037293,1342.1070556640625,snow,snow,1.0,0.0,0.0,1.0,0.0,0.0
-119.749525618975,38.9503784482047,1446.9903564453125,rain,rain,0.16040149583109042,0.0,0.8395985041689096,0.0,0.0,1.0
-120.142252321557,39.1753228029101,1916.4578857421875,snow,mix,0.44547408533546023,0.5545259146645398,0.0,1.0,0.0,0.0
-119.682351283362,38.9171069711856,1535.7108154296875,rain,rain,0.0013950536692286396,0.0,0.9986049463307713,0.0,0.0,1.0
-119.8671399,39.6038343,1591.5308837890625,snow,snow,1.0,0.0,0.0,1.0,0.0,0.0
-120.1916557,37.8369337,872.5946044921875,rain,rain,0.18195468796811196,0.0,0.8180453120318881,0.0,0.0,1.0
-119.947009618365,38.9609214434766,1902.406005859375,snow,snow,0.5921849820290992,0.0,0.4078150179709008,1.0,0.0,0.0
-119.8708232,39.5249323,1486.023193359375,snow,snow,1.0,0.0,0.0,1.0,0.0,0.0
-119.7625596,39.4471125,1369.423095703125,rain,snow,0.4976190017302532,0.22526267107001205,0.2771183271997347,0.0,0.0,1.0
-120.4690303,39.8056496,1484.389892578125,snow,snow,0.8636230700466667,0.1363769299533333,0.0,1.0,0.0,0.0
-119.997462571253,38.8523917402317,1980.7945556640625,snow,snow,0.6205762979277999,0.04241450173464234,0.3370092003375578,1.0,0.0,0.0
-119.7521413,39.1905399,1433.7567138671875,snow,snow,0.6708003880545074,0.10199015358629678,0.22720945835919584,1.0,0.0,0.0
-120.070635138191,39.2378586880214,1922.7923583984375,mix,snow,0.9078683611091857,0.09213163889081434,0.0,0.0,1.0,0.0
-119.821602,39.5223633,1377.3780517578125,snow,snow,1.0,0.0,0.0,1.0,0.0,0.0
-119.7442125,39.5600164,1356.5489501953125,snow,snow,1.0,0.0,0.0,1.0,0.0,0.0
-120.253900452188,39.3635193985441,2042.4560546875,snow,mix,0.26598519190059844,0.7340148080994017,0.0,1.0,0.0,0.0
-119.877380095546,39.659129589134,1532.5301513671875,snow,snow,1.0,0.0,0.0,1.0,0.0,0.0
-119.784417153962,39.4955862230261,1345.801513671875,mix,rain,0.17130381311928902,0.03683659751672132,0.7918595893639896,0.0,1.0,0.0
-119.822788937863,39.4175932928919,1609.224365234375,mix,snow,0.5185332814179505,0.2127340823809322,0.26873263620111737,0.0,1.0,0.0
-119.801115053671,39.5717962208425,1488.3441162109375,snow,snow,0.9999725754091057,1.4355149691258843e-05,1.3069441203149332e-05,1.0,0.0,0.0
-119.80089140141,39.5715591625406,1488.3441162109375,snow,snow,0.9999724045786542,1.4452740018569538e-05,1.3142681327159974e-05,1.0,0.0,0.0
-119.961532319109,39.2518693879244,2003.246337890625,snow,snow,0.9979595698179796,0.00046459309413560894,0.0015758370878847553,1.0,0.0,0.0
-120.175506087934,39.3532558312044,1832.049560546875,snow,rain,0.02550163594415228,0.17319002163823585,0.8013083424176118,1.0,0.0,0.0
-119.948587876828,39.5232641996153,1538.666748046875,snow,snow,0.9996938996393386,0.0,0.0003061003606613029,1.0,0.0,0.0
-120.253966,39.3635535,2042.4560546875,snow,rain,0.28790093959251184,0.20674522949246069,0.5053538309150275,1.0,0.0,0.0
-120.178247261904,39.3326181639352,1781.1376953125,mix,rain,0.26809972402987675,0.0,0.7319002759701233,0.0,1.0,0.0
-120.15005163766,39.3352240212161,1786.87939453125,rain,rain,0.1824228267658057,0.2285301236926547,0.5890470495415396,0.0,0.0,1.0
-120.3910602202,37.9991762637417,616.7647094726562,rain,rain,0.07323754256622758,0.03640738130178991,0.8903550761319825,0.0,0.0,1.0
-120.0079964,38.9237829,1905.078125,snow,rain,0.0926398121016014,0.19530261302929888,0.7120575748690997,1.0,0.0,0.0
-119.7825208,39.2958489,1543.263916015625,snow,snow,0.554326095110318,0.34420889503595403,0.1014650098537279,1.0,0.0,0.0
-119.925291510302,39.8472289607647,1491.7423095703125,snow,snow,1.0,0.0,0.0,1.0,0.0,0.0
-120.1426414,39.1760917,1991.058837890625,snow,snow,0.6214812617201568,0.09631436285444855,0.28220437542539467,1.0,0.0,0.0
-119.749510727309,38.9503626553487,1446.9903564453125,rain,snow,0.5008817925141662,0.3176075506652531,0.18151065682058065,0.0,0.0,1.0
-120.014917279838,38.1942799279377,1648.3902587890625,rain,rain,0.005034421434461211,0.002608323710518829,0.99235725485502,0.0,0.0,1.0
-120.007675429763,39.5274322331459,1521.617431640625,snow,snow,0.944551558687369,0.0,0.05544844131263104,1.0,0.0,0.0
-119.901635,39.5170076,1471.944091796875,snow,snow,0.9550845939581384,0.018442379655512396,0.02647302638634928,1.0,0.0,0.0
-120.9688206,38.663912,416.0556945800781,rain,rain,0.37943268097232474,0.1148249997248836,0.5057423193027917,0.0,0.0,1.0
-120.070635138191,39.2378586880214,1922.7923583984375,snow,snow,0.6381642044066498,0.08357607607590915,0.27825971951744105,1.0,0.0,0.0
-119.950324085368,39.5248055853836,1538.666748046875,snow,snow,0.9997011312775685,0.0,0.00029886872243145877,1.0,0.0,0.0
-119.9666945,39.251953,2016.028076171875,snow,snow,0.9978765245500703,0.000482991034624096,0.0016404844153057113,1.0,0.0,0.0
-119.927933775242,39.5207711803592,1500.779541015625,snow,snow,0.9993810770267925,0.0,0.0006189229732075941,1.0,0.0,0.0
-119.806946729877,39.4908361967016,1374.2261962890625,rain,mix,0.18806722631887213,0.8119327736811279,0.0,0.0,0.0,1.0
-119.929849438665,39.5228149393899,1500.779541015625,snow,snow,0.999410579107088,0.0,0.0005894208929120761,1.0,0.0,0.0
-120.162949684593,39.3581800517173,1793.0777587890625,rain,snow,0.6954337692564686,0.10265309941176769,0.20191313133176378,0.0,0.0,1.0
-119.9374336,39.0070272,1990.5372314453125,mix,snow,0.6688026604954742,0.0,0.33119733950452585,0.0,1.0,0.0
-120.052028149713,38.1638355120648,1685.561767578125,rain,rain,0.004664512298331333,0.0024033801395211877,0.9929321075621476,0.0,0.0,1.0
-120.1348387,39.4451212,1808.075439453125,rain,rain,0.439765939024639,0.11854511360418099,0.44168894737118,0.0,0.0,1.0
-119.996445139994,38.8704593609595,1950.8565673828125,rain,snow,0.8416009513356348,0.10753904637939997,0.0508600022849652,0.0,0.0,1.0
-120.3697386,39.5838641,1511.8182373046875,rain,rain,0.39643169804401873,0.10825292304630596,0.4953153789096753,0.0,0.0,1.0
-120.162662315122,39.3218303249417,1807.9423828125,rain,rain,0.1266257425720978,0.4019650804626528,0.4714091769652494,0.0,0.0,1.0
-119.8707701,39.524878,1486.023193359375,snow,rain,0.1389374539212022,0.08636743688125142,0.7746951091975463,1.0,0.0,0.0
-119.978403135059,38.9339792001308,1906.9375,rain,rain,0.0026908861189626487,0.0489107015802522,0.9483984123007851,0.0,0.0,1.0
-120.4348628,39.6446894,1504.4288330078125,mix,snow,0.3918274201075502,0.22490721067761404,0.38326536921483584,0.0,1.0,0.0
-119.947009618365,38.9609214434766,1902.406005859375,rain,rain,0.0,0.2798529393472253,0.7201470606527747,0.0,0.0,1.0
-120.4336336,39.6483654,1506.6434326171875,snow,rain,6.232789315265853e-06,0.04302978241280736,0.9569639847978774,1.0,0.0,0.0
-119.822788937863,39.4175932928919,1609.224365234375,mix,snow,0.5768697166083668,0.20063131955866564,0.22249896383296755,0.0,1.0,0.0
-120.352338115399,38.0360529337365,984.2950439453125,rain,rain,0.0,0.20354785177147042,0.7964521482285296,0.0,0.0,1.0
-120.951056451379,39.9367783797578,1042.9046630859375,mix,mix,0.2753748030307963,0.38587701722730894,0.3387481797418948,0.0,1.0,0.0
-120.4344433,39.6485725,1506.6434326171875,rain,snow,0.9598217977685004,0.03898859154762391,0.0011896106838757328,0.0,0.0,1.0
-119.9261785,39.8476228333333,1467.1866455078125,mix,rain,0.14782563858385006,0.1637207982525564,0.6884535631635935,0.0,1.0,0.0
-119.9374336,39.0070272,1990.5372314453125,mix,rain,0.0,0.06428953587848166,0.9357104641215183,0.0,1.0,0.0
-120.0079964,38.9237829,1905.078125,rain,rain,0.0009870209902267438,0.0129792209972477,0.9860337580125256,0.0,0.0,1.0
-120.1426476,39.1760755,1991.058837890625,mix,mix,0.27446009262786464,0.7101838924924021,0.01535601487973329,0.0,1.0,0.0
-119.950324085368,39.5248055853836,1538.666748046875,rain,snow,0.5614585716153533,0.07762724226880803,0.3609141861158387,0.0,0.0,1.0
-119.810223430657,39.4118122294308,1603.588623046875,snow,mix,0.25889968487306575,0.4997309948090435,0.2413693203178907,1.0,0.0,0.0
-120.96881,38.6639103,416.0556945800781,rain,rain,0.0,0.17437759773030764,0.8256224022696923,0.0,0.0,1.0
-119.8693077,39.6024591,1591.5308837890625,rain,rain,0.4161996118163181,0.06119565639736896,0.5226047317863131,0.0,0.0,1.0
-120.4420642,39.6663852,1517.802490234375,rain,mix,0.29389312872982054,0.400409286021832,0.30569758524834756,0.0,0.0,1.0
-120.1620923,39.1386077,1920.8233642578125,mix,mix,0.17629091519251128,0.8032146422226432,0.020494442584845476,0.0,1.0,0.0
-119.801235556237,39.4051271512553,1598.559326171875,snow,mix,0.028541750631127905,0.8957986885924504,0.07565956077642173,1.0,0.0,0.0
-119.798841877811,39.4047230136202,1598.559326171875,mix,mix,0.4359976431913639,0.49558197751924465,0.06842037928939151,0.0,1.0,0.0
-119.796571363446,39.4047438303962,1598.559326171875,mix,mix,0.17106576277966135,0.6740419957921838,0.15489224142815491,0.0,1.0,0.0
-119.790810894801,39.4049956258747,1559.9521484375,rain,rain,0.09805409709342791,0.3694788266960606,0.5324670762105115,0.0,0.0,1.0
-119.950102095594,39.2464595095935,1927.8106689453125,mix,snow,0.9713252900025231,0.012031010837343925,0.016643699160132887,0.0,1.0,0.0
-119.790359064048,39.4079266618401,1525.7186279296875,rain,rain,0.0939461562607161,0.25947255732262897,0.646581286416655,0.0,0.0,1.0
-119.789398588516,39.4187184124231,1477.6451416015625,rain,rain,0.21754473080306724,0.3088602492814205,0.47359501991551234,0.0,0.0,1.0
-119.9666945,39.251953,2016.028076171875,snow,mix,0.0417045036876143,0.9440961997384814,0.014199296573904311,1.0,0.0,0.0
-120.002645305259,38.9134441848279,1912.7034912109375,rain,rain,0.000954600625979603,0.011916041150505643,0.9871293582235147,0.0,0.0,1.0
-120.9819552,39.043365,689.05712890625,rain,mix,0.2830927593754899,0.39039901501249663,0.3265082256120134,0.0,0.0,1.0
-120.1839873,39.3280704,1781.1376953125,snow,snow,0.9357232946209401,0.05597315664847343,0.008303548730586561,1.0,0.0,0.0
-120.17550633514,39.3532558411141,1832.049560546875,snow,snow,0.943601637450147,0.04632155050601275,0.010076812043840198,1.0,0.0,0.0
-119.764520689427,39.1600215206885,1422.213134765625,rain,rain,0.23534739383799141,0.3550934889837666,0.409559117178242,0.0,0.0,1.0
-119.7625677,39.4471229,1369.423095703125,rain,rain,0.20816707209382515,0.30622744011365455,0.4856054877925204,0.0,0.0,1.0
-119.836956233895,39.3752140137048,1771.3431396484375,snow,mix,0.2929337898583144,0.41103420658668266,0.29603200355500287,1.0,0.0,0.0
-120.4283812,39.6447985,1504.4288330078125,mix,mix,0.3311426973669384,0.3849613465906041,0.28389595604245743,0.0,1.0,0.0
-120.070635138191,39.2378586880214,1922.7923583984375,snow,mix,0.4504537944727298,0.5196265532947775,0.0299196522324926,1.0,0.0,0.0
-119.7585146,39.5027417,1341.24169921875,rain,rain,0.20857764940226586,0.1828169879114182,0.6086053626863159,0.0,0.0,1.0
-119.7825743,39.2958007,1543.263916015625,rain,snow,0.41156506382335434,0.24780411381424894,0.3406308223623967,0.0,0.0,1.0
-119.8488043,39.5977963,1597.0430908203125,rain,rain,0.0,0.0,1.0,0.0,0.0,1.0
-119.7717646,39.41867895,1421.30908203125,rain,rain,0.0,0.4809057113217774,0.5190942886782227,0.0,0.0,1.0
-119.5074068,39.312004,1324.5926513671875,rain,rain,0.0,0.14280785704433596,0.857192142955664,0.0,0.0,1.0
-120.96844,38.6639517,416.0556945800781,rain,rain,0.0,0.24697788236708232,0.7530221176329177,0.0,0.0,1.0
-119.734373589138,39.5444696037293,1342.1070556640625,rain,rain,0.0,0.0,1.0,0.0,0.0,1.0
-119.99739938625,38.852315139605,1980.7945556640625,mix,rain,0.0,0.028797711068156567,0.9712022889318433,0.0,1.0,0.0
-120.4280413,39.6474321,1504.4288330078125,mix,rain,0.0,0.0,1.0,0.0,1.0,0.0
-120.007675689442,39.5274327089434,1521.617431640625,rain,rain,0.0,0.09978040056265801,0.9002195994373421,0.0,0.0,1.0
-119.708104408195,39.5479595636356,1345.26025390625,rain,rain,0.0,0.0,1.0,0.0,0.0,1.0
-119.743526899467,39.5859421745029,1414.6666259765625,rain,rain,0.0,0.0,1.0,0.0,0.0,1.0
-119.8693077,39.6024591,1591.5308837890625,rain,rain,0.0,0.0,1.0,0.0,0.0,1.0
-120.1426476,39.1760755,1991.058837890625,rain,rain,0.0,0.23065258208236367,0.7693474179176364,0.0,0.0,1.0
-119.789636943535,39.4666714130529,1370.559814453125,rain,rain,0.0,0.25372036060370134,0.7462796393962987,0.0,0.0,1.0
-120.352338095705,38.0360528940012,984.2950439453125,rain,rain,0.0,0.15500095697346752,0.8449990430265324,0.0,0.0,1.0
-119.822788937863,39.4175932928919,1609.224365234375,mix,rain,0.0,0.0,1.0,0.0,1.0,0.0
-120.1620222,39.1387679,1920.8233642578125,rain,rain,0.0,0.14562666652083925,0.8543733334791607,0.0,0.0,1.0
-119.733851510797,39.5794927469277,1362.42431640625,rain,rain,0.0,0.0,1.0,0.0,0.0,1.0
-119.801115053671,39.5717962208425,1488.3441162109375,rain,rain,0.0,0.0,1.0,0.0,0.0,1.0
-119.799277932037,39.5707878322131,1488.3441162109375,rain,rain,0.0,0.0,1.0,0.0,0.0,1.0
-119.963058304962,38.9420137267938,1905.9434814453125,rain,rain,0.0,0.25891574423774893,0.741084255762251,0.0,0.0,1.0
-120.210798329869,39.3259336471769,1842.712646484375,rain,rain,0.0,0.3025094995544194,0.6974905004455806,0.0,0.0,1.0
-120.4257619,39.6473717,1499.6859130859375,rain,rain,0.0,0.4956765697302188,0.5043234302697812,0.0,0.0,1.0
-119.9374336,39.0070272,1990.5372314453125,rain,rain,0.0,0.1001579829186191,0.8998420170813809,0.0,0.0,1.0
-119.8776407,39.6593361,1532.5301513671875,rain,rain,0.0,0.0,1.0,0.0,0.0,1.0
-119.682306351222,38.9171016234518,1535.7108154296875,rain,rain,0.0,0.0005673613977789218,0.9994326386022211,0.0,0.0,1.0
-119.725607892744,38.9229678546912,1463.08349609375,rain,rain,0.0,0.016814209703169096,0.983185790296831,0.0,0.0,1.0
-119.9666945,39.251953,2016.028076171875,mix,mix,0.0,0.7818016182826811,0.2181983817173188,0.0,1.0,0.0
-120.070635138191,39.2378586880214,1922.7923583984375,mix,rain,0.0,0.3732242392032896,0.6267757607967104,0.0,1.0,0.0
-120.100648543694,39.3564403088901,1798.48291015625,rain,rain,0.0,0.3967345752445505,0.6032654247554495,0.0,0.0,1.0
-120.4280102,39.6475571,1504.4288330078125,rain,mix,0.0,0.9947736717014611,0.005226328298538763,0.0,0.0,1.0
-119.942412920876,39.2440098198581,1933.2171630859375,rain,mix,0.0,0.9895701446819072,0.010429855318092911,0.0,0.0,1.0
-119.687784673328,38.9157381981381,1515.9644775390625,rain,rain,0.0,0.0005771588588504729,0.9994228411411495,0.0,0.0,1.0
-119.953040297912,39.2506459341913,1992.6064453125,mix,mix,0.0,0.5042745720058065,0.4957254279941936,0.0,1.0,0.0
-120.4280102,39.6475571,1504.4288330078125,rain,rain,0.0,0.0,1.0,0.0,0.0,1.0
-119.789398818894,39.4671215265705,1370.559814453125,rain,rain,0.0,0.0,1.0,0.0,0.0,1.0
-119.821598,39.5223487,1377.3780517578125,rain,rain,0.0,0.0,1.0,0.0,0.0,1.0
-120.352340266193,38.0360521157273,984.2950439453125,rain,rain,0.00775940869363892,0.006341763028181825,0.9858988282781792,0.0,0.0,1.0
-119.8692696,39.602368,1591.5308837890625,rain,rain,0.0,0.0,1.0,0.0,0.0,1.0
-119.8706685,39.5249774,1486.023193359375,rain,rain,0.0,0.0,1.0,0.0,0.0,1.0
-120.070635138191,39.2378586880214,1922.7923583984375,rain,rain,0.0,0.45542656821927013,0.5445734317807299,0.0,0.0,1.0
-119.8776446,39.6593217,1532.5301513671875,rain,rain,0.0,0.0,1.0,0.0,0.0,1.0
-120.013288874883,38.9212047367639,1911.875244140625,rain,rain,0.0,0.0011039770217275919,0.9988960229782725,0.0,0.0,1.0
-119.9015779,39.5170052,1471.944091796875,rain,rain,0.0,0.0,1.0,0.0,0.0,1.0
-120.175506335144,39.3532558411146,1832.049560546875,rain,rain,0.0,0.1720808997563651,0.8279191002436349,0.0,0.0,1.0
-119.79910680542,39.5707891494601,1488.3441162109375,rain,rain,0.0,0.0,1.0,0.0,0.0,1.0
-120.2239434,38.0188562,1123.33447265625,rain,rain,0.009335225115020208,0.006365893607875196,0.9842988812771046,0.0,0.0,1.0
-119.822788937863,39.4175932928919,1609.224365234375,rain,rain,0.0,0.024712475011608084,0.9752875249883919,0.0,0.0,1.0
-119.9654095,39.251648,2016.028076171875,mix,rain,0.0,0.0,1.0,0.0,1.0,0.0
-119.017178992494,37.6370937187441,2874.640869140625,snow,rain,0.0,0.07897988222017875,0.9210201177798213,1.0,0.0,0.0
-120.166529938784,39.1421377727486,1993.328857421875,rain,rain,0.0,0.1570293247349095,0.8429706752650905,0.0,0.0,1.0
-119.9543795,38.9338772,1916.7115478515625,rain,rain,0.0,0.00960447297839827,0.9903955270216017,0.0,0.0,1.0
-119.755938959612,39.4198262833071,1377.5360107421875,rain,rain,0.0,0.01876937032563842,0.9812306296743616,0.0,0.0,1.0
-120.002605853242,38.9134492788493,1912.7034912109375,rain,rain,0.0,0.0010464304295132525,0.9989535695704868,0.0,0.0,1.0
-120.076954821679,39.230440469106,1907.204345703125,rain,rain,0.0,0.0,1.0,0.0,0.0,1.0
-120.328788737572,39.2878458512067,2380.56396484375,rain,rain,0.0,0.0,1.0,0.0,0.0,1.0
-120.00714745729,39.2258397536166,1943.2259521484375,rain,rain,0.0,0.0,1.0,0.0,0.0,1.0
-119.93008632239,38.9266364393605,2441.67236328125,snow,snow,0.6647172437380253,0.0,0.3352827562619747,1.0,0.0,0.0
-120.4276611,39.6379599,1506.239501953125,rain,rain,0.0,0.0,1.0,0.0,0.0,1.0
-119.822788937863,39.4175932928919,1609.224365234375,rain,rain,0.0,0.0,1.0,0.0,0.0,1.0
-120.31585819758,39.8175388606386,1494.4031982421875,rain,rain,0.0,0.0,1.0,0.0,0.0,1.0
-120.16651793459,39.1421090691486,1993.328857421875,rain,rain,0.09689731455541141,0.0,0.9031026854445886,0.0,0.0,1.0
-119.823701353611,39.4029561096735,1699.9962158203125,rain,rain,0.0,0.0,1.0,0.0,0.0,1.0
-119.9522235,39.2721244,2182.246337890625,rain,rain,0.0,0.0,1.0,0.0,0.0,1.0
-119.7584649,39.5027816,1341.24169921875,rain,rain,0.0,0.0,1.0,0.0,0.0,1.0
-119.966869,39.2519555,2016.028076171875,rain,rain,0.0,0.0,1.0,0.0,0.0,1.0
-119.997462571253,38.8523917402317,1980.7945556640625,snow,snow,0.7321825073674755,0.0,0.2678174926325246,1.0,0.0,0.0
-119.877754471583,39.6581835256811,1532.5301513671875,rain,rain,0.0,0.0,1.0,0.0,0.0,1.0
-119.875584992222,39.651221192321,1532.251708984375,rain,rain,0.0,0.0,1.0,0.0,0.0,1.0
-119.881348034646,39.6419789989152,1519.420654296875,rain,rain,0.0,0.0,1.0,0.0,0.0,1.0
-119.881949271123,39.6380221491092,1531.1673583984375,rain,rain,0.0,0.0,1.0,0.0,0.0,1.0
-119.88214512676,39.6258076004486,1553.86962890625,rain,rain,0.0,0.0,1.0,0.0,0.0,1.0
-119.868878255996,39.616338364031,1554.655517578125,rain,rain,0.0,0.0,1.0,0.0,0.0,1.0
-119.8826744,39.5387997,1572.0721435546875,rain,rain,0.0,0.0,1.0,0.0,0.0,1.0
-119.864345,39.6411502,1511.9696044921875,rain,rain,0.0,0.0,1.0,0.0,0.0,1.0
-119.826723267501,39.5613681968255,1477.43408203125,rain,rain,0.0,0.0,1.0,0.0,0.0,1.0
-119.950324085368,39.5248055853836,1538.666748046875,rain,rain,0.0,0.0,1.0,0.0,0.0,1.0
-119.825813195733,39.5536026127431,1430.3018798828125,rain,rain,0.0,0.0,1.0,0.0,0.0,1.0
-119.9016543,39.5170203,1471.944091796875,rain,rain,0.0,0.0,1.0,0.0,0.0,1.0
-119.8125769,39.505741,1371.762451171875,rain,rain,0.0,0.0,1.0,0.0,0.0,1.0
-119.829679007153,39.5509234607619,1430.3018798828125,rain,rain,0.0,0.0,1.0,0.0,0.0,1.0
-119.850711082642,39.5462702981828,1459.639892578125,rain,rain,0.0,0.0,1.0,0.0,0.0,1.0
-119.860824438445,39.5405873452614,1495.9249267578125,rain,rain,0.0,0.0,1.0,0.0,0.0,1.0
-119.864789411592,39.5353155719545,1486.790283203125,rain,rain,0.0,0.0,1.0,0.0,0.0,1.0
-119.864551288504,39.530057734648,1486.790283203125,rain,rain,0.0,0.0,1.0,0.0,0.0,1.0
-119.864408804388,39.527300069519,1484.758056640625,rain,rain,0.0,0.0,1.0,0.0,0.0,1.0
-119.866854657117,39.5239386777817,1484.758056640625,rain,rain,0.0,0.0,1.0,0.0,0.0,1.0
-120.2505523,39.3711466,2037.4736328125,rain,rain,0.0,0.23244892578647963,0.7675510742135204,0.0,0.0,1.0
-119.794456,39.4747475,1367.4193115234375,rain,rain,0.0,0.030392285221403012,0.969607714778597,0.0,0.0,1.0
-119.8692153,39.6023308,1591.5308837890625,rain,rain,0.0,0.04072929359470951,0.9592707064052906,0.0,0.0,1.0
-119.9668865,39.2520003,2016.028076171875,rain,mix,0.0,0.9466166032417678,0.05338339675823222,0.0,0.0,1.0
-119.7628048,39.1701345,1429.696044921875,rain,rain,0.0,0.20506480131955585,0.7949351986804442,0.0,0.0,1.0
-120.31585819758,39.8175388606386,1494.4031982421875,rain,rain,0.0,0.0724283310122919,0.927571668987708,0.0,0.0,1.0
-119.925290615767,39.8472299557389,1491.7423095703125,rain,rain,0.0,0.05566514126552041,0.9443348587344796,0.0,0.0,1.0
-119.9522732,39.2721412,2182.246337890625,mix,rain,0.0,0.0,1.0,0.0,1.0,0.0
-119.5822158,39.2715813,1333.44287109375,rain,rain,0.0,0.11621358979834359,0.8837864102016564,0.0,0.0,1.0
-119.825645787748,39.5148698803914,1390.4053955078125,rain,rain,0.0,0.022854870413489246,0.9771451295865107,0.0,0.0,1.0
-119.682351675329,38.9171069055783,1535.7108154296875,rain,rain,0.0,0.00011760139619368904,0.9998823986038063,0.0,0.0,1.0
-120.9688069,38.663915,416.0556945800781,rain,rain,0.0,0.1250248811223752,0.8749751188776247,0.0,0.0,1.0
-120.0722841,38.1480864,1605.92138671875,rain,rain,0.0,0.09685561501639123,0.9031443849836087,0.0,0.0,1.0
-119.687748519888,38.9157546715179,1515.9644775390625,rain,rain,0.0,0.000118123287888506,0.9998818767121115,0.0,0.0,1.0
-119.831784954095,39.5584007701463,1477.43408203125,rain,rain,0.0,0.0,1.0,0.0,0.0,1.0
-119.834411446565,39.5600289787008,1506.2060546875,rain,rain,0.0,0.0,1.0,0.0,0.0,1.0
-119.9668622,39.2519773,2016.028076171875,rain,rain,0.0,0.0,1.0,0.0,0.0,1.0
-120.823974514038,39.5678941038874,999.898681640625,rain,rain,0.0,0.0,1.0,0.0,0.0,1.0
-119.830675257973,39.5696146924211,1498.9056396484375,rain,rain,0.0,0.0,1.0,0.0,0.0,1.0
-119.8693699,39.6023683,1591.5308837890625,rain,rain,0.0,0.0,1.0,0.0,0.0,1.0
-119.697261880502,39.5791469290717,1438.1224365234375,rain,rain,0.0,0.0,1.0,0.0,0.0,1.0
-119.99644939859,38.8704578883756,1950.8565673828125,rain,rain,0.0,0.0,1.0,0.0,0.0,1.0
-119.865338287735,39.6173557200454,1554.655517578125,rain,rain,0.0,0.0,1.0,0.0,0.0,1.0
-119.799333175971,39.5708851234249,1488.3441162109375,rain,rain,0.0,0.0,1.0,0.0,0.0,1.0
-119.709389914388,39.5456365332673,1341.52783203125,rain,rain,0.0,0.0,1.0,0.0,0.0,1.0
-119.831045027934,39.5579420356448,1477.43408203125,rain,rain,0.0,0.0,1.0,0.0,0.0,1.0
-119.8706958,39.5250081,1486.023193359375,rain,rain,0.0,0.0,1.0,0.0,0.0,1.0
-119.9667813,39.2519888,2016.028076171875,rain,rain,0.0,0.0,1.0,0.0,0.0,1.0
-119.925290615767,39.8472299557389,1491.7423095703125,rain,rain,0.0,0.0,1.0,0.0,0.0,1.0
-120.9687921,38.6639117,416.0556945800781,rain,rain,0.0,0.0,1.0,0.0,0.0,1.0
-119.811127118372,39.3210283264102,1542.5299072265625,rain,rain,0.0,0.0,1.0,0.0,0.0,1.0
-119.9667813,39.2519888,2016.028076171875,rain,rain,0.0,0.0,1.0,0.0,0.0,1.0
-119.980798404947,38.9396262821975,1908.990234375,rain,rain,0.0,0.0,1.0,0.0,0.0,1.0
-118.635128191154,37.5133945588728,1956.84814453125,rain,rain,0.0,0.0,1.0,0.0,0.0,1.0
-119.709375544427,39.5456457659749,1341.52783203125,rain,rain,0.0,0.0,1.0,0.0,0.0,1.0
-120.31585819758,39.8175388606386,1494.4031982421875,rain,rain,0.0,0.0,1.0,0.0,0.0,1.0
-119.687781403602,38.915756166908,1515.9644775390625,rain,rain,0.0,0.0,1.0,0.0,0.0,1.0
-119.682351675329,38.9171069055783,1535.7108154296875,rain,rain,0.0,0.0,1.0,0.0,0.0,1.0
-119.697106494426,39.5851668808472,1471.3155517578125,rain,rain,0.0,0.0,1.0,0.0,0.0,1.0
-119.8644197,39.6411935,1511.9696044921875,rain,rain,0.0,0.0,1.0,0.0,0.0,1.0
-120.316737187283,37.9770033345356,712.7813110351562,rain,rain,0.0,0.0,1.0,0.0,0.0,1.0
-119.7514186,39.1817206,1429.7259521484375,rain,rain,0.0,0.1341777785969543,0.8658222214030458,0.0,0.0,1.0
-119.5083275,39.3120159,1324.5926513671875,rain,rain,0.0,0.09002526244554723,0.9099747375544528,0.0,0.0,1.0
-119.961532319109,39.2518693879244,2003.246337890625,rain,rain,0.0,0.0022874271854547235,0.9977125728145453,0.0,0.0,1.0
-120.4689684,39.8056555,1484.389892578125,rain,rain,0.0,0.10380336676534758,0.8961966332346525,0.0,0.0,1.0
-120.352340920419,38.0360511809656,984.2950439453125,rain,rain,0.0,0.02183370652622995,0.9781662934737702,0.0,0.0,1.0
-120.2261248,37.8590241,849.531494140625,rain,rain,0.0,0.01645042278095109,0.983549577219049,0.0,0.0,1.0
-119.966799206887,39.251954113237,2016.028076171875,rain,rain,0.0,0.0025156428054239864,0.9974843571945761,0.0,0.0,1.0
-120.070635138191,39.2378586880214,1922.7923583984375,mix,rain,0.0,0.0,1.0,0.0,1.0,0.0
-119.8692961,39.6024049,1591.5308837890625,rain,rain,0.0,0.008963931107793019,0.991036068892207,0.0,0.0,1.0
-119.925290615767,39.8472299557389,1491.7423095703125,rain,rain,0.0,0.04553225767129525,0.9544677423287048,0.0,0.0,1.0
-119.8644261,39.6411882,1511.9696044921875,rain,rain,0.0,0.007478199610530872,0.992521800389469,0.0,0.0,1.0
-119.997462571253,38.8523917402317,1980.7945556640625,rain,rain,0.0,0.19719880813036883,0.8028011918696313,0.0,0.0,1.0
-119.894836285079,37.4389127353795,611.9118041992188,rain,rain,0.0,0.03775531554738251,0.9622446844526175,0.0,0.0,1.0
-119.8644302,39.6411857,1511.9696044921875,rain,rain,0.0,0.010347831233443867,0.9896521687665562,0.0,0.0,1.0
-119.8707295,39.524919,1486.023193359375,rain,rain,0.0,4.482849491326611e-07,0.9999995517150508,0.0,0.0,1.0
-119.650791004322,39.3490997321176,2097.31298828125,mix,rain,0.0,0.0,1.0,0.0,1.0,0.0
-118.635128220945,37.5133945794626,1956.84814453125,rain,rain,0.0,0.1371565737989038,0.8628434262010962,0.0,0.0,1.0
-120.175772820343,39.3532439614356,1832.049560546875,rain,rain,0.0,0.016886837552966907,0.9831131624470331,0.0,0.0,1.0
-119.514668878084,39.270601553845,1324.8204345703125,rain,rain,0.0,0.46110120995843806,0.5388987900415619,0.0,0.0,1.0
-119.8705624,39.5250208,1486.023193359375,rain,rain,0.0,4.483473607806932e-07,0.9999995516526393,0.0,0.0,1.0
-119.811114352521,39.3210223306544,1542.5299072265625,rain,rain,0.0,0.2132383196751576,0.7867616803248424,0.0,0.0,1.0
-120.100208570527,39.3565354505801,1798.48291015625,rain,rain,0.0,0.02136082389836991,0.9786391761016301,0.0,0.0,1.0
-119.765774158169,39.4079204188,1410.70751953125,rain,rain,0.0,0.2270486530864641,0.772951346913536,0.0,0.0,1.0
-120.966469042671,39.2607950865155,928.4439086914062,rain,rain,0.0,0.0,1.0,0.0,0.0,1.0
-119.8693535,39.6024189,1591.5308837890625,rain,rain,0.0,0.010192573956848212,0.9898074260431519,0.0,0.0,1.0
-120.4255004,39.6435746,1499.6859130859375,rain,rain,0.0,0.06476918044279853,0.9352308195572014,0.0,0.0,1.0
-120.000887901662,38.8672617099128,1948.97900390625,mix,rain,0.0,0.0,1.0,0.0,1.0,0.0
-119.796617264387,39.4190329161749,1507.8775634765625,rain,rain,0.0,0.013284041947044085,0.986715958052956,0.0,0.0,1.0
-119.8486091,39.5977465,1597.0430908203125,rain,rain,0.0,0.008876667262552505,0.9911233327374476,0.0,0.0,1.0
-120.077040352324,39.2304459615339,1907.204345703125,rain,rain,0.0,0.16406856140011286,0.8359314385998872,0.0,0.0,1.0
-119.8529645,39.494561,1479.0650634765625,rain,rain,0.0,0.00795893438290531,0.9920410656170947,0.0,0.0,1.0
-119.709375544427,39.5456457659749,1341.52783203125,rain,rain,0.0,0.010006550007719469,0.9899934499922806,0.0,0.0,1.0
-119.925308879988,39.8471726338151,1491.7423095703125,rain,rain,0.0,0.0,1.0,0.0,0.0,1.0
-120.1426454,39.176072,1991.058837890625,rain,rain,0.0,0.0,1.0,0.0,0.0,1.0
-120.9688047,38.6639127,416.0556945800781,rain,rain,0.0,0.0,1.0,0.0,0.0,1.0
-120.4689684,39.8056555,1484.389892578125,rain,rain,0.0,0.0,1.0,0.0,0.0,1.0
-120.4689871,39.8056524,1484.389892578125,rain,rain,0.0,0.0,1.0,0.0,0.0,1.0
-120.9688033,38.6639224,416.0556945800781,rain,rain,0.0,0.0,1.0,0.0,0.0,1.0
-119.925306132269,39.8471777405109,1491.7423095703125,rain,rain,0.0,0.0,1.0,0.0,0.0,1.0
-119.996434506057,38.870454720276,1950.8565673828125,snow,snow,1.0,0.0,0.0,1.0,0.0,0.0
-120.1030227,39.3492094,1855.036376953125,snow,snow,1.0,0.0,0.0,1.0,0.0,0.0
-119.8690918,39.6022596,1591.5308837890625,snow,snow,1.0,0.0,0.0,1.0,0.0,0.0
-119.98081,39.5169538,1517.4693603515625,snow,snow,1.0,0.0,0.0,1.0,0.0,0.0
-119.9667991,39.2519594,2016.028076171875,snow,snow,1.0,0.0,0.0,1.0,0.0,0.0
-120.007141260243,39.225862628919,1943.2259521484375,snow,snow,1.0,0.0,0.0,1.0,0.0,0.0
-119.811114352522,39.321022330655,1542.5299072265625,snow,snow,1.0,0.0,0.0,1.0,0.0,0.0
-120.100208570527,39.3565354505801,1798.48291015625,snow,snow,0.9855734374870257,0.0,0.014426562512974256,1.0,0.0,0.0
-120.711234019307,38.7306952417485,794.8796997070312,rain,snow,1.0,0.0,0.0,0.0,0.0,1.0
-119.9632267,39.2533497,2016.028076171875,snow,snow,0.9999921790442905,0.0,7.820955709534992e-06,1.0,0.0,0.0
-119.807889362533,39.3231687071037,1542.5299072265625,snow,snow,0.9901741674969639,0.0,0.009825832503036121,1.0,0.0,0.0
-119.9657252,39.2523265,2016.028076171875,snow,snow,0.9999921364145762,0.0,7.863585423798962e-06,1.0,0.0,0.0
-119.811106739763,39.3210201301634,1542.5299072265625,snow,snow,1.0,0.0,0.0,1.0,0.0,0.0
-120.79248380028,39.2183785214194,1217.7698974609375,snow,snow,1.0,0.0,0.0,1.0,0.0,0.0
-119.9668066,39.2519856,2016.028076171875,snow,snow,1.0,0.0,0.0,1.0,0.0,0.0
-119.996449414006,38.8704578996065,1950.8565673828125,snow,snow,1.0,0.0,0.0,1.0,0.0,0.0
-120.1839873,39.3280704,1781.1376953125,snow,snow,1.0,0.0,0.0,1.0,0.0,0.0
-120.100208570527,39.3565354505801,1798.48291015625,snow,snow,1.0,0.0,0.0,1.0,0.0,0.0
-120.5675161,38.3786986,625.4950561523438,rain,snow,1.0,0.0,0.0,0.0,0.0,1.0
-120.162949684593,39.3581800517173,1793.0777587890625,snow,snow,0.7957254253860218,0.0,0.20427457461397824,1.0,0.0,0.0
-119.997462571253,38.8523917402317,1980.7945556640625,snow,snow,0.6103483965393324,0.0,0.3896516034606676,1.0,0.0,0.0
-120.2055968,39.2316545,1879.5152587890625,snow,snow,1.0,0.0,0.0,1.0,0.0,0.0
-120.2312581,39.3246175,1887.5587158203125,snow,snow,1.0,0.0,0.0,1.0,0.0,0.0
-120.2824195,39.3247837,1917.168701171875,snow,snow,1.0,0.0,0.0,1.0,0.0,0.0
-119.996466291849,38.8704443130019,1950.8565673828125,snow,snow,1.0,0.0,0.0,1.0,0.0,0.0
-119.9808253,39.5169676,1517.4693603515625,snow,snow,1.0,0.0,0.0,1.0,0.0,0.0
-119.789993610279,39.4707776725993,1370.559814453125,snow,snow,1.0,0.0,0.0,1.0,0.0,0.0
-120.3489304,39.316239,2180.398681640625,snow,snow,1.0,0.0,0.0,1.0,0.0,0.0
-120.09036171906,39.3588366444822,1815.81103515625,snow,snow,1.0,0.0,0.0,1.0,0.0,0.0
-120.3504399,39.316837,2180.398681640625,snow,snow,1.0,0.0,0.0,1.0,0.0,0.0
-120.5074928,39.3127067,1827.8232421875,snow,snow,1.0,0.0,0.0,1.0,0.0,0.0
-120.419793818639,39.888356522815,1764.8865966796875,snow,snow,1.0,0.0,0.0,1.0,0.0,0.0
-119.917090370805,39.3030178897988,2612.475341796875,snow,snow,1.0,0.0,0.0,1.0,0.0,0.0
-119.9136817,39.3002537,2605.041259765625,snow,snow,1.0,0.0,0.0,1.0,0.0,0.0
-120.5676127,39.3261162,1702.49609375,snow,snow,1.0,0.0,0.0,1.0,0.0,0.0
-120.5945755,39.3267944,1662.05615234375,snow,snow,1.0,0.0,0.0,1.0,0.0,0.0
-120.3697288,39.5838612,1511.8182373046875,snow,snow,1.0,0.0,0.0,1.0,0.0,0.0
-120.0079562,38.9238082,1905.078125,snow,snow,1.0,0.0,0.0,1.0,0.0,0.0
-120.5406061,39.3073901,1742.6181640625,snow,snow,1.0,0.0,0.0,1.0,0.0,0.0
-120.3874583,39.3274051,2093.628662109375,snow,snow,1.0,0.0,0.0,1.0,0.0,0.0
-120.2505148,39.3711884,2037.4736328125,snow,snow,1.0,0.0,0.0,1.0,0.0,0.0
-120.217626987137,39.3259448728903,1840.677490234375,snow,snow,1.0,0.0,0.0,1.0,0.0,0.0
-120.127647134627,39.3031069625152,1778.103759765625,snow,snow,1.0,0.0,0.0,1.0,0.0,0.0
-120.152503005589,39.3168350697745,1801.9166259765625,snow,snow,1.0,0.0,0.0,1.0,0.0,0.0
-120.158046315526,39.3231540330764,1807.9423828125,snow,snow,1.0,0.0,0.0,1.0,0.0,0.0
-120.0079562,38.9238082,1905.078125,snow,snow,1.0,0.0,0.0,1.0,0.0,0.0
-120.253995991999,39.3635815918303,2042.4560546875,snow,snow,1.0,0.0,0.0,1.0,0.0,0.0
-119.966861,39.2519628,2016.028076171875,snow,snow,1.0,0.0,0.0,1.0,0.0,0.0
-120.9819655,39.0433733,689.05712890625,rain,rain,0.0,0.0,1.0,0.0,0.0,1.0
-120.9688168,38.6639158,416.0556945800781,rain,rain,0.0,0.0,1.0,0.0,0.0,1.0
-120.689664079309,38.6953660935832,809.8617553710938,rain,rain,0.0,0.0,1.0,0.0,0.0,1.0
-120.2239496,38.0187905,1123.33447265625,rain,rain,0.0,0.0,1.0,0.0,0.0,1.0
-120.5675118,38.378701,625.4950561523438,rain,rain,0.0,0.0,1.0,0.0,0.0,1.0
-120.9688027,38.6639101,416.0556945800781,rain,rain,0.312225842140202,0.0,0.687774157859798,0.0,0.0,1.0
-120.996122395494,39.2601744201488,827.8338012695312,rain,rain,0.0005574114234158976,0.0,0.9994425885765842,0.0,0.0,1.0
-120.980469811411,39.2606057231004,898.4501953125,rain,rain,0.0005758140714499242,0.0,0.9994241859285501,0.0,0.0,1.0
-119.997456973256,38.8523839577793,1980.7945556640625,snow,snow,0.6336722595520321,0.0,0.36632774044796795,1.0,0.0,0.0
-120.166512208486,39.1421172165099,1993.328857421875,snow,snow,0.579757580725506,0.0,0.420242419274494,1.0,0.0,0.0
-120.269097158758,38.0564111528308,1192.9775390625,rain,rain,0.4694346254756262,0.0,0.5305653745243738,0.0,0.0,1.0
-120.966494605119,39.2607763960966,928.4439086914062,rain,snow,0.8688530595982062,0.0,0.13114694040179378,0.0,0.0,1.0
-119.947006882582,38.9609227888661,1902.406005859375,snow,snow,0.9795751423054927,0.0,0.020424857694507352,1.0,0.0,0.0
-120.1916604,37.8369337,872.5946044921875,rain,snow,0.8014873280812895,0.0,0.19851267191871041,0.0,0.0,1.0
-119.996491608351,38.8704277296918,1950.8565673828125,snow,snow,0.978278161103422,0.0,0.02172183889657798,1.0,0.0,0.0
-120.966494044667,39.2607757959039,928.4439086914062,rain,rain,0.260106858309295,0.12653528164702388,0.6133578600436811,0.0,0.0,1.0
-120.9688175,38.6639144,416.0556945800781,rain,rain,0.13090269676558242,0.27629907285411914,0.5927982303802986,0.0,0.0,1.0
-120.0722322,38.1480725,1605.92138671875,mix,rain,0.1987923196999488,0.0,0.8012076803000511,0.0,1.0,0.0
-119.8691773,39.6023718,1591.5308837890625,snow,rain,0.0,0.20552717227392076,0.7944728277260792,1.0,0.0,0.0
-119.8690807,39.60229,1591.5308837890625,snow,snow,1.0,0.0,0.0,1.0,0.0,0.0
-120.007673604436,39.527449696601,1521.617431640625,snow,snow,1.0,0.0,0.0,1.0,0.0,0.0
-119.8319897,39.6154715,1555.482177734375,snow,snow,1.0,0.0,0.0,1.0,0.0,0.0
-119.8693508,39.6024267,1591.5308837890625,snow,snow,1.0,0.0,0.0,1.0,0.0,0.0
-119.925290285741,39.847228396853,1491.7423095703125,snow,snow,1.0,0.0,0.0,1.0,0.0,0.0
-120.070637392081,39.2378591427055,1922.7923583984375,snow,snow,1.0,0.0,0.0,1.0,0.0,0.0
-119.777941636563,39.3828256341884,1549.0029296875,snow,snow,0.6291908770043327,0.02811050994171008,0.3426986130539572,1.0,0.0,0.0
-119.8642533,39.6412984,1511.9696044921875,snow,snow,0.9984465012469192,0.001088088668385953,0.0004654100846947892,1.0,0.0,0.0
-119.994468178988,39.2488210647499,1921.083251953125,snow,snow,0.9902840320422146,0.0,0.009715967957785301,1.0,0.0,0.0
-119.5824399,39.2715293,1333.44287109375,snow,snow,0.7177793711671556,0.09022600761758087,0.19199462121526345,1.0,0.0,0.0
-119.925145549337,39.2924672776465,2582.84716796875,snow,snow,0.9901632461084583,0.0,0.009836753891541747,1.0,0.0,0.0
-119.9667817,39.2519809,2016.028076171875,snow,snow,0.9914581783254344,0.0,0.008541821674565627,1.0,0.0,0.0
-119.8590589,39.6381231,1514.82080078125,snow,snow,0.9983565754511636,0.001161115242831648,0.0004823093060047209,1.0,0.0,0.0
-119.733849746486,39.5794942590538,1362.42431640625,snow,mix,0.3634962219319828,0.5988591013260003,0.037644676742016984,1.0,0.0,0.0
-119.947015802711,39.2792055920802,2401.43505859375,snow,snow,0.9935987658057827,0.0,0.006401234194217345,1.0,0.0,0.0
-119.8693079,39.6023967,1591.5308837890625,snow,snow,0.9564536428646473,0.029832579452756025,0.01371377768259671,1.0,0.0,0.0
-119.947006882582,38.9609227888661,1902.406005859375,rain,snow,0.9362720104720859,0.0,0.06372798952791413,0.0,0.0,1.0
-119.823696556279,39.4029502705416,1699.9962158203125,snow,snow,0.7432876972869497,0.03301686826810825,0.22369543444494208,1.0,0.0,0.0
-119.840046961063,39.535553218426,1417.9295654296875,snow,snow,0.7926494167476912,0.13011018260867627,0.07724040064363244,1.0,0.0,0.0
-120.269097158758,38.0564111528308,1192.9775390625,rain,snow,0.6569849964978264,0.0,0.34301500350217373,0.0,0.0,1.0
-119.7468151,39.4250811,1368.7227783203125,rain,snow,0.9272083030451831,0.07279169695481692,0.0,0.0,0.0,1.0
-119.948403767276,39.019968031545,1914.71337890625,snow,rain,0.20499016900083528,0.0,0.7950098309991648,1.0,0.0,0.0
-119.687781309672,38.9157460521084,1515.9644775390625,rain,snow,0.7023255121001873,0.0,0.2976744878998127,0.0,0.0,1.0
-119.709375465449,39.5456454721724,1341.52783203125,mix,snow,0.9372890155061049,0.0,0.06271098449389502,0.0,1.0,0.0
-120.4689733,39.8056968,1484.389892578125,rain,rain,0.4583809053529151,0.05470484267327081,0.48691425197381405,0.0,0.0,1.0
-120.243988,39.6787075,1505.601806640625,rain,snow,0.6661537626475872,0.06578711378591634,0.2680591235664965,0.0,0.0,1.0
-119.804649992482,39.5165330496078,1359.778076171875,rain,mix,0.1884896958208363,0.6197072381509462,0.19180306602821753,0.0,0.0,1.0
-119.7879337,39.5421232,1362.178955078125,rain,mix,0.07993398932176937,0.9063409135930172,0.013725097085213526,0.0,0.0,1.0
-119.7879821,39.5390972,1362.178955078125,mix,rain,0.10821275619206892,0.04423149645382736,0.8475557473541037,0.0,1.0,0.0
-120.038895033117,39.2394074508167,1900.5201416015625,mix,snow,0.9935040961694924,0.0,0.006495903830507583,0.0,1.0,0.0
-119.7838461,39.5252651,1353.646484375,mix,snow,0.3703965543101015,0.3235258943312319,0.3060775513586666,0.0,1.0,0.0
-119.7806829,39.5051356,1347.0509033203125,mix,rain,0.16852593461013693,0.3760104688147775,0.45546359657508556,0.0,1.0,0.0
-119.709375465449,39.5456454721724,1341.52783203125,rain,mix,0.13942405226705884,0.641313932514912,0.21926201521802913,0.0,0.0,1.0
-120.269596011024,38.024096591051,858.2250366210938,rain,rain,0.39365135460777156,0.09485438518332767,0.5114942602089009,0.0,0.0,1.0
-119.7902957,39.4719989,1370.559814453125,rain,rain,0.17487346868067438,0.3881905060031027,0.4369360253162229,0.0,0.0,1.0
-119.7624479,39.4470832,1369.423095703125,rain,rain,0.1077983800888301,0.21458689408713844,0.6776147258240315,0.0,0.0,1.0
-119.697261880502,39.5791469290717,1438.1224365234375,mix,rain,0.10126412849703739,0.23137018918239066,0.6673656823205719,0.0,1.0,0.0
-119.989570657372,38.8870410970468,1952.5621337890625,rain,rain,0.012976696238134744,0.003641272861322651,0.9833820309005427,0.0,0.0,1.0
-119.845530548331,39.4969928696712,1481.221923828125,snow,rain,0.07402677036292075,0.30301568288797637,0.6229575467491029,1.0,0.0,0.0
-118.635196244268,37.513490227087,1956.84814453125,snow,snow,0.8453844023834277,0.02052961040437693,0.13408598721219522,1.0,0.0,0.0
-119.009716716093,37.646625509074,2740.445068359375,snow,snow,0.7892512203444288,0.02483707987240298,0.18591169978316827,1.0,0.0,0.0
-119.76592318704,39.4078412547424,1410.70751953125,rain,rain,0.18792092731657403,0.12699882300312226,0.6850802496803038,0.0,0.0,1.0
-119.871585232694,39.5313617547841,1503.12060546875,rain,snow,0.4595797608755685,0.2819981027059466,0.2584221364184849,0.0,0.0,1.0
-120.000890076645,38.8672765401583,1948.97900390625,rain,rain,0.011877716857987844,0.0032900450533679603,0.9848322380886442,0.0,0.0,1.0
-119.9809026,39.5169581,1517.4693603515625,snow,rain,0.3009225253720182,0.16751690829275914,0.5315605663352228,1.0,0.0,0.0
-120.2505167,39.3710932,2037.4736328125,snow,snow,0.8299101509109826,0.12191422119072415,0.048175627898293244,1.0,0.0,0.0
-119.778122590199,39.5354228967855,1359.821044921875,snow,mix,0.006766604058724346,0.6614599772708738,0.33177341867040183,1.0,0.0,0.0
-119.682351320561,38.9171063387523,1535.7108154296875,rain,rain,0.2727573149714713,0.08799150141733385,0.6392511836111948,0.0,0.0,1.0
-119.811102114116,39.3210394220064,1542.5299072265625,snow,rain,0.21754745768527992,0.14584439293465598,0.6366081493800642,1.0,0.0,0.0
-120.070636021262,39.2378600204518,1922.7923583984375,snow,mix,0.1535843499608134,0.840378759758898,0.006036890280288606,1.0,0.0,0.0
-119.9668112,39.2519587,2016.028076171875,snow,mix,0.42734363456748525,0.4900858171451255,0.0825705482873893,1.0,0.0,0.0
-120.1087947,39.3457555,1855.036376953125,snow,snow,0.7577266648081975,0.20048956391470327,0.0417837712770992,1.0,0.0,0.0
-119.8692816,39.6024045,1591.5308837890625,snow,rain,0.21074587230354697,0.31907224523486777,0.4701818824615854,1.0,0.0,0.0
-119.9808606,39.5169303,1517.4693603515625,snow,snow,0.7249780799274893,0.20453895341501693,0.07048296665749386,1.0,0.0,0.0
-120.9230878,37.4935153,25.057544708251953,rain,rain,0.0,0.2178635608291807,0.7821364391708193,0.0,0.0,1.0
-119.831923425859,39.5577355508885,1477.43408203125,snow,mix,0.12297159538968973,0.7551428170284741,0.12188558758183615,1.0,0.0,0.0
-119.807177955463,39.4908429386068,1374.2261962890625,rain,rain,0.013147708091864477,0.04482316278508325,0.9420291291230523,0.0,0.0,1.0
-120.175782354897,39.3532567408441,1832.049560546875,snow,snow,1.0,0.0,0.0,1.0,0.0,0.0
-120.083891533166,39.2278918429757,1958.6190185546875,snow,snow,1.0,0.0,0.0,1.0,0.0,0.0
-120.782654,38.5112526,515.516845703125,rain,rain,0.0,0.1501667881724909,0.8498332118275091,0.0,0.0,1.0
-120.686120453761,38.7394760355406,892.43505859375,rain,rain,0.0,0.23601609410380076,0.7639839058961992,0.0,0.0,1.0
-119.697261880502,39.5791469290717,1438.1224365234375,mix,mix,0.09080024325852708,0.787410474478297,0.12178928226317584,0.0,1.0,0.0
-119.8371059,39.6021179,1557.13623046875,snow,rain,0.19937169272881078,0.29944252586638653,0.5011857814048026,1.0,0.0,0.0
-120.177457916458,39.3530421881656,1882.773681640625,snow,snow,1.0,0.0,0.0,1.0,0.0,0.0
-119.947006882582,38.9609227888661,1902.406005859375,mix,mix,0.0,0.934477699590967,0.065522300409033,0.0,1.0,0.0
-119.840046924479,39.5355525890494,1417.9295654296875,mix,rain,0.2900704552875882,0.2768079014562561,0.4331216432561557,0.0,1.0,0.0
-119.955518648795,38.9097175714092,1956.0849609375,mix,mix,0.0,0.8787701455083446,0.12122985449165537,0.0,1.0,0.0
-120.007116291123,39.2258656486924,1943.2259521484375,snow,snow,1.0,0.0,0.0,1.0,0.0,0.0
-120.96649462986,39.2607764497108,928.4439086914062,rain,snow,0.5815611663086967,0.14389364130209878,0.2745451923892045,0.0,0.0,1.0
-119.952184,39.2715303,2182.246337890625,snow,snow,0.9146783264275162,0.08532167357248371,0.0,1.0,0.0,0.0
-119.895141073775,39.5307625924657,1531.3826904296875,mix,mix,0.08195318737099666,0.5820761754221152,0.3359706372068881,0.0,1.0,0.0
-119.996491608614,38.8704277368687,1950.8565673828125,rain,mix,0.0,0.9996901234090416,0.00030987659095845676,0.0,0.0,1.0
-120.9688233,38.6639129,416.0556945800781,rain,rain,0.0311104675645846,0.09402302225291076,0.8748665101825045,0.0,0.0,1.0
-119.8203132,39.5828839,1514.5447998046875,mix,mix,0.22329443447876654,0.7133608117774537,0.06334475374377979,0.0,1.0,0.0
-120.013282928865,38.9211987326673,1911.875244140625,mix,mix,0.005004826527472859,0.88451938840862,0.11047578506390725,0.0,1.0,0.0
-120.070636021262,39.2378600204518,1922.7923583984375,snow,snow,1.0,0.0,0.0,1.0,0.0,0.0
-119.8115029,39.5765251,1520.4451904296875,mix,mix,0.1863667405407802,0.7651987707680075,0.04843448869121242,0.0,1.0,0.0
-119.989570789529,38.8870413077319,1952.5621337890625,mix,mix,0.0,0.5992897284146134,0.4007102715853866,0.0,1.0,0.0
-119.997456973256,38.8523839577793,1980.7945556640625,mix,mix,0.0,0.6532378585504441,0.3467621414495558,0.0,1.0,0.0
-119.687783107742,38.9157435849542,1515.9644775390625,rain,mix,0.0,0.8869093086981137,0.11309069130188634,0.0,0.0,1.0
-120.100227705123,39.3565361714713,1798.48291015625,snow,snow,1.0,0.0,0.0,1.0,0.0,0.0
-119.980776825386,38.9396406967611,1908.990234375,mix,mix,0.0,0.937712328142267,0.06228767185773295,0.0,1.0,0.0
-119.750201989456,39.1853860957906,1433.7567138671875,snow,snow,0.5269766132303444,0.41313009129617867,0.059893295473476965,1.0,0.0,0.0
-120.1619333,39.138667,1920.8233642578125,snow,snow,1.0,0.0,0.0,1.0,0.0,0.0
-120.164776657932,39.3167420002256,1807.9423828125,snow,snow,1.0,0.0,0.0,1.0,0.0,0.0
-119.925288755272,39.8472910516297,1491.7423095703125,rain,snow,0.6721364376543184,0.19658964548785215,0.13127391685782944,0.0,0.0,1.0
-120.000890076645,38.8672765401583,1948.97900390625,mix,rain,0.0,0.13887280140872335,0.8611271985912767,0.0,1.0,0.0
-119.8125769,39.505741,1371.762451171875,rain,rain,0.008537346818451924,0.02910307517034085,0.9623595780112072,0.0,0.0,1.0
-120.4689733,39.8056968,1484.389892578125,snow,snow,0.632127635875176,0.3302077676448206,0.03766459648000337,1.0,0.0,0.0
-120.452808151134,39.6640063869205,1538.229736328125,mix,snow,1.0,0.0,0.0,0.0,1.0,0.0
-120.2239713,38.0188471,1123.33447265625,rain,rain,0.0,0.3274492528802966,0.6725507471197034,0.0,0.0,1.0
-119.7764308,39.4499907,1370.5115966796875,rain,rain,0.03925549366328148,0.3787572619012337,0.5819872444354849,0.0,0.0,1.0
-119.8115297,39.5003349,1371.762451171875,rain,rain,0.006211712175062672,0.021340309915985577,0.9724479779089517,0.0,0.0,1.0
-119.9016619,39.5170088,1471.944091796875,mix,mix,0.06404688778642247,0.6537489633804515,0.282204148833126,0.0,1.0,0.0
-119.5824323,39.2714978,1333.44287109375,snow,mix,0.3049619466992994,0.38063570844750017,0.31440234485320057,1.0,0.0,0.0
-120.007605774519,39.5272541594089,1521.617431640625,snow,snow,0.8258954068335449,0.13774034128011892,0.03636425188633619,1.0,0.0,0.0
-119.7825253,39.2958817,1543.263916015625,mix,snow,0.5404168935317784,0.21217754811229633,0.2474055583559254,0.0,1.0,0.0
-120.3158574281,39.8175428470894,1494.4031982421875,snow,snow,0.6936595350649319,0.1948255100811163,0.11151495485395177,1.0,0.0,0.0
-120.1426722,39.176105,1991.058837890625,snow,snow,1.0,0.0,0.0,1.0,0.0,0.0
-119.986011622142,39.6800253495135,1552.726806640625,snow,snow,0.551381666013334,0.29990169784578824,0.14871663614087777,1.0,0.0,0.0
-119.8692929,39.6023998,1591.5308837890625,snow,snow,0.4429810068360325,0.29420415963390534,0.2628148335300623,1.0,0.0,0.0
-119.8707336,39.5249275,1486.023193359375,rain,mix,0.06877835867040001,0.7870615913742762,0.1441600499553238,0.0,0.0,1.0
-119.733849746486,39.5794942590538,1362.42431640625,mix,mix,0.1266590131568762,0.7692480220866298,0.10409296475649399,0.0,1.0,0.0
-119.765902340857,39.4078376363248,1410.70751953125,mix,rain,0.0,0.15962944953526617,0.8403705504647339,0.0,1.0,0.0
-119.8320352,39.615483,1555.482177734375,rain,snow,0.7778914901556726,0.20886083427289867,0.013247675571428568,0.0,0.0,1.0
-119.777942482353,39.3828259194871,1549.0029296875,snow,rain,0.04158674516225793,0.42732867900646354,0.5310845758312785,1.0,0.0,0.0
-119.8692207,39.6023295,1591.5308837890625,mix,mix,6.06954232248617e-07,0.9999974513134136,1.941732354100321e-06,0.0,1.0,0.0
-120.951080944492,39.9368170084167,1042.9046630859375,rain,snow,0.38614276705277006,0.2653309106206211,0.3485263223266088,0.0,0.0,1.0
-120.452784011253,39.663846376389,1538.229736328125,snow,rain,0.14245020512052745,0.2258116931770162,0.6317381017024564,1.0,0.0,0.0
-119.7627444,39.4471126,1369.423095703125,rain,rain,4.2318201909759036e-06,1.177147653804057e-05,0.999983996703271,0.0,0.0,1.0
-119.7825392,39.2958358,1543.263916015625,snow,rain,0.35947456311980236,0.16051224356950394,0.48001319331069364,1.0,0.0,0.0
-119.7468647,39.4250616,1368.7227783203125,rain,rain,0.06339818363579074,0.295198002796359,0.6414038135678504,0.0,0.0,1.0
-119.7583806,39.5032773,1341.24169921875,rain,rain,0.0,0.07937317775819186,0.920626822241808,0.0,0.0,1.0
-119.765902342233,39.4078376367335,1410.70751953125,mix,rain,0.2147377708575762,0.0,0.7852622291424238,0.0,1.0,0.0
-119.8693095,39.6024109,1591.5308837890625,mix,mix,7.69975413440259e-07,0.9999967705279018,2.4594966847272834e-06,0.0,1.0,0.0
-119.968381738994,39.5207316540186,1480.8189697265625,snow,mix,0.0,0.7103012406301288,0.28969875936987116,1.0,0.0,0.0
-120.9688074,38.663903,416.0556945800781,rain,snow,0.8294402709429256,0.17055972905707437,0.0,0.0,0.0,1.0
-120.067083487544,39.2487032525303,2091.598876953125,snow,snow,0.9959906838289452,0.0019127862561055026,0.0020965299149492776,1.0,0.0,0.0
-119.997456973256,38.8523839577793,1980.7945556640625,snow,mix,0.0098983759816636,0.9901016240183363,0.0,1.0,0.0,0.0
-120.4689733,39.8056968,1484.389892578125,rain,snow,0.7244265493947749,0.1940824198067191,0.08149103079850609,0.0,0.0,1.0
-119.9669208,39.2519566,2016.028076171875,snow,snow,0.8791637093434493,0.04170275006930361,0.07913354058724703,1.0,0.0,0.0
-119.8003555,39.5161754,1359.778076171875,rain,rain,0.0,0.09850883691566802,0.9014911630843319,0.0,0.0,1.0
-120.100227705123,39.3565361714713,1798.48291015625,snow,snow,0.8820680422672051,0.05932423370869235,0.05860772402410257,1.0,0.0,0.0
-119.7625704,39.4471201,1369.423095703125,rain,rain,4.227738419917729e-06,1.1761856452983823e-05,0.9999840104051271,0.0,0.0,1.0
-119.86914,39.6021903,1591.5308837890625,mix,mix,1.369920979739943e-06,0.9999942410413305,4.389037689714196e-06,0.0,1.0,0.0
-119.796617764886,39.419033591766,1507.8775634765625,rain,rain,0.14696771431139952,0.31739872565915256,0.535633560029448,0.0,0.0,1.0
-119.806925268218,39.4908946227897,1374.2261962890625,rain,rain,0.0,0.09054569402557744,0.9094543059744226,0.0,0.0,1.0
-119.885053826216,39.532208960595,1516.285888671875,mix,mix,0.1681031479276662,0.42736801023616877,0.4045288418361651,0.0,1.0,0.0
-118.635194997484,37.5134818583214,1956.84814453125,snow,snow,0.731745994773603,0.268254005226397,0.0,1.0,0.0,0.0
-120.070636021262,39.2378600204518,1922.7923583984375,snow,snow,0.9962032036447647,0.0018181483972954484,0.0019786479579399106,1.0,0.0,0.0
-119.996491608623,38.870427737098,1950.8565673828125,mix,snow,0.9989936399089042,0.0010063600910958513,0.0,0.0,1.0,0.0
-119.749620994772,38.9503869635918,1446.9903564453125,rain,rain,0.15650729602784944,0.0,0.8434927039721505,0.0,0.0,1.0
-119.7468647,39.4250616,1368.7227783203125,rain,rain,0.0579971954712039,0.09158399458199389,0.8504188099468023,0.0,0.0,1.0
-119.682351320561,38.9171063387523,1535.7108154296875,rain,rain,0.0013624642500648671,0.0,0.9986375357499352,0.0,0.0,1.0
-120.007673604436,39.527449696601,1521.617431640625,snow,snow,0.8034931738104714,0.10840309490181835,0.08810373128771026,1.0,0.0,0.0
-120.000890076645,38.8672765401583,1948.97900390625,snow,snow,0.9888297101980227,0.0,0.01117028980197727,1.0,0.0,0.0
-119.7592733,39.5444424,1350.02880859375,rain,mix,0.3235868787907651,0.42322353381355865,0.25318958739567626,0.0,0.0,1.0
-119.9550565,39.2557993,2003.246337890625,snow,snow,0.992798429763547,0.0016084459637320963,0.005593124272720916,1.0,0.0,0.0
-119.733849746486,39.5794942590538,1362.42431640625,rain,snow,0.482111951042895,0.17829874028613318,0.33958930867097187,0.0,0.0,1.0
-119.930081674473,39.5227430463888,1500.779541015625,snow,snow,0.8042790349862795,0.12125682241602145,0.07446414259769905,1.0,0.0,0.0
-119.8034272,39.5669275,1488.3441162109375,mix,snow,0.8422160012937917,0.0,0.15778399870620838,0.0,1.0,0.0
-119.8254021,39.5889538,1559.5260009765625,snow,snow,0.8682698728506053,0.13173012714939464,0.0,1.0,0.0,0.0
-119.832309,39.4790526,1471.4849853515625,mix,snow,0.49962041158366083,0.3326523351810016,0.16772725323533758,0.0,1.0,0.0
-119.8390383,39.5976963,1575.891357421875,snow,snow,0.9514706191487179,0.048529380851282146,0.0,1.0,0.0,0.0
-120.003139557124,38.9134905173503,1912.7034912109375,rain,snow,0.9586361463453157,0.0,0.041363853654684396,0.0,0.0,1.0
-119.870796242176,39.5248221530841,1486.023193359375,snow,snow,0.9999029004724879,1.9105128812148276e-05,7.799439869993977e-05,1.0,0.0,0.0
-119.8707542,39.5248755,1486.023193359375,snow,snow,0.9999003668040818,1.937203424282683e-05,8.026116167534208e-05,1.0,0.0,0.0
-120.3158574281,39.8175428470894,1494.4031982421875,mix,snow,0.8870166008768988,0.11298339912310124,0.0,0.0,1.0,0.0
-119.9016619,39.5170088,1471.944091796875,snow,snow,0.769368614045518,0.1505267673757135,0.08010461857876858,1.0,0.0,0.0
-119.8316748,39.6154949,1555.482177734375,snow,snow,0.8780950330648305,0.12190496693516945,0.0,1.0,0.0,0.0
-120.2240142,38.0187787,1123.33447265625,rain,rain,0.40358480931030377,0.0,0.5964151906896962,0.0,0.0,1.0
-119.996491608628,38.8704277372292,1950.8565673828125,snow,snow,0.9874396165860662,0.0,0.012560383413933923,1.0,0.0,0.0
-119.8125769,39.505741,1371.762451171875,mix,snow,0.536787883623986,0.28143166577315537,0.18178045060285866,0.0,1.0,0.0
-119.8486502,39.597804,1597.0430908203125,snow,snow,0.9998962670565078,0.00010373294349221601,0.0,1.0,0.0,0.0
-120.175579140102,39.3534040070408,1832.049560546875,snow,snow,0.9322085577620154,0.06779144223798467,0.0,1.0,0.0,0.0
-119.942243902946,38.9462017179202,1968.659423828125,snow,rain,0.4116590377344439,0.0,0.5883409622655562,1.0,0.0,0.0
-119.8692348,39.6023551,1591.5308837890625,snow,mix,0.00013812829867799177,0.999861871701322,0.0,1.0,0.0,0.0
-119.8710492,39.5249274,1486.023193359375,snow,snow,0.9999946890552276,1.0422175034069462e-06,4.2687272690439695e-06,1.0,0.0,0.0
-120.968798,38.6639081,416.0556945800781,rain,snow,0.7350249614557409,0.0,0.2649750385442592,0.0,0.0,1.0
-119.9667677,39.2520019,2016.028076171875,snow,snow,0.9933169236144248,0.0015140753820560382,0.005169001003519243,1.0,0.0,0.0
-119.796617764886,39.419033591766,1507.8775634765625,rain,rain,0.1419159245833825,0.18486304791094577,0.6732210275056717,0.0,0.0,1.0
-119.986011622142,39.6800253495135,1552.726806640625,snow,snow,0.8401312834111614,0.1598687165888386,0.0,1.0,0.0,0.0
-119.7625672,39.4471275,1369.423095703125,rain,rain,0.07565262301182504,0.15048618275436265,0.7738611942338122,0.0,0.0,1.0
-119.8710664,39.5249257,1486.023193359375,snow,snow,0.9999946850582047,1.0445113534717642e-06,4.270430441867004e-06,1.0,0.0,0.0
-120.070636021262,39.2378600204518,1922.7923583984375,snow,snow,0.9369746713285966,0.02887120629804663,0.03415412237335678,1.0,0.0,0.0
-119.831923425859,39.5577355508885,1477.43408203125,snow,snow,0.6120753220682519,0.2876957681573984,0.10022890977434976,1.0,0.0,0.0
-119.687773782219,38.9157359693663,1515.9644775390625,rain,rain,0.0014043079578053555,0.0,0.9985956920421947,0.0,0.0,1.0
-119.8488312,39.5977267,1597.0430908203125,snow,snow,0.9998950345664027,0.00010496543359727746,0.0,1.0,0.0,0.0
-119.871585232694,39.5313617547841,1503.12060546875,rain,snow,0.9156387887883437,0.08436121121165628,0.0,0.0,0.0,1.0
-119.89510269159,39.5308163434963,1531.3826904296875,snow,snow,0.45910595459673714,0.4550833759277588,0.0858106694755041,1.0,0.0,0.0
-119.8693396,39.6024311,1591.5308837890625,mix,snow,0.9999968139962097,3.186003790386628e-06,0.0,0.0,1.0,0.0
-119.885053826216,39.532208960595,1516.285888671875,mix,snow,0.8220618158550925,0.0,0.17793818414490736,0.0,1.0,0.0
-120.9688077,38.6639126,416.0556945800781,rain,rain,0.1788303842319585,0.10212701234919305,0.7190426034188484,0.0,0.0,1.0
-120.689652109187,38.6953556478409,809.8617553710938,rain,rain,0.24631876462360247,0.14767623275345898,0.6060050026229387,0.0,0.0,1.0
-119.7585069,39.5027521,1341.24169921875,rain,rain,0.21858110010305276,0.22549833210100456,0.5559205677959427,0.0,0.0,1.0
-120.1426722,39.176105,1991.058837890625,mix,snow,0.9744375791370973,0.016418399724761053,0.009144021138141646,0.0,1.0,0.0
-119.864566190668,39.5342530725372,1486.790283203125,rain,snow,0.5079409750056009,0.49205902499439913,0.0,0.0,0.0,1.0
-119.927933070391,39.5207719609575,1500.779541015625,snow,snow,0.468580491099564,0.3481847654774615,0.1832347434229745,1.0,0.0,0.0
-120.000890076645,38.8672765401583,1948.97900390625,snow,mix,0.0516211356545523,0.8796746097166702,0.0687042546287775,1.0,0.0,0.0
-119.770820572228,39.433387429648,1398.550537109375,rain,rain,0.030086422768399717,0.022953739965991524,0.9469598372656088,0.0,0.0,1.0
-120.007673604436,39.527449696601,1521.617431640625,snow,snow,0.6141383823534052,0.27677330725110877,0.10908831039548603,1.0,0.0,0.0
-119.8487161,39.5978101,1597.0430908203125,snow,mix,0.43187864497230194,0.5510356217025172,0.01708573332518095,1.0,0.0,0.0
-119.8692109,39.6023229,1591.5308837890625,mix,mix,0.11968400943628217,0.8803156353631612,3.552005567486375e-07,0.0,1.0,0.0
-120.002720230034,38.913441653345,1912.7034912109375,mix,snow,0.9052755213749515,0.022161713571500166,0.07256276505354838,0.0,1.0,0.0
-120.4689733,39.8056968,1484.389892578125,rain,snow,0.6998398145456731,0.06534592740869884,0.2348142580456281,0.0,0.0,1.0
-120.3158574281,39.8175428470894,1494.4031982421875,snow,rain,0.1183329178017984,0.07629906028394663,0.8053680219142549,1.0,0.0,0.0
-120.100227705123,39.3565361714713,1798.48291015625,snow,snow,0.7976023990128743,0.2023976009871257,0.0,1.0,0.0,0.0
-119.8692452,39.6023572,1591.5308837890625,mix,mix,0.06769538257278941,0.9323042416417064,3.7578550409226423e-07,0.0,1.0,0.0
-119.952184,39.2715303,2182.246337890625,snow,snow,0.963986444384362,0.016023650286513397,0.01998990532912457,1.0,0.0,0.0
-119.7625748,39.4471174,1369.423095703125,rain,rain,0.03159647458881302,0.025435669124757844,0.9429678562864291,0.0,0.0,1.0
-120.1620308,39.1387615,1920.8233642578125,snow,mix,0.12108584051194007,0.8689968152323614,0.009917344255698488,1.0,0.0,0.0
-119.8707054,39.5249473,1486.023193359375,mix,snow,0.9993492687875631,2.254059586854713e-05,0.0006281906165682911,0.0,1.0,0.0
-120.1916149,37.8369262,872.5946044921875,rain,rain,0.23360743387091037,0.21689213384602155,0.5495004322830681,0.0,0.0,1.0
-119.9667677,39.2520019,2016.028076171875,snow,snow,0.9630236061078989,0.020347372255112593,0.016629021636988487,1.0,0.0,0.0
-119.8710403,39.5249258,1486.023193359375,snow,mix,5.7874432159766355e-05,0.999330187352179,0.000611938215661131,1.0,0.0,0.0
-119.8319905,39.6152417,1555.482177734375,snow,snow,0.5700362577004028,0.4054254946040993,0.02453824769549788,1.0,0.0,0.0
-119.986011622142,39.6800253495135,1552.726806640625,rain,snow,0.5980295710603938,0.32525566758173535,0.07671476135787081,0.0,0.0,1.0
-119.749548876251,38.9503120231101,1446.9903564453125,rain,rain,0.13289894629915927,0.09258110254051136,0.7745199511603293,0.0,0.0,1.0
-119.7435289359,39.5859424922578,1414.6666259765625,mix,snow,0.4578182277038887,0.29797314878731185,0.24420862350879946,0.0,1.0,0.0
-119.682351320561,38.9171063387523,1535.7108154296875,rain,rain,0.1037664887418646,0.06646278326891715,0.8297707279892182,0.0,0.0,1.0
-120.2440857,39.6787828,1505.601806640625,rain,snow,0.5531762602475708,0.14411526754957932,0.3027084722028498,0.0,0.0,1.0
-119.8691238,39.6022265,1591.5308837890625,snow,mix,4.513808651881039e-05,0.9999529215781366,1.940335344567243e-06,1.0,0.0,0.0
-119.840046924479,39.5355525890494,1417.9295654296875,rain,mix,0.2705466925591458,0.3674683247861506,0.36198498265470364,0.0,0.0,1.0
-119.831923425859,39.5577355508885,1477.43408203125,rain,rain,0.2473123239714769,0.24203284567637307,0.51065483035215,0.0,0.0,1.0
-119.8694032,39.6023379,1591.5308837890625,rain,snow,0.5557901367735014,0.0,0.4442098632264987,0.0,0.0,1.0
-119.7585054,39.5029418,1341.24169921875,mix,rain,0.0,0.00019749550993342112,0.9998025044900666,0.0,1.0,0.0
-119.9667677,39.2520019,2016.028076171875,snow,snow,0.9999981403688233,9.531907587973095e-07,9.064404179498899e-07,1.0,0.0,0.0
-119.7583491,39.5033009,1341.24169921875,rain,mix,0.0,0.9997846975610545,0.00021530243894553718,0.0,0.0,1.0
-119.8002257,39.5161137,1359.778076171875,mix,rain,1.0235265226971707e-05,9.2144122124383e-05,0.9998976206126486,0.0,1.0,0.0
-119.7883071,39.2036361,1551.847900390625,rain,rain,0.4133695043467246,0.11084404952069676,0.4757864461325786,0.0,0.0,1.0
-119.733849746486,39.5794942590538,1362.42431640625,mix,rain,0.0,0.37480524695124307,0.6251947530487569,0.0,1.0,0.0
-119.986011622142,39.6800253495135,1552.726806640625,mix,snow,0.5303333687925864,0.0,0.46966663120741353,0.0,1.0,0.0
-120.070636021262,39.2378600204518,1922.7923583984375,mix,snow,0.806247083472683,0.0,0.19375291652731697,0.0,1.0,0.0
-120.007673604436,39.527449696601,1521.617431640625,snow,snow,0.4858601164781723,0.08597621404154895,0.42816366948027873,1.0,0.0,0.0
-119.782508,39.295807,1543.263916015625,rain,rain,0.2622824812262068,0.12985815858672087,0.6078593601870723,0.0,0.0,1.0
-119.8168025,39.525191,1377.3780517578125,mix,rain,0.07079151546903228,0.3440188105089497,0.5851896740220179,0.0,1.0,0.0
-119.831968,39.6154532,1555.482177734375,rain,rain,1.1931013337501016e-06,1.2789521875513574e-07,0.9999986790034475,0.0,0.0,1.0
-119.925290285741,39.847228396853,1491.7423095703125,mix,rain,0.28155709931255923,0.21523161885212888,0.5032112818353118,0.0,1.0,0.0
-119.8709617,39.5248845,1486.023193359375,snow,snow,0.6226091718703107,0.09596781542136469,0.2814230127083246,1.0,0.0,0.0
-119.8692489,39.6023712,1591.5308837890625,rain,snow,0.9415042650682803,0.0,0.05849573493171967,0.0,0.0,1.0
-119.7625746,39.4471358,1369.423095703125,rain,rain,0.056499762347994364,0.4635575674931739,0.47994267015883174,0.0,0.0,1.0
-119.885053826216,39.532208960595,1516.285888671875,snow,snow,0.7046240566134347,0.0693396356630906,0.22603630772347474,1.0,0.0,0.0
-120.1426722,39.176105,1991.058837890625,snow,mix,0.35738349549382026,0.4252526316809767,0.2173638728252031,1.0,0.0,0.0
-119.8319957,39.615432,1555.482177734375,rain,rain,1.1946810700508388e-06,1.278640512959521e-07,0.9999986774548787,0.0,0.0,1.0
-120.164776657932,39.3167420002256,1807.9423828125,rain,snow,0.8011544209458731,0.17586325109598708,0.022982327958139852,0.0,0.0,1.0
-119.997456973256,38.8523839577793,1980.7945556640625,snow,snow,0.9929039319432608,0.002125386273481965,0.004970681783257378,1.0,0.0,0.0
-120.711231327819,38.7306884058549,794.8796997070312,rain,snow,0.7766504973233563,0.11358142244543394,0.1097680802312097,0.0,0.0,1.0
-119.9666765,39.2519646,2016.028076171875,snow,snow,0.99999814152248,9.517195876566448e-07,9.067579323298594e-07,1.0,0.0,0.0
-119.8000755,39.5161874,1359.778076171875,rain,mix,1.0201190546657459e-05,0.9999519040002743,3.789480917903205e-05,0.0,0.0,1.0
-120.100227705123,39.3565361714713,1798.48291015625,snow,rain,0.3710186173124167,0.1375679275384703,0.491413455149113,1.0,0.0,0.0
-119.8692783,39.6023921,1591.5308837890625,snow,rain,4.458411073639665e-07,0.0,0.9999995541588926,1.0,0.0,0.0
-119.877413663267,39.659089181023,1532.5301513671875,snow,rain,0.16682639723141296,0.07264865494762161,0.7605249478209655,1.0,0.0,0.0
-119.99649160861,38.8704277367529,1950.8565673828125,snow,snow,0.9922953905752131,0.002329801620778876,0.005374807804008077,1.0,0.0,0.0
-119.980776324775,38.939635754158,1908.990234375,snow,rain,0.09619734822095999,0.011818763972565701,0.8919838878064742,1.0,0.0,0.0
-119.799543331328,39.5708625134471,1488.3441162109375,mix,mix,0.1762459484156519,0.6107925566491318,0.21296149493521627,0.0,1.0,0.0
-119.8319957,39.615432,1555.482177734375,mix,snow,0.7258586948288935,0.23510351160474915,0.03903779356635734,0.0,1.0,0.0
-119.8487161,39.5978101,1597.0430908203125,snow,snow,0.495042228263135,0.47408484651014937,0.030872925226715624,1.0,0.0,0.0
-119.762562,39.4471243,1369.423095703125,rain,rain,0.0681557351478275,0.26948226380322354,0.662362001048949,0.0,0.0,1.0
-120.070636021262,39.2378600204518,1922.7923583984375,snow,snow,0.7978181504784392,0.04713849488276376,0.15504335463879707,1.0,0.0,0.0
-119.966779,39.2519716,2016.028076171875,snow,snow,0.717949899068488,0.05150116627027957,0.23054893466123247,1.0,0.0,0.0
-119.986011622142,39.6800253495135,1552.726806640625,rain,snow,0.6518534480809705,0.34814655191902955,0.0,0.0,0.0,1.0
-119.869308,39.6024282,1591.5308837890625,snow,snow,0.635828001406632,0.3362831230883943,0.027888875504973744,1.0,0.0,0.0
-119.80692406316,39.4908489203737,1374.2261962890625,rain,rain,0.10222754253907716,0.39511180902217685,0.502660648438746,0.0,0.0,1.0
-119.7585793,39.5028866,1341.24169921875,rain,rain,0.056110544930628344,0.3536597443049041,0.5902297107644675,0.0,0.0,1.0
-119.831923425859,39.5577355508885,1477.43408203125,mix,mix,0.13497784627525053,0.7084916015713951,0.15653055215335443,0.0,1.0,0.0
-119.840046924479,39.5355525890494,1417.9295654296875,mix,mix,0.20510190698672132,0.588308517997989,0.2065895750152897,0.0,1.0,0.0
-120.9688232,38.663914,416.0556945800781,rain,snow,0.4987191348051893,0.2270386251947141,0.27424224000009656,0.0,0.0,1.0
-120.0721974,38.1480039,1605.92138671875,mix,rain,0.3826219267503463,0.0,0.6173780732496537,0.0,1.0,0.0
-119.996491608171,38.8704277247895,1950.8565673828125,rain,snow,0.9333851701147403,0.009967768562689673,0.05664706132257002,0.0,0.0,1.0
-119.808109471698,39.5416085185254,1381.1461181640625,rain,mix,0.03994067206495861,0.9128895793657218,0.04716974856931959,0.0,0.0,1.0
-119.820438361716,39.544909830907,1401.09716796875,mix,rain,0.042201522440811844,0.42332462834017315,0.534473849219015,0.0,1.0,0.0
-119.8709069,39.5247825,1486.023193359375,snow,mix,0.11833572117867255,0.7299955635010185,0.151668715320309,1.0,0.0,0.0
-119.7622695,39.1702999,1429.696044921875,rain,snow,0.6256140059326761,0.0,0.3743859940673238,0.0,0.0,1.0
-119.929490098277,39.5224285444107,1500.779541015625,mix,snow,0.9975636011218411,0.001983835432374975,0.0004525634457839668,0.0,1.0,0.0
-120.007673604436,39.527449696601,1521.617431640625,snow,snow,0.5159512045747522,0.48404879542524787,0.0,1.0,0.0,0.0
-120.2438907,39.6787753,1505.601806640625,mix,snow,0.5629973697535982,0.20101325579613724,0.2359893744502647,0.0,1.0,0.0
-119.927933070391,39.5207719609575,1500.779541015625,snow,mix,0.003680222285914808,0.9958593276860163,0.00046045002806891226,1.0,0.0,0.0
-119.800487493844,39.572011492653,1488.3441162109375,snow,snow,0.9872074117609388,0.0,0.012792588239061108,1.0,0.0,0.0
-119.8319708,39.6154616,1555.482177734375,snow,snow,0.9957591812137605,0.0,0.00424081878623946,1.0,0.0,0.0
-119.831923425859,39.5577355508885,1477.43408203125,snow,snow,0.9866037019303534,0.0,0.013396298069646507,1.0,0.0,0.0
-119.740736842143,38.9332963485775,1455.9168701171875,rain,mix,0.04125796607040878,0.5297864320234807,0.4289556019061105,0.0,0.0,1.0
-120.1426688,39.1760714,1991.058837890625,snow,snow,0.834987810457093,0.08454313960403784,0.08046904993886922,1.0,0.0,0.0
-119.687769443321,38.9157393154988,1515.9644775390625,mix,rain,0.0006513159776724133,0.0004641618969642079,0.9988845221253634,0.0,1.0,0.0
-119.682351320561,38.9171063387523,1535.7108154296875,rain,mix,0.0006385597283842625,0.9907300020162035,0.008631438255412231,0.0,0.0,1.0
-120.968808,38.6639203,416.0556945800781,rain,snow,0.5577927180930924,0.24068429270991365,0.2015229891969939,0.0,0.0,1.0
-119.997456973256,38.8523839577793,1980.7945556640625,snow,mix,0.14060079646349644,0.5989849687784031,0.26041423475810055,1.0,0.0,0.0
-119.877412605912,39.6590871567277,1532.5301513671875,snow,snow,0.9904937316354107,0.0,0.009506268364589378,1.0,0.0,0.0
-119.986011622142,39.6800253495135,1552.726806640625,snow,snow,0.9789007720747318,0.0,0.02109922792526826,1.0,0.0,0.0
-119.94700672329,38.9609219846736,1902.406005859375,mix,snow,0.5641421585933215,0.1158012489379526,0.3200565924687259,0.0,1.0,0.0
-119.8691357,39.6021898,1591.5308837890625,snow,snow,0.9999984292541598,0.0,1.5707458402702993e-06,1.0,0.0,0.0
-120.070636021262,39.2378600204518,1922.7923583984375,snow,snow,0.9317565361535233,0.033993562575640755,0.03424990127083592,1.0,0.0,0.0
-119.8488626,39.597861,1597.0430908203125,snow,snow,0.9977187830553952,0.0,0.0022812169446047885,1.0,0.0,0.0
-119.9667954,39.2519852,2016.028076171875,snow,snow,0.8740940001913987,0.04615040704675977,0.07975559276184159,1.0,0.0,0.0
-119.8693134,39.6024146,1591.5308837890625,snow,snow,0.9999984331245014,0.0,1.5668754986810997e-06,1.0,0.0,0.0
-119.765772382126,39.4079359941743,1410.70751953125,rain,snow,1.0,0.0,0.0,0.0,0.0,1.0
-120.689661828411,38.6953650892026,809.8617553710938,rain,rain,0.3897367530381494,0.0,0.6102632469618506,0.0,0.0,1.0
-119.781564972979,39.4654391187686,1358.387451171875,rain,mix,0.0453833247759693,0.7273861084059974,0.22723056681803339,0.0,0.0,1.0
-120.9688227,38.6639168,416.0556945800781,rain,rain,0.28311680513289855,0.0,0.7168831948671014,0.0,0.0,1.0
-118.635144723362,37.5134169098609,1956.84814453125,snow,snow,0.7630948403486342,0.11360451123614279,0.123300648415223,1.0,0.0,0.0
-119.811070731127,39.3210287252437,1542.5299072265625,snow,snow,0.7639058199741618,0.23609418002583826,0.0,1.0,0.0,0.0
-120.1620145,39.1387692,1920.8233642578125,snow,snow,1.0,0.0,0.0,1.0,0.0,0.0
-119.796617764886,39.419033591766,1507.8775634765625,snow,snow,0.995451411067414,0.0034543418978116172,0.0010942470347744633,1.0,0.0,0.0
-119.760982823623,39.4031813916908,1432.6331787109375,snow,mix,0.2795072431814326,0.7204927568185674,0.0,1.0,0.0,0.0
-119.765771900242,39.4079363175368,1410.70751953125,mix,snow,0.9268080266755144,0.0731919733244856,0.0,0.0,1.0,0.0
-119.79590489835,39.4194002403013,1477.6451416015625,snow,snow,0.9952926770705156,0.00357755373877971,0.0011297691907046926,1.0,0.0,0.0
-119.8708296,39.5248588,1486.023193359375,snow,rain,0.2646478771712337,0.08689365106568642,0.6484584717630798,1.0,0.0,0.0
-119.986011622142,39.6800253495135,1552.726806640625,snow,snow,0.5279695719667362,0.16018326565647203,0.31184716237679183,1.0,0.0,0.0
-119.7469022,39.4251055,1368.7227783203125,mix,mix,0.20709770591188803,0.7929022940881121,0.0,0.0,1.0,0.0
-119.783257722545,39.4187152530983,1454.221923828125,snow,snow,0.8395907887105793,0.16040921128942073,0.0,1.0,0.0,0.0
-119.751870666667,39.4275564166667,1367.1973876953125,mix,mix,0.23102923244299967,0.7569349464737176,0.012035821083282754,0.0,1.0,0.0
-119.767386629054,39.4185485624334,1393.4554443359375,snow,snow,0.8199756730221672,0.1800243269778327,0.0,1.0,0.0,0.0
-119.8486801,39.5978141,1597.0430908203125,snow,snow,0.6178382715417758,0.008284793341836306,0.3738769351163879,1.0,0.0,0.0
-119.762178097709,39.4187468397047,1393.4554443359375,snow,snow,0.777400244040002,0.222599755959998,0.0,1.0,0.0,0.0
-119.8216109,39.52235,1377.3780517578125,rain,snow,0.568884417611348,0.14487965579956963,0.2862359265890825,0.0,0.0,1.0
-119.781219708558,39.4547902533477,1364.1851806640625,rain,rain,0.18974436557322433,0.33598715252891614,0.4742684818978596,0.0,0.0,1.0
-119.925290285741,39.847228396853,1491.7423095703125,mix,snow,0.6569472507401619,0.05698776727366577,0.2860649819861724,0.0,1.0,0.0
-119.789136526912,39.4668680686283,1370.559814453125,mix,rain,0.05779948906493254,0.011947561828012307,0.9302529491070551,0.0,1.0,0.0
-120.100227705123,39.3565361714713,1798.48291015625,snow,snow,1.0,0.0,0.0,1.0,0.0,0.0
-120.070636021262,39.2378600204518,1922.7923583984375,snow,snow,0.9669241160777803,0.033075883922219725,0.0,1.0,0.0,0.0
-119.9667954,39.2519852,2016.028076171875,snow,snow,1.0,0.0,0.0,1.0,0.0,0.0
-119.997456973256,38.8523839577793,1980.7945556640625,snow,snow,0.8486313946425126,0.07323321065992087,0.07813539469756661,1.0,0.0,0.0
-119.8693134,39.6024146,1591.5308837890625,snow,snow,0.7559387089575192,0.008786677964317247,0.23527461307816352,1.0,0.0,0.0
-120.4689399,39.8056428,1484.389892578125,rain,snow,0.6313123269240356,0.16954015277058393,0.19914752030538058,0.0,0.0,1.0
-119.8319534,39.6154532,1555.482177734375,rain,snow,0.9323003094578214,0.01240259138306835,0.05529709915911036,0.0,0.0,1.0
-120.2239686,38.0188445,1123.33447265625,rain,rain,0.05558477565475036,0.0,0.9444152243452496,0.0,0.0,1.0
-119.8708721,39.5247947,1486.023193359375,snow,snow,0.9999871237503523,1.2876249647654905e-05,0.0,1.0,0.0,0.0
-119.799517261539,39.5708399133419,1488.3441162109375,snow,snow,0.5513686024762275,0.3814628482239471,0.06716854929982534,1.0,0.0,0.0
-119.8319534,39.6154532,1555.482177734375,snow,snow,0.9536024475111213,0.046397552488878696,0.0,1.0,0.0,0.0
-119.762562,39.4471243,1369.423095703125,rain,mix,3.757436572454585e-07,0.9999965447154616,3.079540881137551e-06,0.0,0.0,1.0
-119.77790188936,39.3828363150787,1549.0029296875,snow,mix,0.04983145579888902,0.6795434574777984,0.2706250867233126,1.0,0.0,0.0
-119.8708757,39.5248923,1486.023193359375,snow,snow,0.9999871082341862,1.2891765813744298e-05,0.0,1.0,0.0,0.0
-119.980773532031,38.9396410651201,1908.990234375,snow,snow,0.9792649911199094,0.0,0.020735008880090663,1.0,0.0,0.0
-119.7584844,39.5027507,1341.24169921875,rain,mix,0.06336407073275771,0.7385108948155044,0.198125034451738,0.0,0.0,1.0
-119.852144192175,39.5300850874514,1470.497802734375,snow,snow,0.8554627620151513,0.14453723798484874,0.0,1.0,0.0,0.0
-119.7442251,39.5599986,1356.5489501953125,rain,snow,0.5236299980413477,0.3347150802184632,0.14165492174018915,0.0,0.0,1.0
-119.806923411508,39.4908465589845,1374.2261962890625,mix,mix,0.09442382366648597,0.7814007668647834,0.1241754094687307,0.0,1.0,0.0
-119.840046924479,39.5355525890494,1417.9295654296875,snow,snow,0.7285999548955167,0.27140004510448346,0.0,1.0,0.0,0.0
-119.996494342696,38.8704266812404,1950.8565673828125,snow,snow,0.9429068429008721,0.0,0.057093157099127906,1.0,0.0,0.0
-119.927933070391,39.5207719609575,1500.779541015625,snow,snow,0.8102895428685508,0.18971045713144907,0.0,1.0,0.0,0.0
-119.9635566,39.2529879,2016.028076171875,snow,snow,0.9994953394310098,0.00026566685950816463,0.00023899370948203053,1.0,0.0,0.0
-119.8204628,39.5497143,1425.5679931640625,mix,mix,0.4352911320084945,0.5647088679915054,0.0,0.0,1.0,0.0
-119.831923425859,39.5577355508885,1477.43408203125,snow,mix,0.10680232247906794,0.893197677520932,0.0,1.0,0.0,0.0
-119.7625668,39.4471644,1369.423095703125,mix,rain,3.7530292692294553e-07,3.853842428954502e-06,0.9999957708546441,0.0,1.0,0.0
-119.765771897001,39.4079363170182,1410.70751953125,mix,rain,0.25936141834660853,0.2169534046130429,0.5236851770403487,0.0,1.0,0.0
-119.925290285741,39.847228396853,1491.7423095703125,rain,snow,0.8168274651447437,0.18317253485525642,0.0,0.0,0.0,1.0
-119.687783107742,38.9157435849542,1515.9644775390625,rain,snow,0.9171090073813879,0.0,0.08289099261861207,0.0,0.0,1.0
-119.782579,39.2957954,1543.263916015625,snow,snow,0.4581455460318187,0.2512323978530642,0.29062205611511716,1.0,0.0,0.0
-119.869277,39.6023742,1591.5308837890625,snow,snow,0.9165876408091759,0.08341235919082406,0.0,1.0,0.0,0.0
-119.947007825724,38.9609223140881,1902.406005859375,snow,snow,0.9726217667845907,0.0,0.02737823321540936,1.0,0.0,0.0
-120.1619994,39.1387522,1920.8233642578125,snow,snow,0.9508405449005533,0.049159455099446824,0.0,1.0,0.0,0.0
-119.8684768,39.6487998,1513.176025390625,mix,snow,1.0,0.0,0.0,0.0,1.0,0.0
-119.8486476,39.5977961,1597.0430908203125,snow,snow,0.9776419595530993,0.02235804044690073,0.0,1.0,0.0,0.0
-120.352386015414,38.036038587714,984.2950439453125,rain,rain,0.05492884850067242,0.0,0.9450711514993275,0.0,0.0,1.0
-119.5824174,39.2715287,1333.44287109375,rain,snow,0.36323665653590426,0.3246997249412844,0.3120636185228114,0.0,0.0,1.0
-119.8516387,39.62817,1531.5301513671875,snow,snow,0.7974605133755973,0.2025394866244028,0.0,1.0,0.0,0.0
-119.7468748,39.4250733,1368.7227783203125,rain,mix,0.0659863561477152,0.6577786749235024,0.27623496892878247,0.0,0.0,1.0
-119.789390630853,39.4671255318416,1370.559814453125,mix,mix,0.028644663677317207,0.5979917754136198,0.37336356090906303,0.0,1.0,0.0
-119.8362579,39.5987167,1575.891357421875,snow,snow,0.9770282863264499,0.02297171367355011,0.0,1.0,0.0,0.0
-119.9667705,39.2519936,2016.028076171875,snow,snow,0.9995053470117221,0.00026024145971221456,0.00023441152856566597,1.0,0.0,0.0
-119.829338,39.5843811,1559.5260009765625,snow,snow,0.8512296167273459,0.14877038327265424,0.0,1.0,0.0,0.0
-119.8125769,39.505741,1371.762451171875,mix,mix,0.2775375475315341,0.6515978702840177,0.07086458218444827,0.0,1.0,0.0
-119.8267364,39.5556297,1477.43408203125,mix,snow,0.7741502960119091,0.22584970398809098,0.0,0.0,1.0,0.0
-119.8707664,39.5248692,1486.023193359375,snow,rain,0.3017830075028587,0.04434568012579566,0.6538713123713457,1.0,0.0,0.0
-119.789390630853,39.4671255318416,1370.559814453125,rain,rain,0.043895317977395175,0.03944111661979293,0.9166635654028119,0.0,0.0,1.0
-119.8359703,39.4938704,1451.5361328125,snow,rain,0.24761162036200757,0.03577044686920924,0.7166179327687833,1.0,0.0,0.0
-119.8204628,39.5497143,1425.5679931640625,snow,rain,0.39392943479038306,0.11159088115707676,0.49447968405254017,1.0,0.0,0.0
-119.768184929725,39.4437378459194,1369.172607421875,rain,rain,0.17607858991661615,0.29240458831307,0.5315168217703139,0.0,0.0,1.0
-119.753999474526,39.4204903225938,1377.5360107421875,rain,mix,0.20106135569802416,0.40576308498559255,0.3931755593163833,0.0,0.0,1.0
-120.830008419926,39.5590327207806,937.015625,rain,snow,0.6033311225143738,0.12360565945725048,0.27306321802837574,0.0,0.0,1.0
-119.995956952551,38.9126898427505,1909.7303466796875,snow,snow,0.55511330333677,0.18931359929908362,0.2555730973641464,1.0,0.0,0.0
-119.788918258752,39.4187045931044,1477.6451416015625,mix,snow,0.5816414972958506,0.3823734499336161,0.03598505277053336,0.0,1.0,0.0
-119.794115886997,39.4203445625738,1477.6451416015625,snow,mix,0.00045251412766942836,0.9909714455788788,0.008576040293451758,1.0,0.0,0.0
-119.7880202,39.4745179,1367.4193115234375,rain,rain,0.043299525109891795,0.030616629077887574,0.9260838458122207,0.0,0.0,1.0
-119.795817352693,39.4190208136761,1477.6451416015625,mix,snow,0.8842237781161416,0.10745761337974853,0.008318608504109915,0.0,1.0,0.0
-120.0722225,38.1480607,1605.92138671875,rain,rain,0.1800322279505118,0.05507631415958851,0.7648914578898998,0.0,0.0,1.0
-119.9667417,39.2520238,2016.028076171875,snow,snow,0.9999997589526368,9.700349318746025e-08,1.4404387003910727e-07,1.0,0.0,0.0
-119.986011622142,39.6800253495135,1552.726806640625,rain,snow,0.3724282073484263,0.3208500355308594,0.3067217571207143,0.0,0.0,1.0
-119.845126575056,39.5162496835994,1390.816162109375,rain,snow,0.8617720960012938,0.02369707986976822,0.11453082412893803,0.0,0.0,1.0
-118.635202491678,37.5134880051176,1956.84814453125,snow,rain,0.3178014339869548,0.17669999125440655,0.5054985747586387,1.0,0.0,0.0
-119.8693119,39.602414,1591.5308837890625,mix,snow,0.5976546238536601,0.0,0.40234537614634,0.0,1.0,0.0
-119.9667951,39.2520007,2016.028076171875,snow,snow,0.9999997590419568,9.696402465086433e-08,1.4399401861394168e-07,1.0,0.0,0.0
-120.352389531785,38.0360390206943,984.2950439453125,rain,rain,0.16599300493681038,0.046448641028551785,0.7875583540346378,0.0,0.0,1.0
-119.8693119,39.602414,1591.5308837890625,snow,snow,0.4156425724366928,0.25794575906417133,0.32641166849913594,1.0,0.0,0.0
-120.4689399,39.8056428,1484.389892578125,rain,mix,0.10351992156743334,0.8413020608453382,0.05517801758722848,0.0,0.0,1.0
-119.9668153,39.2519749,2016.028076171875,snow,snow,0.4713243465864814,0.19437666474613435,0.3342989886673843,1.0,0.0,0.0
-120.966494605129,39.2607763960739,928.4439086914062,rain,rain,0.2454473537085361,0.2686040837373979,0.485948562554066,0.0,0.0,1.0
-120.452880235528,39.6640983990193,1538.229736328125,mix,rain,0.1297065595539504,0.0,0.8702934404460496,0.0,1.0,0.0
-120.9687958,38.663891,416.0556945800781,rain,rain,0.2185025364408999,0.11315337022295445,0.6683440933361458,0.0,0.0,1.0
-120.352393536621,38.0360388035521,984.2950439453125,rain,rain,0.26334543061484195,0.09698807179913027,0.6396664975860279,0.0,0.0,1.0
-119.997456973256,38.8523839577793,1980.7945556640625,snow,snow,0.9920137421510464,0.0013405447666247547,0.006645713082328877,1.0,0.0,0.0
-120.007673604436,39.527449696601,1521.617431640625,rain,rain,0.30173207519546297,0.28871296103063293,0.40955496377390416,0.0,0.0,1.0
-119.9667748,39.2519835,2016.028076171875,snow,snow,0.9999998449920927,8.242979586096292e-08,7.257811149922327e-08,1.0,0.0,0.0
-120.9688063,38.663888,416.0556945800781,rain,rain,0.17569502743573123,0.02652520754200313,0.7977797650222657,0.0,0.0,1.0
-119.707800343635,39.5476064553278,1345.26025390625,rain,snow,0.4845501961091256,0.19183213678136835,0.3236176671095061,0.0,0.0,1.0
-120.7826192,38.5112469,515.516845703125,rain,rain,0.2180224692557231,0.02611315786516422,0.7558643728791127,0.0,0.0,1.0
-119.8692823,39.6024129,1591.5308837890625,snow,snow,0.8902464146287907,0.04613830399410671,0.06361528137710251,1.0,0.0,0.0
-119.966737,39.2519624,2016.028076171875,snow,snow,0.9999998449832941,8.24422739844758e-08,7.257443198942848e-08,1.0,0.0,0.0
-119.895828534481,39.5091700253616,1430.7427978515625,rain,mix,0.12287691134623137,0.7837188978544348,0.09340419079933387,0.0,0.0,1.0
-119.811103444301,39.3210318974652,1542.5299072265625,mix,snow,0.5360660934060739,0.04961398620950465,0.41431992038442134,0.0,1.0,0.0
-119.810168433681,39.4123493981427,1603.588623046875,snow,rain,0.04676035752204251,0.1488009331940952,0.8044387092838623,1.0,0.0,0.0
-119.8486215,39.5977947,1597.0430908203125,snow,snow,0.8905875503669208,0.04403295375832802,0.06537949587475125,1.0,0.0,0.0
-119.894420157661,39.5322721528435,1531.3826904296875,mix,rain,0.16999385709556714,0.008251715984268868,0.821754426920164,0.0,1.0,0.0
-119.925290285741,39.847228396853,1491.7423095703125,rain,rain,0.4332165833297852,0.11908284817275595,0.4477005684974589,0.0,0.0,1.0
-119.765772416,39.4079363222616,1410.70751953125,rain,snow,0.777086372254458,0.1372176818248498,0.08569594592069214,0.0,0.0,1.0
-119.682351320561,38.9171063387523,1535.7108154296875,rain,snow,0.7921024521265871,0.09604355454887267,0.11185399332454023,0.0,0.0,1.0
-119.996494342408,38.8704266735988,1950.8565673828125,snow,snow,0.9916269524575334,0.0014400555172962252,0.006932992025170376,1.0,0.0,0.0
-120.245323,39.6765837,1505.601806640625,rain,rain,0.3266835799316047,0.13028702747846152,0.5430293925899339,0.0,0.0,1.0
-120.352400722969,38.0360387690943,984.2950439453125,rain,rain,0.45630779825484596,0.0,0.5436922017451541,0.0,0.0,1.0
-119.682351320561,38.9171063387523,1535.7108154296875,rain,rain,0.0005731421138245913,0.0,0.9994268578861755,0.0,0.0,1.0
-119.8706361,39.6040289,1603.2662353515625,snow,mix,0.00013961142209625917,0.9953307541132206,0.0045296344646830805,1.0,0.0,0.0
-120.013282928865,38.9211987326673,1911.875244140625,snow,rain,0.27203957306756993,0.0,0.72796042693243,1.0,0.0,0.0
-119.8379367,39.4925013,1451.5361328125,rain,rain,0.38823101640374313,0.12869144796852997,0.48307753562772693,0.0,0.0,1.0
-120.100227705123,39.3565361714713,1798.48291015625,snow,snow,0.9886026595159971,0.0017413178405654298,0.00965602264343749,1.0,0.0,0.0
-119.709375465449,39.5456454721724,1341.52783203125,rain,rain,0.27401814701032673,0.14419516787106393,0.5817866851186094,0.0,0.0,1.0
-119.810263605597,39.4123602338378,1603.588623046875,snow,rain,0.045334027078077925,0.02360748382778618,0.9310584890941359,1.0,0.0,0.0
-119.749537831698,38.9503790739988,1446.9903564453125,rain,rain,0.06640392342552327,0.0,0.9335960765744766,0.0,0.0,1.0
-119.7513775,39.1816013,1429.7259521484375,rain,rain,0.4325633861960508,0.0,0.5674366138039492,0.0,0.0,1.0
-119.687769443321,38.9157393154988,1515.9644775390625,rain,rain,0.000583661203605717,0.0,0.9994163387963942,0.0,0.0,1.0
-119.9667432,39.2519713,2016.028076171875,snow,snow,0.6202942202741845,0.0,0.37970577972581554,1.0,0.0,0.0
-119.8692968,39.6024176,1591.5308837890625,mix,snow,0.9953704550286091,0.0,0.004629544971390966,0.0,1.0,0.0
-119.76577221958,39.4079363920554,1410.70751953125,rain,snow,0.7995434472759397,0.021568883563168224,0.1788876691608919,0.0,0.0,1.0
-120.007673604436,39.527449696601,1521.617431640625,rain,snow,0.4506211501668774,0.18808175949300468,0.3612970903401179,0.0,0.0,1.0
-120.1088314,39.3457545,1855.036376953125,snow,snow,0.989690118074657,0.0016064624079061382,0.008703419517436924,1.0,0.0,0.0
-119.8319852,39.6154625,1555.482177734375,rain,snow,0.4575856108144009,0.4525074248629535,0.08990696432264564,0.0,0.0,1.0
-120.2261163,37.8590421,849.531494140625,rain,rain,0.08718847410086308,0.025919237174960367,0.8868922887241765,0.0,0.0,1.0
-119.810240731241,39.4124544579373,1603.588623046875,snow,snow,0.9953661952292651,0.0031287668153380907,0.0015050379553969053,1.0,0.0,0.0
-119.966691,39.2519843,2016.028076171875,snow,snow,0.6120732709757757,0.15970331174552996,0.22822341727869433,1.0,0.0,0.0
-120.689661828411,38.6953650892026,809.8617553710938,rain,snow,0.4644568177701649,0.09143118783259173,0.44411199439724347,0.0,0.0,1.0
-119.858004205612,37.8769484015459,1410.0882568359375,rain,rain,0.11972434359684565,0.02810458562289863,0.8521710707802558,0.0,0.0,1.0
-120.966494603358,39.2607763998945,928.4439086914062,rain,snow,0.4978898621381464,0.09503822243030972,0.40707191543154386,0.0,0.0,1.0
-119.8693086,39.6024104,1591.5308837890625,rain,snow,0.5218560204224391,0.17487558706813092,0.30326839250943005,0.0,0.0,1.0
-119.925290285741,39.847228396853,1491.7423095703125,rain,rain,0.38448564470786994,0.11128322293592854,0.5042311323562015,0.0,0.0,1.0
-120.100227705123,39.3565361714713,1798.48291015625,snow,snow,0.6197022444833723,0.1314183293607613,0.2488794261558665,1.0,0.0,0.0
-119.809747705071,39.4129577733073,1603.588623046875,snow,snow,0.9953760312277404,0.003082650526336958,0.0015413182459226365,1.0,0.0,0.0
-119.799662359279,39.4047247323496,1598.559326171875,mix,rain,0.489749109295262,0.0,0.510250890704738,0.0,1.0,0.0
-119.790334574472,39.4073911391538,1559.9521484375,rain,mix,0.31875742883985303,0.679990077533575,0.0012524936265720524,0.0,0.0,1.0
-119.709375465449,39.5456454721724,1341.52783203125,rain,snow,0.7017261314242658,0.010978916537573359,0.28729495203816097,0.0,0.0,1.0
-119.996494340126,38.8704266131098,1950.8565673828125,snow,snow,0.9982616956681722,0.00015340442666180503,0.0015848999051660448,1.0,0.0,0.0
-119.894835951669,37.4389185122367,611.9118041992188,mix,snow,0.6594041238880433,0.0,0.34059587611195674,0.0,1.0,0.0
-119.997456973256,38.8523839577793,1980.7945556640625,snow,snow,0.9982837029604414,0.00015874786473767395,0.0015575491748207801,1.0,0.0,0.0
-119.947007825724,38.9609223140881,1902.406005859375,snow,snow,0.9673342081929814,0.0022659775958419125,0.03039981421117664,1.0,0.0,0.0
-120.2441603,39.6786841,1505.601806640625,rain,snow,0.6791104828030723,0.010111220276372792,0.3107782969205549,0.0,0.0,1.0
-120.100227705123,39.3565361714713,1798.48291015625,snow,rain,0.43761565991227236,0.00855421698601389,0.5538301231017138,1.0,0.0,0.0
-120.9687986,38.6639133,416.0556945800781,rain,snow,0.7619875901875304,0.0606995776753346,0.17731283213713497,0.0,0.0,1.0
-119.8693085,39.6023395,1591.5308837890625,rain,rain,0.008923313632180786,0.0,0.9910766863678192,0.0,0.0,1.0
-120.497652103177,38.5046512995257,1265.690673828125,rain,rain,0.2718960107598974,0.0,0.7281039892401027,0.0,0.0,1.0
-120.000889840657,38.8672779612941,1948.97900390625,snow,rain,0.0,0.0,1.0,1.0,0.0,0.0
-120.9688127,38.6639114,416.0556945800781,rain,rain,0.16089951755743756,0.0,0.8391004824425625,0.0,0.0,1.0
-119.74947784629,38.9503539125521,1446.9903564453125,rain,snow,0.7308001420844227,0.0,0.26919985791557743,0.0,0.0,1.0
-119.871585232694,39.5313617547841,1503.12060546875,rain,rain,0.010832214638550788,0.0,0.9891677853614491,0.0,0.0,1.0
-120.9688034,38.6638997,416.0556945800781,rain,rain,0.0,0.0,1.0,0.0,0.0,1.0
-120.966494607744,39.2607763948748,928.4439086914062,rain,rain,0.0,0.0,1.0,0.0,0.0,1.0
-119.7513758,39.1816218,1429.7259521484375,rain,rain,0.0,0.0,1.0,0.0,0.0,1.0
-119.765772976883,39.4079370679773,1410.70751953125,rain,rain,0.0,0.0,1.0,0.0,0.0,1.0
-120.9821029,39.0434509,689.05712890625,rain,rain,0.0,0.0,1.0,0.0,0.0,1.0
-120.689661828411,38.6953650892026,809.8617553710938,rain,rain,0.0,0.0,1.0,0.0,0.0,1.0
-119.682351320561,38.9171063387523,1535.7108154296875,rain,rain,0.0,0.0,1.0,0.0,0.0,1.0
-120.4689495,39.8056605,1484.389892578125,rain,rain,0.0,0.0,1.0,0.0,0.0,1.0
-119.687801679754,38.9157044857977,1515.9644775390625,rain,snow,0.8459047784703222,0.10825847477534212,0.045836746754335744,0.0,0.0,1.0
-120.4689495,39.8056605,1484.389892578125,rain,mix,0.1674145830663899,0.6819752073464171,0.15061020958719296,0.0,0.0,1.0
-119.8691158,39.602231,1591.5308837890625,mix,rain,0.2272647372858726,0.0,0.7727352627141275,0.0,1.0,0.0
-119.997456973256,38.8523839577793,1980.7945556640625,snow,rain,0.0,0.09384446762597798,0.906155532374022,1.0,0.0,0.0
-119.966783,39.2519675,2016.028076171875,snow,snow,0.9623639282878925,0.0,0.03763607171210757,1.0,0.0,0.0
-119.894835951669,37.4389185122367,611.9118041992188,rain,snow,1.0,0.0,0.0,0.0,0.0,1.0
-119.8693654,39.6023878,1591.5308837890625,snow,snow,0.9732326270234474,0.0,0.026767372976552517,1.0,0.0,0.0
-119.8693654,39.6023878,1591.5308837890625,snow,snow,1.0,0.0,0.0,1.0,0.0,0.0
-120.070636021262,39.2378600204518,1922.7923583984375,snow,snow,1.0,0.0,0.0,1.0,0.0,0.0
-120.175779737216,39.3532527065076,1832.049560546875,snow,snow,1.0,0.0,0.0,1.0,0.0,0.0
-119.8693106,39.6024143,1591.5308837890625,snow,snow,1.0,0.0,0.0,1.0,0.0,0.0
-119.811103444301,39.3210318974652,1542.5299072265625,snow,snow,1.0,0.0,0.0,1.0,0.0,0.0
-119.807294232798,39.4907593682305,1374.2261962890625,rain,snow,0.9233321152395035,0.07666788476049656,0.0,0.0,0.0,1.0
-119.7516365,39.1815024,1429.7259521484375,mix,snow,0.9756030206969222,0.0,0.024396979303077812,0.0,1.0,0.0
-120.749229400739,39.2434364594148,1407.3509521484375,mix,snow,0.999110081783681,0.0,0.0008899182163189591,0.0,1.0,0.0
-120.2505291,39.3711691,2037.4736328125,snow,snow,0.8634469315488769,0.08211791940156017,0.05443514904956287,1.0,0.0,0.0
-120.729309428262,39.2603478496964,1495.1611328125,snow,mix,0.011108557161793785,0.9879542049485838,0.000937237889622405,1.0,0.0,0.0
-119.9632439,39.2533904,2016.028076171875,snow,snow,0.7713118948741673,0.156932550345453,0.07175555478037968,1.0,0.0,0.0
-120.007673604436,39.527449696601,1521.617431640625,snow,snow,0.6504054496689804,0.04821411602920734,0.30138043430181227,1.0,0.0,0.0
-120.100229946948,39.3565374332789,1798.48291015625,snow,snow,0.8813300653696393,0.047623580529446465,0.07104635410091428,1.0,0.0,0.0
-119.6853582,39.2049149,1536.55908203125,snow,mix,0.2064536503475768,0.7663195084678309,0.02722684118459226,1.0,0.0,0.0
-120.468967,39.8056422,1484.389892578125,snow,snow,0.7850415163597275,0.10709568209138952,0.10786280154888296,1.0,0.0,0.0
-119.811058558613,39.3210048982878,1542.5299072265625,snow,snow,0.635989364934888,0.20815446020310402,0.15585617486200792,1.0,0.0,0.0
-119.811103444454,39.3210318973651,1542.5299072265625,snow,snow,0.9831163053304499,0.0,0.016883694669550146,1.0,0.0,0.0
-119.997456973256,38.8523839577793,1980.7945556640625,snow,snow,0.8283715332822583,0.0,0.1716284667177417,1.0,0.0,0.0
-119.858382215764,37.8764812183344,1410.0882568359375,snow,snow,0.7682019385036294,0.0,0.2317980614963707,1.0,0.0,0.0
-120.468967,39.8056422,1484.389892578125,snow,snow,0.9738589634467627,0.0,0.02614103655323734,1.0,0.0,0.0
-120.175581055656,39.353403843873,1832.049560546875,snow,snow,0.968462796000786,0.0,0.031537203999213996,1.0,0.0,0.0
-120.2438298,39.6787579,1505.601806640625,snow,snow,0.976724192123754,0.0,0.023275807876245995,1.0,0.0,0.0
-120.644323499541,38.7166756609785,951.689697265625,rain,snow,1.0,0.0,0.0,0.0,0.0,1.0
-119.9668458,39.25197,2016.028076171875,snow,snow,0.9810861488094671,0.0,0.018913851190532797,1.0,0.0,0.0
-120.711231327819,38.7306884058549,794.8796997070312,rain,rain,0.021924206465336587,0.0,0.9780757935346635,0.0,0.0,1.0
-119.925324660506,39.8471904988673,1491.7423095703125,snow,snow,0.9562131824318378,0.0,0.043786817568162106,1.0,0.0,0.0
-120.269354287304,39.3463642357302,2233.087890625,snow,snow,0.9548383616467102,0.0,0.045161638353289846,1.0,0.0,0.0
-119.9667778,39.2519945,2016.028076171875,snow,snow,0.9565038377695484,0.0,0.04349616223045157,1.0,0.0,0.0
-120.468967,39.8056422,1484.389892578125,snow,snow,0.9181425664711891,0.0,0.08185743352881093,1.0,0.0,0.0
-120.101213435684,39.3563001623381,1798.48291015625,snow,snow,0.9732749410694763,0.0,0.026725058930523713,1.0,0.0,0.0
-120.644323499541,38.7166756609785,951.689697265625,rain,rain,0.022806358252924933,0.0,0.977193641747075,0.0,0.0,1.0
-119.801186926616,39.5723134957889,1488.3441162109375,snow,snow,0.9582325014692746,0.0,0.041767498530725415,1.0,0.0,0.0
-119.801509788981,39.5722152269657,1488.3441162109375,snow,snow,0.9841609280052277,0.007882452910760332,0.007956619084011886,1.0,0.0,0.0
-119.986011622142,39.6800253495135,1552.726806640625,snow,snow,0.9900435184765624,0.004986264766233471,0.0049702167572042745,1.0,0.0,0.0
-119.925262105566,39.8475321876171,1491.7423095703125,snow,snow,0.9879191294818056,0.006045179241120632,0.006035691277073789,1.0,0.0,0.0
-120.253351461254,39.3636061437795,2042.4560546875,snow,snow,0.9359393568507802,0.032387741644270385,0.03167290150494933,1.0,0.0,0.0
-120.35239811919,38.0360294534638,984.2950439453125,mix,rain,0.016856171399188487,0.0,0.9831438286008115,0.0,1.0,0.0
-120.2239743,38.0188359,1123.33447265625,rain,mix,0.016749305630432875,0.9832506943695671,0.0,0.0,0.0,1.0
-119.99649759039,38.8704268634571,1950.8565673828125,snow,snow,0.9519200265659806,0.0,0.04807997343401934,1.0,0.0,0.0
-119.8692989,39.6024182,1591.5308837890625,snow,snow,0.9779435453591462,0.0,0.02205645464085379,1.0,0.0,0.0
-119.749495019307,38.9502022429669,1446.9903564453125,snow,snow,0.9399692554557676,0.0,0.06003074454423249,1.0,0.0,0.0
-119.925318336854,39.8472471974536,1491.7423095703125,snow,snow,0.8144603330571779,0.0,0.18553966694282206,1.0,0.0,0.0
-119.8486883,39.5978123,1597.0430908203125,snow,snow,0.9694480046875105,0.0,0.030551995312489498,1.0,0.0,0.0
-119.734979062717,39.57723411226,1362.42431640625,rain,snow,1.0,0.0,0.0,0.0,0.0,1.0
-119.885053826216,39.532208960595,1516.285888671875,snow,snow,0.8671565503242495,0.0,0.13284344967575037,1.0,0.0,0.0
-119.9666978,39.2519443,2016.028076171875,snow,snow,0.8634752848241568,0.0,0.13652471517584325,1.0,0.0,0.0
-119.869066,39.6022547,1591.5308837890625,snow,snow,0.8074601555784615,0.0,0.1925398444215385,1.0,0.0,0.0
-119.8169037,39.5051402,1390.510498046875,rain,snow,1.0,0.0,0.0,0.0,0.0,1.0
-119.877662238104,39.6593013280286,1532.5301513671875,snow,snow,0.9050053142849175,0.0,0.09499468571508256,1.0,0.0,0.0
-120.007674398989,39.5274534781655,1521.617431640625,snow,snow,0.699622779801747,0.0,0.30037722019825297,1.0,0.0,0.0
-119.924666108879,39.8472371170564,1491.7423095703125,snow,snow,0.8675961638516835,0.0,0.13240383614831655,1.0,0.0,0.0
-120.1620302,39.1387715,1920.8233642578125,snow,snow,1.0,0.0,0.0,1.0,0.0,0.0
-119.9666873,39.251952,2016.028076171875,snow,snow,1.0,0.0,0.0,1.0,0.0,0.0
-119.997456973256,38.8523839577793,1980.7945556640625,snow,snow,1.0,0.0,0.0,1.0,0.0,0.0
-120.453028931017,39.6642378752612,1538.229736328125,snow,snow,0.6511352802981447,0.11301590060806818,0.23584881909378705,1.0,0.0,0.0
-119.831920792736,39.5577348662292,1477.43408203125,rain,mix,0.021209154770021256,0.7729804558114178,0.2058103894185609,0.0,0.0,1.0
-119.8692842,39.6024203,1591.5308837890625,mix,mix,1.0510250085359697e-06,0.9999704994424373,2.8449532554093186e-05,0.0,1.0,0.0
-120.4689546,39.8056596,1484.389892578125,snow,snow,0.7041400944047177,0.10355373554593586,0.19230617004934653,1.0,0.0,0.0
-120.007679885994,39.5274802645298,1521.617431640625,rain,rain,0.056114518956092936,0.15941480706950423,0.7844706739744028,0.0,0.0,1.0
-119.777848273344,39.3828402746947,1549.0029296875,rain,rain,0.15429947943877484,0.27946924206270585,0.5662312784985193,0.0,0.0,1.0
-120.100234692913,39.3565346702924,1798.48291015625,snow,rain,0.08448007702896498,0.19366336750456103,0.721856555466474,1.0,0.0,0.0
-119.8690882,39.6022447,1591.5308837890625,mix,mix,1.0508523497721461e-06,0.9999703312856008,2.8617862049543674e-05,0.0,1.0,0.0
-119.950335232369,39.524811950247,1538.666748046875,rain,rain,0.038885347185568284,0.23046622680317935,0.7306484260112523,0.0,0.0,1.0
-120.177440577593,39.3530280031748,1882.773681640625,snow,snow,0.9543625827023088,0.04563741729769121,0.0,1.0,0.0,0.0
-119.811082817671,39.3210221924455,1542.5299072265625,rain,snow,0.693852974537437,0.0,0.30614702546256306,0.0,0.0,1.0
-119.9808172,39.5169557,1517.4693603515625,rain,mix,0.02069635097196143,0.7808937128803819,0.19840993614765673,0.0,0.0,1.0
-119.765882409078,39.4078276512262,1410.70751953125,rain,rain,0.224315542900343,0.0,0.775684457099657,0.0,0.0,1.0
-119.9667049,39.2519989,2016.028076171875,snow,snow,0.9994383045895442,0.0,0.0005616954104558341,1.0,0.0,0.0
-119.997456973256,38.8523839577793,1980.7945556640625,snow,snow,0.9848296842375374,0.0,0.01517031576246259,1.0,0.0,0.0
-119.831920792736,39.5577348662292,1477.43408203125,rain,rain,0.013373452766342248,0.057971985701971526,0.9286545615316862,0.0,0.0,1.0
-119.9015864,39.5157907,1471.944091796875,rain,rain,0.022553115616313957,0.16204131780565548,0.8154055665780304,0.0,0.0,1.0
-120.7826546,38.511254,515.516845703125,rain,snow,1.0,0.0,0.0,0.0,0.0,1.0
-119.8690882,39.6022447,1591.5308837890625,rain,rain,0.008291442133275644,0.045025906522721794,0.9466826513440026,0.0,0.0,1.0
-120.007678132485,39.5274752711554,1521.617431640625,mix,rain,0.022550195122561,0.0,0.977449804877439,0.0,1.0,0.0
-119.961487814251,39.2518655416047,2003.246337890625,snow,snow,0.9995357178826952,0.0,0.000464282117304812,1.0,0.0,0.0
-119.8644063,39.6412097,1511.9696044921875,rain,rain,0.009078725882069193,0.041358150312840215,0.9495631238050907,0.0,0.0,1.0
-120.1619485,39.1386649,1920.8233642578125,snow,snow,1.0,0.0,0.0,1.0,0.0,0.0
-119.9619172,39.2485486,1922.8812255859375,snow,snow,0.9993570562913756,0.0,0.000642943708624398,1.0,0.0,0.0
-119.945348807817,39.2752027653765,2182.246337890625,snow,snow,0.9906861120840184,0.0,0.00931388791598162,1.0,0.0,0.0
-119.9573209,39.2692322,2304.838623046875,snow,snow,0.9936299773332984,0.0,0.006370022666701567,1.0,0.0,0.0
-119.955548158194,38.9097380883045,1956.0849609375,snow,snow,0.9809538771996272,0.0,0.019046122800372836,1.0,0.0,0.0
-120.101039402926,39.3562572076342,1798.48291015625,snow,snow,0.8985212219830243,0.05071085674865012,0.05076792126832544,1.0,0.0,0.0
-119.8693172,39.602405,1591.5308837890625,rain,snow,0.5749644480529156,0.05772494431846596,0.36731060762861845,0.0,0.0,1.0
-119.997456973256,38.8523839577793,1980.7945556640625,snow,snow,0.9552241005979886,0.026004097134878112,0.01877180226713326,1.0,0.0,0.0
-119.9573081,39.2530979,2003.246337890625,snow,snow,0.9644761631175246,0.005971044113943648,0.029552792768531722,1.0,0.0,0.0
-119.811093555792,39.3210212213267,1542.5299072265625,rain,snow,0.8387378305000214,0.04151058568864886,0.11975158381132987,0.0,0.0,1.0
-119.984926979398,38.8904826404008,1947.20751953125,snow,snow,0.9973577453522903,0.0017879213989268864,0.0008543332487828942,1.0,0.0,0.0
-120.007128339493,39.2258790311239,1943.2259521484375,snow,snow,0.938294453317425,0.019825112460509362,0.04188043422206565,1.0,0.0,0.0
-119.892328613163,38.9799036145588,2223.889892578125,mix,snow,0.8503414455650897,0.0,0.14965855443491033,0.0,1.0,0.0
-119.989530678208,38.8870864487517,1952.5621337890625,snow,snow,0.9975332502122037,0.0016423466960221644,0.0008244030917741156,1.0,0.0,0.0
-119.980773352993,38.9396343636508,1908.990234375,snow,snow,0.8282563921634216,0.1383735065348559,0.03337010130172254,1.0,0.0,0.0
-120.689659248284,38.6953634606225,809.8617553710938,rain,snow,0.8056598498124202,0.11352302870129602,0.08081712148628376,0.0,0.0,1.0
-119.687798051275,38.9156579180052,1515.9644775390625,rain,rain,0.0017213087611425175,0.0006826486833064242,0.9975960425555511,0.0,0.0,1.0
-119.945447006349,39.2752452099767,2182.246337890625,snow,snow,0.9515576069279643,0.0057821097705455975,0.042660283301490166,1.0,0.0,0.0
-119.68235015534,38.9171092526251,1535.7108154296875,rain,rain,0.0016686393563975224,0.000657597058339766,0.9976737635852627,0.0,0.0,1.0
-119.997456973256,38.8523839577793,1980.7945556640625,snow,snow,1.0,0.0,0.0,1.0,0.0,0.0
-120.0079632,38.9238146,1905.078125,snow,snow,1.0,0.0,0.0,1.0,0.0,0.0
-119.98954449922,38.8870465980631,1952.5621337890625,snow,snow,1.0,0.0,0.0,1.0,0.0,0.0
-119.96674,39.2520137,2016.028076171875,snow,snow,1.0,0.0,0.0,1.0,0.0,0.0
-119.945445111417,39.2752450330622,2182.246337890625,snow,snow,1.0,0.0,0.0,1.0,0.0,0.0
-120.000892206162,38.8672777803962,1948.97900390625,snow,snow,1.0,0.0,0.0,1.0,0.0,0.0
-119.945444988647,39.2752448647778,2182.246337890625,snow,rain,0.0,0.0,1.0,1.0,0.0,0.0
-120.003345944099,39.4675881788502,1628.6617431640625,rain,rain,0.48846765051589114,0.0,0.5115323494841089,0.0,0.0,1.0
-119.996493188315,38.8704343128486,1950.8565673828125,rain,rain,0.4573566461984661,0.0,0.542643353801534,0.0,0.0,1.0
-120.192052237443,39.3240931588066,1810.587158203125,rain,rain,0.4750475592440364,0.0,0.5249524407559637,0.0,0.0,1.0
-119.871587630866,39.5313587344861,1503.12060546875,rain,rain,0.0,0.007605276503354042,0.992394723496646,0.0,0.0,1.0
-119.886941794165,38.9704687768352,2233.260009765625,mix,rain,0.0,0.0,1.0,0.0,1.0,0.0
-119.8324014,39.4790376,1471.4849853515625,rain,rain,0.0,0.005514801549400106,0.9944851984505999,0.0,0.0,1.0
-119.787866977623,39.4169269991473,1477.6451416015625,rain,rain,0.0,0.0017093452272087806,0.9982906547727911,0.0,0.0,1.0
-119.790717988145,39.3920176719246,1590.159912109375,rain,rain,0.0,0.0020533799405903263,0.9979466200594096,0.0,0.0,1.0
-119.751764102614,39.403163302295,1411.604248046875,rain,rain,0.0,0.0023954335220008603,0.9976045664779991,0.0,0.0,1.0
-120.221754276547,39.3254577542348,1840.677490234375,mix,snow,0.8365853264795983,0.0,0.1634146735204018,0.0,1.0,0.0
-120.452900624557,39.6641071631821,1538.229736328125,snow,rain,0.06282078091439293,0.17927956605446344,0.7578996530311437,1.0,0.0,0.0
-120.3158574281,39.8175428470894,1494.4031982421875,rain,snow,0.8830320808546308,0.1169679191453693,0.0,0.0,0.0,1.0
-120.1362597671,39.065275709183,1910.2132568359375,snow,mix,0.1328220014828197,0.7720817267898005,0.09509627172737985,1.0,0.0,0.0
-120.1363927,39.4437088,1763.386474609375,snow,snow,1.0,0.0,0.0,1.0,0.0,0.0
-120.067356889018,39.249210015633,2091.598876953125,snow,snow,1.0,0.0,0.0,1.0,0.0,0.0
-119.9666843,39.2520351,2016.028076171875,snow,snow,1.0,0.0,0.0,1.0,0.0,0.0
-120.162025,39.1387564,1920.8233642578125,snow,snow,0.9495872730977923,0.0504127269022077,0.0,1.0,0.0,0.0
-119.996536951502,38.8704171371002,1950.8565673828125,rain,snow,0.8985076623654867,0.10149233763451328,0.0,0.0,0.0,1.0
-120.0079643,38.9238041,1905.078125,snow,mix,0.22143675571480936,0.4748317355487567,0.303731508736434,1.0,0.0,0.0
-120.007123284519,39.2258741085007,1943.2259521484375,snow,snow,1.0,0.0,0.0,1.0,0.0,0.0
-120.162945828589,39.3581807514638,1793.0777587890625,snow,snow,1.0,0.0,0.0,1.0,0.0,0.0
-120.7826594,38.5112509,515.516845703125,rain,rain,0.1465798249971544,0.04635363850783397,0.8070665364950117,0.0,0.0,1.0
-119.997455273766,38.852380278336,1980.7945556640625,snow,rain,0.0652244939363804,0.06512097301083325,0.8696545330527864,1.0,0.0,0.0
-119.9578768,39.2550596,2003.246337890625,snow,snow,1.0,0.0,0.0,1.0,0.0,0.0
-119.95556606957,38.9097756476783,1956.0849609375,mix,snow,0.6758979219719846,0.0,0.3241020780280154,0.0,1.0,0.0
-120.2164482,38.0390765,1206.8160400390625,rain,rain,0.3312906075495948,0.11803093683055418,0.5506784556198511,0.0,0.0,1.0
-120.9819467,39.0433712,689.05712890625,rain,snow,0.5249156458502685,0.0,0.4750843541497316,0.0,0.0,1.0
-120.9688231,38.6639138,416.0556945800781,rain,rain,0.12446670578006275,0.03752229358377228,0.8380110006361648,0.0,0.0,1.0
-120.038422055718,39.2469936374891,1926.0313720703125,snow,snow,1.0,0.0,0.0,1.0,0.0,0.0
-119.871114521318,39.3187674590172,2589.285888671875,snow,snow,1.0,0.0,0.0,1.0,0.0,0.0
-120.009823227413,39.6812938526642,1552.6756591796875,rain,mix,0.3068055203792036,0.6079179438736104,0.08527653574718601,0.0,0.0,1.0
-120.689657778376,38.6953659244507,809.8617553710938,rain,snow,0.7602230400265353,0.0,0.23977695997346476,0.0,0.0,1.0
-119.86014556,39.34252166,2080.765380859375,snow,snow,0.6062990385906029,0.2417183641070722,0.15198259730232488,1.0,0.0,0.0
-119.842946532484,39.373483923096,1874.2142333984375,snow,mix,0.23020967202116407,0.5666064663821874,0.2031838615966486,1.0,0.0,0.0
-119.819311278475,39.3825879153772,1719.46435546875,mix,rain,0.3488442627158523,0.0026520456582694034,0.6485036916258784,0.0,1.0,0.0
-119.803789157805,39.3896014978879,1631.6832275390625,rain,mix,0.17889156734846787,0.8196005543642385,0.0015078782872936245,0.0,0.0,1.0
-119.892327140791,38.9799033320943,2223.889892578125,snow,snow,0.845260372292105,0.0,0.15473962770789487,1.0,0.0,0.0
-119.978228873567,38.9339287192274,1906.9375,snow,snow,0.9728846539108191,0.0,0.027115346089180866,1.0,0.0,0.0
-120.018411380471,38.8219723680259,2024.552734375,rain,snow,0.9995753241965075,0.0,0.00042467580349247563,0.0,0.0,1.0
-120.017652318724,38.8232671168606,2024.552734375,snow,rain,0.0028697876629098706,0.0,0.9971302123370901,1.0,0.0,0.0
-120.0209284,38.8534485,1926.832763671875,snow,snow,0.5032646070720374,0.0,0.49673539292796276,1.0,0.0,0.0
-120.1089511,39.3456584,1855.036376953125,snow,snow,0.6536818388482781,0.18441509613027185,0.16190306502144997,1.0,0.0,0.0
-119.9731503,38.9444151,1908.990234375,snow,snow,0.967888674659091,0.0,0.032111325340909005,1.0,0.0,0.0
-119.9853201,38.9256693,1907.614990234375,snow,snow,0.9442625213913012,0.0,0.055737478608698834,1.0,0.0,0.0
-120.149793841169,38.7942523149565,1779.2369384765625,snow,snow,0.6626702455493912,0.0,0.33732975445060887,1.0,0.0,0.0
-119.989483180633,38.8871208998604,1952.5621337890625,rain,snow,0.9163969707305635,0.0,0.08360302926943657,0.0,0.0,1.0
-119.9667693,39.2519659,2016.028076171875,snow,snow,0.7545300608885959,0.13185630927213096,0.11361362983927327,1.0,0.0,0.0
-119.8692993,39.6024392,1591.5308837890625,mix,rain,0.35855754535746176,0.13343474033957578,0.5080077143029625,0.0,1.0,0.0
-119.978364055297,38.9338959481421,1906.9375,rain,mix,0.0016380221201249508,0.9983619778798751,0.0,0.0,0.0,1.0
-119.977888343967,38.9350515045588,1906.9375,mix,rain,0.0015623839434168764,0.00023868737621112366,0.9981989286803721,0.0,1.0,0.0
-120.187482265127,39.3274041364921,1810.587158203125,mix,snow,0.9164097310521001,0.0818252685123008,0.0017650004355990307,0.0,1.0,0.0
-119.95556606957,38.9097756476783,1956.0849609375,snow,mix,0.0020020057002028625,0.5189285859936194,0.47906940830617784,1.0,0.0,0.0
-119.892327140791,38.9799033320943,2223.889892578125,mix,mix,0.3101478787759498,0.3616755832848656,0.3281765379391847,0.0,1.0,0.0
-120.112872742092,39.354454726452,1749.1435546875,mix,snow,0.6244522135066853,0.367884134730752,0.007663651762562765,0.0,1.0,0.0
-120.17299535276,39.3423482993205,1811.2808837890625,snow,mix,0.0014009244850989836,0.9970062275183663,0.0015928479965347164,1.0,0.0,0.0
-120.253959582835,39.3635374623408,2042.4560546875,snow,snow,0.97857927030504,0.0,0.021420729694960016,1.0,0.0,0.0
-120.175637629169,39.3534701054594,1832.049560546875,snow,snow,0.9748392175652515,0.0,0.02516078243474855,1.0,0.0,0.0
-119.9668222,39.2520186,2016.028076171875,snow,snow,0.9114836515645259,0.0,0.08851634843547415,1.0,0.0,0.0
-120.1620177,39.1387738,1920.8233642578125,snow,snow,0.9577016896184886,0.0,0.04229831038151149,1.0,0.0,0.0
-119.8493319,39.5977828,1597.0430908203125,rain,snow,1.0,0.0,0.0,0.0,0.0,1.0
-120.0079765,38.9238189,1905.078125,snow,snow,0.9426232486936933,0.0,0.05737675130630676,1.0,0.0,0.0
-119.973189268219,38.9440608131681,1908.990234375,snow,snow,0.9687556238743591,0.016554610301828636,0.014689765823812321,1.0,0.0,0.0
-119.9667597,39.2520127,2016.028076171875,snow,rain,0.20757886042401483,0.32169172584753053,0.47072941372845467,1.0,0.0,0.0
-119.950335868102,39.5248145540974,1538.666748046875,rain,rain,0.07968279554258456,0.028296019469320047,0.8920211849880955,0.0,0.0,1.0
-119.809514831189,39.5214474287744,1370.511474609375,rain,rain,0.025237033857492566,0.007866720592896384,0.9668962455496111,0.0,0.0,1.0
-119.997455273766,38.852380278336,1980.7945556640625,snow,snow,0.950185734181713,0.023957173546240627,0.02585709227204639,1.0,0.0,0.0
-119.95556606957,38.9097756476783,1956.0849609375,snow,snow,0.9769109991787306,0.01134807765742951,0.011740923163839925,1.0,0.0,0.0
-119.832321,39.4790514,1471.4849853515625,rain,rain,0.03029536918340929,0.008834667562863103,0.9608699632537276,0.0,0.0,1.0
-120.9819455,39.0433705,689.05712890625,rain,snow,0.5178838841268127,0.18823047892593894,0.2938856369472483,0.0,0.0,1.0
-119.7468709,39.4250506,1368.7227783203125,rain,rain,0.09404218815786572,0.02197970627466828,0.883978105567466,0.0,0.0,1.0
-120.4689152,39.8056317,1484.389892578125,rain,rain,0.1743741863211163,0.11256977685953261,0.7130560368193511,0.0,0.0,1.0
-120.1425942,39.1697567,1916.4578857421875,mix,snow,0.7494548076581534,0.0,0.2505451923418465,0.0,1.0,0.0
-119.8692702,39.6024705,1591.5308837890625,rain,rain,2.985945639744035e-07,0.0,0.999999701405436,0.0,0.0,1.0
-119.996533398038,38.8704083776015,1950.8565673828125,rain,snow,0.9950461842259273,0.0024428807659969023,0.0025109350080758214,0.0,0.0,1.0
-119.8644014,39.64121,1511.9696044921875,rain,rain,0.007525451781148425,0.0,0.9924745482188515,0.0,0.0,1.0
-119.8000318,39.5711293,1488.3441162109375,rain,rain,0.003545962512052341,0.0,0.9964540374879477,0.0,0.0,1.0
-119.997455273766,38.852380278336,1980.7945556640625,snow,rain,0.004085946106350742,0.002224365265088698,0.9936896886285607,1.0,0.0,0.0
-120.083944194715,39.2279199036567,1958.6190185546875,mix,snow,0.9587247083429326,0.0,0.0412752916570674,0.0,1.0,0.0
-120.2437253,39.6787064,1505.601806640625,rain,rain,0.058765835498356706,0.0,0.9412341645016433,0.0,0.0,1.0
-119.8693711,39.6023514,1591.5308837890625,rain,rain,2.988145311877005e-07,0.0,0.9999997011854689,0.0,0.0,1.0
-120.038361120058,39.2470431522647,1926.0313720703125,snow,mix,0.3264792164545178,0.630499549210354,0.04302123433512833,1.0,0.0,0.0
-119.788710053607,39.5570069599319,1418.4364013671875,rain,rain,0.0038496794458834508,0.0,0.9961503205541165,0.0,0.0,1.0
-119.709376873252,39.5456480856734,1341.52783203125,rain,rain,0.023767984593066855,0.008904685830944638,0.9673273295759885,0.0,0.0,1.0
-119.9667446,39.2520175,2016.028076171875,snow,snow,0.6658437653569725,0.23483523112772375,0.09932100351530365,1.0,0.0,0.0
-120.4689521,39.8056579,1484.389892578125,rain,rain,0.0,0.053334045986349055,0.946665954013651,0.0,0.0,1.0
-120.175745613901,39.3533549083228,1832.049560546875,snow,rain,0.4153746991663284,0.0,0.5846253008336716,1.0,0.0,0.0
-119.9667446,39.2520175,2016.028076171875,snow,rain,0.25787807855705736,0.0,0.7421219214429425,1.0,0.0,0.0
-119.8024626,39.5028503,1356.7125244140625,rain,rain,0.14198927172444176,0.0,0.8580107282755582,0.0,0.0,1.0
-120.228909235284,39.8097659235444,1497.85986328125,rain,rain,0.3924315762191036,0.0,0.6075684237808965,0.0,0.0,1.0
-119.777834444555,39.3828371310613,1549.0029296875,rain,rain,0.0537872812840053,0.0,0.9462127187159948,0.0,0.0,1.0
-119.830763609356,39.3765015401635,1739.0556640625,rain,rain,0.07548217475986883,0.0,0.9245178252401312,0.0,0.0,1.0
-120.4687683,39.8056874,1484.389892578125,rain,rain,0.0,0.0,1.0,0.0,0.0,1.0
-120.315861789222,39.8175442664869,1494.4031982421875,rain,rain,0.0,0.0,1.0,0.0,0.0,1.0
-119.9937805,39.5181472,1494.7957763671875,rain,rain,0.0,0.0,1.0,0.0,0.0,1.0
-119.8692989,39.6024111,1591.5308837890625,rain,rain,0.0,0.0,1.0,0.0,0.0,1.0
-119.8644185,39.6412149,1511.9696044921875,rain,rain,0.0,0.0,1.0,0.0,0.0,1.0
-119.777895898357,39.3828261209671,1549.0029296875,rain,rain,0.0,0.0,1.0,0.0,0.0,1.0
-119.997459359403,38.8523915508296,1980.7945556640625,rain,rain,0.0,0.0,1.0,0.0,0.0,1.0
-119.733841561403,39.5794965345455,1362.42431640625,rain,rain,0.0,0.0,1.0,0.0,0.0,1.0
-119.869094,39.6023795,1591.5308837890625,rain,rain,0.0,0.0,1.0,0.0,0.0,1.0
-120.4689395,39.8056367,1484.389892578125,rain,rain,0.0,0.0,1.0,0.0,0.0,1.0
-119.986015277142,39.6800235565866,1552.726806640625,rain,rain,0.0,0.0,1.0,0.0,0.0,1.0
-119.777865193018,39.3828101037715,1549.0029296875,rain,snow,0.7939587488617111,0.20604125113828886,0.0,0.0,0.0,1.0
-119.924624107171,39.8469808393179,1491.7423095703125,snow,rain,0.0,0.19278041746664581,0.8072195825333542,1.0,0.0,0.0
-120.981980147457,39.3124969468936,970.83740234375,mix,rain,0.47923973942044856,0.0,0.5207602605795514,0.0,1.0,0.0
-119.733832299006,39.5794968903946,1362.42431640625,snow,snow,0.9965049944298641,0.0034950055701359634,0.0,1.0,0.0,0.0
-119.679453927203,39.6323499114096,1381.0489501953125,snow,snow,0.9968584345451325,0.003141565454867531,0.0,1.0,0.0,0.0
-119.955564554189,38.9097538987842,1956.0849609375,snow,snow,0.8016637601448862,0.19833623985511392,0.0,1.0,0.0,0.0
-120.644328049054,38.7166714753166,951.689697265625,mix,snow,1.0,0.0,0.0,0.0,1.0,0.0
-119.9612938,39.2540413,2003.246337890625,snow,snow,0.9232272533850124,0.07677274661498762,0.0,1.0,0.0,0.0
-120.644328049054,38.7166714753166,951.689697265625,mix,snow,0.5133012045041117,0.4829824442333512,0.0037163512625371384,0.0,1.0,0.0
-120.497612604199,38.5044933047785,1265.690673828125,snow,snow,0.5975467176969766,0.40245328230302335,0.0,1.0,0.0,0.0
-120.269596811012,38.0240969499464,858.2250366210938,mix,snow,0.9994885494908428,0.0005114505091572377,0.0,0.0,1.0,0.0
-119.017302703149,37.6370083568389,2874.640869140625,snow,snow,0.9997062440797548,0.00029375592024516266,0.0,1.0,0.0,0.0
-120.0721388,38.1480441,1605.92138671875,snow,snow,0.9069391089761303,0.09306089102386969,0.0,1.0,0.0,0.0
-120.686117263001,38.7394762138697,892.43505859375,mix,mix,0.40083698665502604,0.5937637917577108,0.005399221587263141,0.0,1.0,0.0
-120.268415734311,38.0053772995765,931.3102416992188,snow,mix,0.13606807701589882,0.8639319229841012,0.0,1.0,0.0,0.0
-120.588976788176,38.7646532129819,1184.6864013671875,snow,snow,0.9816791674174868,0.018083099513824762,0.00023773306868839943,1.0,0.0,0.0
-120.955960902064,39.101443613195,747.3925170898438,rain,snow,0.6567314635956072,0.3432685364043929,0.0,0.0,0.0,1.0
-119.956016749747,38.1899243452176,2024.268310546875,snow,snow,0.9999992540658053,7.459341947835623e-07,0.0,1.0,0.0,0.0
-119.956223355974,38.1897217566797,2024.268310546875,snow,snow,0.9999992528473562,7.471526437958463e-07,0.0,1.0,0.0,0.0
-120.1681665,39.3015079,1884.2451171875,snow,snow,0.5996885686222345,0.2540406463597913,0.14627078501797416,1.0,0.0,0.0
-120.576854601373,38.7623015610106,1192.2904052734375,snow,snow,0.9996287235405164,0.0003657779001019188,5.49855938168285e-06,1.0,0.0,0.0
-120.577340943099,38.7613091352249,1192.2904052734375,snow,snow,0.9996207873855488,0.00037372725034994013,5.485364101315181e-06,1.0,0.0,0.0
-120.225126212706,38.0416609154907,1151.58544921875,snow,mix,0.4344659018502601,0.56553409814974,0.0,1.0,0.0,0.0
-119.0317935,37.6499399,2707.43310546875,snow,snow,0.9996973743967745,0.00030262560322542854,0.0,1.0,0.0,0.0
-119.858773826135,37.8751661475213,1410.0882568359375,snow,snow,1.0,0.0,0.0,1.0,0.0,0.0
-119.997445238734,38.8523386818796,1980.7945556640625,snow,snow,1.0,0.0,0.0,1.0,0.0,0.0
-120.0079682,38.9238363,1905.078125,snow,snow,1.0,0.0,0.0,1.0,0.0,0.0
-120.1798339,39.3378332,1818.37109375,snow,snow,1.0,0.0,0.0,1.0,0.0,0.0
-119.996481439149,38.8704377656782,1950.8565673828125,snow,snow,1.0,0.0,0.0,1.0,0.0,0.0
-120.0081035,38.9239702,1905.078125,snow,snow,1.0,0.0,0.0,1.0,0.0,0.0
-120.225194339747,38.0417536879815,1151.58544921875,rain,snow,0.9996274997499973,0.0,0.00037250025000274767,0.0,0.0,1.0
-120.0118658,38.9320457,1899.7607421875,snow,snow,1.0,0.0,0.0,1.0,0.0,0.0
-120.1427415,39.1760753,1991.058837890625,snow,snow,1.0,0.0,0.0,1.0,0.0,0.0
-120.234424116667,38.0269445333333,1133.3699951171875,snow,rain,0.0019824535125295677,0.0,0.9980175464874705,1.0,0.0,0.0
-119.955564554189,38.9097538987842,1956.0849609375,snow,snow,1.0,0.0,0.0,1.0,0.0,0.0
-119.997445238734,38.8523386818796,1980.7945556640625,snow,snow,1.0,0.0,0.0,1.0,0.0,0.0
-119.996482025582,38.8704337193247,1950.8565673828125,snow,snow,1.0,0.0,0.0,1.0,0.0,0.0
-119.990483024003,38.9416399390092,1906.83544921875,snow,snow,1.0,0.0,0.0,1.0,0.0,0.0
-119.892320143164,38.9798995590128,2223.889892578125,snow,snow,1.0,0.0,0.0,1.0,0.0,0.0
-120.136571198446,39.1731484525779,1899.986328125,snow,snow,1.0,0.0,0.0,1.0,0.0,0.0
-120.9688709,38.6639376,416.0556945800781,rain,snow,0.8862731361880581,0.0,0.11372686381194189,0.0,0.0,1.0
-119.94302378043,39.2777689023149,2247.71240234375,snow,snow,1.0,0.0,0.0,1.0,0.0,0.0
-119.870898456826,38.9750845890851,2201.280517578125,snow,snow,1.0,0.0,0.0,1.0,0.0,0.0
-120.5677128,38.3788779,625.4950561523438,rain,snow,1.0,0.0,0.0,0.0,0.0,1.0
-120.142179863797,39.1695576394193,1916.4578857421875,snow,snow,0.9703464875507509,0.0,0.02965351244924915,1.0,0.0,0.0
-119.955564554189,38.9097538987842,1956.0849609375,snow,snow,0.9985591569440397,0.0,0.0014408430559603043,1.0,0.0,0.0
-120.000891913158,38.8672783231596,1948.97900390625,snow,snow,0.9995285903371498,0.0,0.00047140966285023065,1.0,0.0,0.0
-119.98080278225,38.9396120697624,1908.990234375,snow,snow,0.9982900540508651,0.0,0.0017099459491348853,1.0,0.0,0.0
-119.997445238734,38.8523386818796,1980.7945556640625,snow,snow,0.9994997325843638,0.0,0.0005002674156362686,1.0,0.0,0.0
-120.2505338,39.3711811,2037.4736328125,snow,snow,0.78677114351581,0.1600807265239551,0.053148129960234845,1.0,0.0,0.0
-119.996481383849,38.8704375415718,1950.8565673828125,snow,snow,0.9918448760506148,0.008155123949385203,0.0,1.0,0.0,0.0
-119.687770251604,38.9157374534485,1515.9644775390625,snow,snow,0.997842428726352,0.00215757127364799,0.0,1.0,0.0,0.0
-119.992795273024,38.9204928711083,1903.6112060546875,snow,snow,0.9916212695160267,0.00837873048397321,0.0,1.0,0.0,0.0
-120.9819702,39.0433184,689.05712890625,rain,mix,0.009784962879625941,0.9902150371203741,0.0,0.0,0.0,1.0
-119.868341595507,39.336554833168,2208.241455078125,snow,snow,0.9961749551567638,0.003825044843236285,0.0,1.0,0.0,0.0
-120.957508309461,39.0158892757517,588.9312744140625,mix,rain,0.010133403701962801,0.021766946077232167,0.968099650220805,0.0,1.0,0.0
-119.6838646,38.8836622,1527.037353515625,snow,snow,0.997872393145213,0.002127606854786877,0.0,1.0,0.0,0.0
-119.899838621061,39.3150076777041,2655.501708984375,snow,snow,0.9959179320855325,0.004082067914467475,0.0,1.0,0.0,0.0
-120.352413396458,38.036021012367,984.2950439453125,mix,snow,0.6835060196598468,0.20743562607271127,0.10905835426744187,0.0,1.0,0.0
-120.8083301,39.2066344,1104.9029541015625,mix,rain,0.24402512423163902,0.3580012330923436,0.3979736426760174,0.0,1.0,0.0
-120.011809,38.9320262,1899.7607421875,snow,snow,1.0,0.0,0.0,1.0,0.0,0.0
-120.0079633,38.9238338,1905.078125,snow,snow,1.0,0.0,0.0,1.0,0.0,0.0
-120.7828292,38.5113393,515.516845703125,rain,rain,0.23312669618670062,0.2995341589312307,0.4673391448820686,0.0,0.0,1.0
-120.352413273535,38.0360210207552,984.2950439453125,mix,snow,0.9563595780091302,0.0,0.0436404219908698,0.0,1.0,0.0
-120.528258581871,38.7601572005819,1005.4168701171875,rain,snow,0.6793056699791847,0.0,0.3206943300208153,0.0,0.0,1.0
-119.989561883199,38.8870762762364,1952.5621337890625,snow,snow,1.0,0.0,0.0,1.0,0.0,0.0
-119.945378162975,39.2752288524577,2182.246337890625,snow,snow,1.0,0.0,0.0,1.0,0.0,0.0
-120.823981847228,39.5679105569823,999.898681640625,snow,snow,0.5638448693603506,0.36333491875196844,0.07282021188768094,1.0,0.0,0.0
-119.687770251604,38.9157374534485,1515.9644775390625,snow,snow,1.0,0.0,0.0,1.0,0.0,0.0
-120.953060864846,39.2007963562111,741.2722778320312,mix,mix,0.36259356311814905,0.5600281320260607,0.07737830485579017,0.0,1.0,0.0
-120.8081234,39.2066235,1104.9029541015625,snow,snow,0.999997702890493,2.0581050545665894e-06,2.390044524443517e-07,1.0,0.0,0.0
-120.8082236,39.206561,1104.9029541015625,snow,snow,0.9999976992274113,2.06159860200054e-06,2.391739865689475e-07,1.0,0.0,0.0
-120.9819696,39.0433176,689.05712890625,mix,rain,0.045334495047648915,0.10515628632223989,0.8495092186301112,0.0,1.0,0.0
-119.996481439629,38.8704377989684,1950.8565673828125,snow,snow,1.0,0.0,0.0,1.0,0.0,0.0
-119.955719928192,38.910055112102,1956.0849609375,snow,snow,1.0,0.0,0.0,1.0,0.0,0.0
-119.997445238734,38.8523386818796,1980.7945556640625,snow,snow,1.0,0.0,0.0,1.0,0.0,0.0
-120.957508309461,39.0158892757517,588.9312744140625,rain,mix,0.042084610445452184,0.9488326955501187,0.009082694004429187,0.0,0.0,1.0
-120.4685744,39.8113722,1484.389892578125,snow,snow,0.6911220051673694,0.24637375097145173,0.06250424386117885,1.0,0.0,0.0
-120.027979224066,38.8178899723346,2246.1806640625,snow,snow,0.9950183810561593,0.0,0.004981618943840834,1.0,0.0,0.0
-120.903004940442,39.1443261341348,929.8777465820312,mix,mix,0.3901260483615652,0.5013554686835215,0.10851848295491331,0.0,1.0,0.0
-120.225104878325,38.0416789116869,1151.58544921875,snow,mix,0.06426684594115305,0.8976506725278927,0.038082481530954324,1.0,0.0,0.0
-119.9667598,39.2539924,2016.028076171875,snow,snow,0.9127632784485187,0.08723672155148136,0.0,1.0,0.0,0.0
-119.959217493849,38.9180427727433,1931.19287109375,snow,snow,0.9995644264912286,0.0004355735087713834,0.0,1.0,0.0,0.0
-120.315859595907,39.8175428886279,1494.4031982421875,snow,snow,0.8237632827045556,0.17623671729544443,0.0,1.0,0.0,0.0
-119.892320143164,38.9798995590128,2223.889892578125,snow,snow,0.9852485721323935,0.01475142786760658,0.0,1.0,0.0,0.0
-120.225104878325,38.0416789116869,1151.58544921875,snow,snow,0.6541098516094037,0.3458901483905964,0.0,1.0,0.0,0.0
-119.0018367,37.6446283,2617.509033203125,snow,snow,0.8064882485301348,0.1935117514698652,0.0,1.0,0.0,0.0
-120.704140205178,38.7328892718383,894.05859375,snow,mix,0.01083523707794223,0.9891647629220578,0.0,1.0,0.0,0.0
-120.644328049054,38.7166714753166,951.689697265625,mix,mix,0.42190718600955796,0.5780928139904421,0.0,0.0,1.0,0.0
-120.689669051717,38.6953602215719,809.8617553710938,mix,snow,0.5342303787673424,0.4657696212326577,0.0,0.0,1.0,0.0
-119.955564554189,38.9097538987842,1956.0849609375,snow,snow,0.9995636841567818,0.0004363158432182698,0.0,1.0,0.0,0.0
-120.689669051717,38.6953602215719,809.8617553710938,snow,snow,1.0,0.0,0.0,1.0,0.0,0.0
-120.1427094,39.1761638,1991.058837890625,snow,snow,1.0,0.0,0.0,1.0,0.0,0.0
-119.963219363745,38.9417241471277,1905.9434814453125,snow,snow,1.0,0.0,0.0,1.0,0.0,0.0
-120.179826,39.3378917,1818.37109375,snow,snow,1.0,0.0,0.0,1.0,0.0,0.0
-119.986012539165,39.6800304825807,1552.726806640625,snow,snow,1.0,0.0,0.0,1.0,0.0,0.0
-120.299670770468,38.7744377920136,1292.914306640625,snow,snow,1.0,0.0,0.0,1.0,0.0,0.0
-120.100208612421,39.3565351689962,1798.48291015625,snow,snow,1.0,0.0,0.0,1.0,0.0,0.0
-119.945378162975,39.2752288524577,2182.246337890625,snow,snow,1.0,0.0,0.0,1.0,0.0,0.0
-120.312386318277,38.770110146862,1294.5419921875,snow,snow,1.0,0.0,0.0,1.0,0.0,0.0
-120.436255575585,38.7699169798285,1120.728515625,snow,snow,1.0,0.0,0.0,1.0,0.0,0.0
-120.7829674,38.5112238,515.516845703125,rain,snow,0.6188917639859627,0.06127432139159742,0.31983391462244,0.0,0.0,1.0
-119.963219363745,38.9417241471277,1905.9434814453125,snow,snow,1.0,0.0,0.0,1.0,0.0,0.0
-120.520965963431,38.7605598049239,993.5281372070312,snow,snow,0.6761466078140639,0.0,0.3238533921859362,1.0,0.0,0.0
-120.100208612421,39.3565351689962,1798.48291015625,snow,snow,1.0,0.0,0.0,1.0,0.0,0.0
-120.352412992131,38.0360210399579,984.2950439453125,mix,snow,0.6351589448642576,0.0,0.3648410551357424,0.0,1.0,0.0
-119.945378162975,39.2752288524577,2182.246337890625,snow,snow,1.0,0.0,0.0,1.0,0.0,0.0
-119.955564554189,38.9097538987842,1956.0849609375,snow,snow,1.0,0.0,0.0,1.0,0.0,0.0
-119.870856913462,38.9750883570791,2201.280517578125,snow,snow,1.0,0.0,0.0,1.0,0.0,0.0
-119.776224950958,39.1076003376409,1485.1868896484375,snow,snow,1.0,0.0,0.0,1.0,0.0,0.0
-120.61019029483,38.7491095701622,1017.3441772460938,snow,rain,0.17329504100547508,0.0,0.826704958994525,1.0,0.0,0.0
-119.997445238734,38.8523386818796,1980.7945556640625,snow,snow,1.0,0.0,0.0,1.0,0.0,0.0
-120.649758523899,38.7438826676379,1011.5527954101562,rain,snow,0.9865534384161266,0.0,0.013446561583873301,0.0,0.0,1.0
-119.77734643673,39.082506465882,1425.2705078125,snow,snow,1.0,0.0,0.0,1.0,0.0,0.0
-119.966555,39.2538412,2016.028076171875,snow,snow,1.0,0.0,0.0,1.0,0.0,0.0
-119.9807859,39.5168771,1517.4693603515625,snow,mix,0.3903887230047165,0.6096112769952835,0.0,1.0,0.0,0.0
-119.82272899815,39.4176478750753,1609.224365234375,mix,snow,1.0,0.0,0.0,0.0,1.0,0.0
-119.925300843418,39.8472240085095,1491.7423095703125,snow,snow,0.697096197431654,0.302903802568346,0.0,1.0,0.0,0.0
-119.945378162975,39.2752288524577,2182.246337890625,snow,mix,0.3708018515054978,0.6291981484945022,0.0,1.0,0.0,0.0
-120.9688831,38.6639356,416.0556945800781,rain,snow,1.0,0.0,0.0,0.0,0.0,1.0
-120.315859595907,39.8175428886279,1494.4031982421875,snow,snow,0.8018078976820144,0.0,0.1981921023179855,1.0,0.0,0.0
-119.9668116,39.2519752,2016.028076171875,snow,snow,0.7097045613278843,0.0,0.29029543867211577,1.0,0.0,0.0
-119.8557316,39.5315564,1470.497802734375,snow,snow,1.0,0.0,0.0,1.0,0.0,0.0
-119.933165583333,39.5112873333333,1449.6998291015625,snow,snow,1.0,0.0,0.0,1.0,0.0,0.0
-119.925300843418,39.8472240085095,1491.7423095703125,snow,snow,1.0,0.0,0.0,1.0,0.0,0.0
-120.8080874,39.2066435,1104.9029541015625,snow,snow,1.0,0.0,0.0,1.0,0.0,0.0
-120.007163733333,39.5271534,1521.617431640625,snow,snow,1.0,0.0,0.0,1.0,0.0,0.0
-119.8695136,39.6018574,1591.5308837890625,snow,snow,1.0,0.0,0.0,1.0,0.0,0.0
-119.815033376927,39.5266147188778,1377.3780517578125,snow,snow,1.0,0.0,0.0,1.0,0.0,0.0
-120.9820562,39.0433199,689.05712890625,rain,snow,1.0,0.0,0.0,0.0,0.0,1.0
-119.871586161236,39.5313573326879,1503.12060546875,snow,snow,0.9999562434893362,0.0,4.3756510663773596e-05,1.0,0.0,0.0
-119.870773017609,39.5248449564877,1486.023193359375,snow,snow,0.9999560235965771,0.0,4.397640342289797e-05,1.0,0.0,0.0
-119.796060157471,39.4192731340287,1477.6451416015625,snow,snow,0.9924044688789567,0.0,0.0075955311210432665,1.0,0.0,0.0
-120.179806,39.3378377,1818.37109375,snow,snow,1.0,0.0,0.0,1.0,0.0,0.0
-119.963259714,38.941575365278,1905.9434814453125,snow,snow,1.0,0.0,0.0,1.0,0.0,0.0
-119.997445238734,38.8523386818796,1980.7945556640625,snow,snow,1.0,0.0,0.0,1.0,0.0,0.0
-119.963259551915,38.9415753916614,1905.9434814453125,snow,snow,0.9853280298827062,0.0,0.014671970117293856,1.0,0.0,0.0
-120.689673612684,38.695359039374,809.8617553710938,rain,snow,1.0,0.0,0.0,0.0,0.0,1.0
-119.996480989699,38.8704384650811,1950.8565673828125,snow,snow,0.9827505550066522,0.0,0.017249444993347754,1.0,0.0,0.0
-119.9674634,39.2515679,2016.028076171875,snow,snow,1.0,0.0,0.0,1.0,0.0,0.0
-119.8693556,39.602347,1591.5308837890625,snow,snow,1.0,0.0,0.0,1.0,0.0,0.0
-119.9554159,39.2529039,2003.246337890625,snow,snow,1.0,0.0,0.0,1.0,0.0,0.0
-119.8423718,39.6036594,1557.13623046875,snow,snow,1.0,0.0,0.0,1.0,0.0,0.0
-119.8422906,39.6036412,1557.13623046875,snow,snow,1.0,0.0,0.0,1.0,0.0,0.0
-119.822633238967,39.5694347864652,1477.7032470703125,snow,snow,1.0,0.0,0.0,1.0,0.0,0.0
-119.834860885055,39.5978245852541,1575.891357421875,snow,snow,1.0,0.0,0.0,1.0,0.0,0.0
-119.831938,39.6154889,1555.482177734375,snow,snow,1.0,0.0,0.0,1.0,0.0,0.0
-119.851709941638,39.611559481873,1546.447509765625,snow,snow,1.0,0.0,0.0,1.0,0.0,0.0
-119.8776711,39.6592974,1532.5301513671875,snow,snow,1.0,0.0,0.0,1.0,0.0,0.0
-119.868970827415,39.6165894255383,1554.655517578125,snow,snow,1.0,0.0,0.0,1.0,0.0,0.0
-119.881605268252,39.6422458781539,1519.420654296875,snow,snow,1.0,0.0,0.0,1.0,0.0,0.0
-119.8694839,39.6023203,1591.5308837890625,snow,snow,1.0,0.0,0.0,1.0,0.0,0.0
-119.736335123422,39.5773721387235,1362.42431640625,snow,snow,1.0,0.0,0.0,1.0,0.0,0.0
-119.877556021569,39.6593293599229,1532.5301513671875,snow,snow,1.0,0.0,0.0,1.0,0.0,0.0
-119.9938005,39.5181897,1494.7957763671875,snow,snow,1.0,0.0,0.0,1.0,0.0,0.0
-119.8694839,39.6023203,1591.5308837890625,snow,snow,1.0,0.0,0.0,1.0,0.0,0.0
-120.070644199638,39.2378649833301,1922.7923583984375,snow,snow,0.9643314338628324,0.030316662618559295,0.005351903518608354,1.0,0.0,0.0
-119.8692883,39.6024335,1591.5308837890625,rain,snow,0.9279214859930993,0.015177240875133476,0.05690127313176717,0.0,0.0,1.0
-119.8709308,39.6474961,1522.3125,snow,rain,0.019169155191114878,0.012493543141680667,0.9683373016672044,1.0,0.0,0.0
-120.352340803903,38.036026329943,984.2950439453125,rain,rain,0.0020840101815471235,0.025833438138610818,0.972082551679842,0.0,0.0,1.0
-119.822752157619,39.4176454426652,1609.224365234375,rain,snow,0.4406773528997583,0.24410563252503698,0.3152170145752048,0.0,0.0,1.0
-120.329919439666,38.001301906505,739.8999633789062,rain,rain,0.0019830772668437357,0.02507290763335837,0.9729440150997979,0.0,0.0,1.0
-120.7830146,38.5112532,515.516845703125,rain,rain,0.18532177210111134,0.251730425985699,0.5629478019131897,0.0,0.0,1.0
-120.083923819552,39.2280357666864,1958.6190185546875,snow,snow,0.9718401783315308,0.02312594496296076,0.005033876705508497,1.0,0.0,0.0
-119.687770251604,38.9157374534485,1515.9644775390625,rain,snow,0.454012116975125,0.28654325756036464,0.25944462546451036,0.0,0.0,1.0
-119.9682748,39.2520397,2016.028076171875,mix,snow,0.8711271795427386,0.0025920720489289715,0.12628074840833248,0.0,1.0,0.0
-120.0721591,38.1480362,1605.92138671875,mix,rain,0.04406455602641605,0.02116150115673304,0.9347739428168509,0.0,1.0,0.0
-119.714730637235,39.533637801627,1339.81396484375,rain,rain,0.0,0.07471598229101173,0.9252840177089882,0.0,0.0,1.0
-120.100208453368,39.3565419848955,1798.48291015625,snow,snow,0.6778669232801603,0.13778292973308803,0.18435014698675165,1.0,0.0,0.0
-119.9696153,39.2520098,2016.028076171875,snow,snow,0.9999866977511157,1.3109088199301769e-05,1.931606850289784e-07,1.0,0.0,0.0
-119.871589143363,39.5313528767899,1503.12060546875,rain,rain,0.0,0.010579214381917878,0.9894207856180821,0.0,0.0,1.0
-119.98953162127,38.8871649176313,1952.5621337890625,snow,mix,0.0028185366067813456,0.9971813877573217,7.563589701706313e-08,1.0,0.0,0.0
-119.8827133,39.5345039,1516.285888671875,rain,rain,0.0,0.011170179901363628,0.9888298200986364,0.0,0.0,1.0
-119.951908922928,39.254916716867,1992.6064453125,mix,snow,0.9967478264625029,0.0,0.003252173537497144,0.0,1.0,0.0
-120.000888558697,38.8672905331853,1948.97900390625,snow,snow,0.6877371126191383,0.31012585459396574,0.002137032786895951,1.0,0.0,0.0
-120.2239224,38.01888,1123.33447265625,rain,snow,0.6864765205490907,0.15229707316537378,0.1612264062855355,0.0,0.0,1.0
-119.955586062954,38.9096419981961,1956.0849609375,snow,snow,0.7023322314226222,0.29065809158597516,0.007009676991402558,1.0,0.0,0.0
-119.857048,39.6138687,1558.924072265625,mix,rain,0.0,0.0,1.0,0.0,1.0,0.0
-119.9695941,39.2520581,2016.028076171875,snow,snow,0.9999866492561073,1.3157572038470457e-05,1.9317185430156057e-07,1.0,0.0,0.0
-119.961517822974,39.2518617098481,2003.246337890625,snow,snow,0.7667479284899429,0.2320610745173508,0.0011909969927062732,1.0,0.0,0.0
-119.8017932,39.5146178,1359.778076171875,rain,rain,0.0,0.05033350782514851,0.9496664921748516,0.0,0.0,1.0
-119.835218882252,39.5505244558467,1472.4422607421875,rain,rain,0.0,0.09040817588880617,0.9095918241111939,0.0,0.0,1.0
-119.989597493912,38.887209494796,1952.5621337890625,mix,snow,0.9999999243392474,0.0,7.566075264912871e-08,0.0,1.0,0.0
-119.950316447299,39.5248220168476,1538.666748046875,rain,rain,0.0,0.07757868001644296,0.922421319983557,0.0,0.0,1.0
-119.7467856,39.4250827,1368.7227783203125,rain,rain,0.0,0.011956182951085225,0.9880438170489149,0.0,0.0,1.0
-119.7603824,39.187109,1438.2144775390625,rain,rain,0.052511479052581134,0.0163168463071574,0.9311716746402615,0.0,0.0,1.0
-119.7365508,39.1753151,1412.3084716796875,rain,rain,0.04260812190250265,0.012934733777440657,0.9444571443200567,0.0,0.0,1.0
-120.038365601801,39.247042413662,1926.0313720703125,snow,snow,0.7958308969704534,0.1670618884790675,0.03710721455047913,1.0,0.0,0.0
-119.7625796,39.4471401,1369.423095703125,rain,rain,0.0,0.01409596913539591,0.9859040308646041,0.0,0.0,1.0
-119.988487442843,38.8861735787577,1952.5621337890625,snow,snow,0.5267250712288011,0.4732608286462347,1.4100124964317737e-05,1.0,0.0,0.0
-119.811103887602,39.3210924319409,1542.5299072265625,rain,rain,0.0009441025357464891,0.0,0.9990558974642535,0.0,0.0,1.0
-119.811443789445,39.325314571504,1569.588134765625,rain,rain,0.0009196919615392757,0.0,0.9990803080384607,0.0,0.0,1.0
-119.789184161582,39.5017842561327,1350.5325927734375,rain,rain,0.0,0.0,1.0,0.0,0.0,1.0
-119.765856880739,39.4078179660246,1410.70751953125,rain,rain,0.0,0.0,1.0,0.0,0.0,1.0
-119.7625885,39.4471147,1369.423095703125,rain,rain,0.0,0.0,1.0,0.0,0.0,1.0
-120.315859811306,39.8175425891368,1494.4031982421875,mix,snow,0.5163586110728261,0.0,0.483641388927174,0.0,1.0,0.0
-119.687557226015,38.9158868886825,1515.9644775390625,rain,mix,0.36644126899567786,0.42227517216706545,0.21128355883725675,0.0,0.0,1.0
-119.8692883,39.6024335,1591.5308837890625,rain,rain,0.0,0.0,1.0,0.0,0.0,1.0
-120.1427368,39.1761574,1991.058837890625,mix,mix,0.09322734370038652,0.7536738543784668,0.15309880192114672,0.0,1.0,0.0
-119.777905344829,39.3828411805362,1549.0029296875,rain,rain,0.009000467736654008,0.0,0.990999532263346,0.0,0.0,1.0
-119.796476273259,39.4192100472711,1507.8775634765625,rain,rain,0.0,0.0,1.0,0.0,0.0,1.0
-119.858787843834,37.8751851448983,1410.0882568359375,mix,mix,0.2580948126736483,0.3814365171526338,0.3604686701737179,0.0,1.0,0.0
-120.162995889852,39.3581309556234,1793.0777587890625,rain,snow,0.6176520657400791,0.13355335685920047,0.24879457740072047,0.0,0.0,1.0
-119.946838352592,38.960880231447,1902.406005859375,mix,snow,0.9999216657224761,3.052619151743423e-05,4.7808086006480706e-05,0.0,1.0,0.0
-120.1620297,39.1387375,1920.8233642578125,mix,mix,0.08032256737408061,0.81864238782782,0.1010350447980995,0.0,1.0,0.0
-119.9668891,39.2518967,2016.028076171875,snow,rain,0.0,0.12160987420072,0.8783901257992801,1.0,0.0,0.0
-120.452881391707,39.6640957391205,1538.229736328125,snow,rain,0.131108796011163,0.4176970382086228,0.45119416578021415,1.0,0.0,0.0
-119.8645173,39.5318663,1486.790283203125,rain,rain,0.0,0.0,1.0,0.0,0.0,1.0
-119.8693519,39.6023582,1591.5308837890625,rain,rain,0.0,0.0,1.0,0.0,0.0,1.0
-120.2505391,39.37118,2037.4736328125,snow,rain,0.078716889532678,0.12363343748643926,0.7976496729808829,1.0,0.0,0.0
-119.9807981,39.5169987,1517.4693603515625,rain,rain,0.0,0.0,1.0,0.0,0.0,1.0
-120.038365601801,39.247042413662,1926.0313720703125,rain,snow,0.578616467583053,0.22500854981174725,0.19637498260519984,0.0,0.0,1.0
-119.947618106492,38.9616624545669,1902.406005859375,snow,mix,1.1628526196352151e-05,0.9999406170684592,4.775440534454477e-05,1.0,0.0,0.0
-120.9688863,38.6639426,416.0556945800781,rain,snow,0.6911645692508697,0.19820613802594234,0.11062929272318804,0.0,0.0,1.0
-119.9668891,39.2518967,2016.028076171875,snow,snow,0.9999986439844671,7.079615183247333e-07,6.480540145493264e-07,1.0,0.0,0.0
-119.950314207297,39.5248217262389,1538.666748046875,mix,rain,0.18010649854481134,0.023365801224192996,0.7965277002309956,0.0,1.0,0.0
-119.7999935,39.5172453,1359.778076171875,rain,rain,0.1557306720171058,0.36361914741799567,0.4806501805648986,0.0,0.0,1.0
-119.687741309457,38.9157952315316,1515.9644775390625,rain,mix,7.535072277989553e-07,0.9990447172301633,0.0009545292626089479,0.0,0.0,1.0
-119.996657541797,38.8703017418187,1962.6326904296875,snow,mix,0.32545655956787334,0.3670992927639723,0.30744414766815437,1.0,0.0,0.0
-120.1618506,39.1387614,1920.8233642578125,snow,snow,0.9672963778668677,0.025105754078659413,0.007597868054472827,1.0,0.0,0.0
-119.9668201,39.2520726,2016.028076171875,snow,snow,0.9999986428371679,7.083690305353452e-07,6.487938015745257e-07,1.0,0.0,0.0
-119.682344411488,38.917109174081,1535.7108154296875,rain,rain,0.0003886197309294692,0.49752003190285315,0.5020913483662174,0.0,0.0,1.0
-119.8694215,39.6023797,1591.5308837890625,rain,mix,0.10460131822003375,0.4538360606025403,0.441562621177426,0.0,0.0,1.0
-120.993931142735,37.7019709235378,30.225873947143555,rain,rain,0.32553150730455815,0.20134841748720472,0.47312007520823707,0.0,0.0,1.0
-120.1427301,39.1761483,1991.058837890625,snow,snow,0.9674013762102165,0.025298808842354272,0.007299814947429297,1.0,0.0,0.0
-119.739478477154,38.9357804015962,1454.7825927734375,mix,rain,0.03452620405621041,0.337862018749482,0.6276117771943076,0.0,1.0,0.0
-119.687838916507,38.9159105729988,1515.9644775390625,mix,rain,7.539382779279674e-07,9.42384931466624e-06,0.9999898222124074,0.0,1.0,0.0
-119.843372369567,39.3744889666646,1874.2142333984375,snow,snow,0.675251998693474,0.0,0.3247480013065261,1.0,0.0,0.0
-119.986012539165,39.6800304825807,1552.726806640625,rain,rain,0.09554635785760682,0.0,0.9044536421423932,0.0,0.0,1.0
-120.2504739,39.3711856,2037.4736328125,snow,snow,0.9037785810601687,0.0,0.09622141893983133,1.0,0.0,0.0
-120.7830138,38.5112507,515.516845703125,rain,snow,0.7343932402005583,0.2656067597994417,0.0,0.0,0.0,1.0
-119.682344411488,38.917109174081,1535.7108154296875,mix,snow,0.5140026412019815,0.4859770589430739,2.0299854944716655e-05,0.0,1.0,0.0
-119.687854298972,38.9158974724585,1515.9644775390625,mix,snow,0.9984397488110714,0.0015601860763817847,6.51125468193508e-08,0.0,1.0,0.0
-120.16308653383,39.3580661340245,1793.0777587890625,snow,snow,0.8987667027714437,0.0,0.10123329722855637,1.0,0.0,0.0
-119.687653500359,38.9158112693855,1515.9644775390625,snow,mix,7.183944676854321e-07,0.9999992165203183,6.508521390983464e-08,1.0,0.0,0.0
-119.9668201,39.2520726,2016.028076171875,snow,snow,0.9996524145108305,0.0002137563629328044,0.0001338291262366032,1.0,0.0,0.0
-119.877445861943,39.6591479305602,1532.5301513671875,rain,rain,2.2609098205277476e-06,0.0,0.9999977390901795,0.0,0.0,1.0
-119.877552,39.6593808,1532.5301513671875,rain,rain,2.2584061354868366e-06,0.0,0.9999977415938646,0.0,0.0,1.0
-119.8694215,39.6023797,1591.5308837890625,rain,rain,0.06934272883995446,0.0,0.9306572711600456,0.0,0.0,1.0
-119.961517822974,39.2518617098481,2003.246337890625,snow,snow,0.9996492973384756,0.00021638207062906598,0.00013432059089535888,1.0,0.0,0.0
-119.7516982,39.1904184,1433.7567138671875,rain,mix,0.30297746259085256,0.525066017965866,0.17195651944328139,0.0,0.0,1.0
-119.925365414641,39.8472117521053,1491.7423095703125,rain,mix,0.17122474413786876,0.5080271687011082,0.32074808716102315,0.0,0.0,1.0
-120.100342752524,39.3566098530212,1798.48291015625,snow,mix,0.40769700819077925,0.4082904168812115,0.1840125749280092,1.0,0.0,0.0
-119.9668201,39.2520726,2016.028076171875,snow,snow,0.9977594107410076,0.0008076465007969144,0.0014329427581954905,1.0,0.0,0.0
-119.951909139382,39.2549164282538,1992.6064453125,snow,snow,0.9929729285476748,0.0023993201822527493,0.004627751270072469,1.0,0.0,0.0
-119.687770251604,38.9157374534485,1515.9644775390625,mix,snow,0.4417222422776971,0.2909740820752397,0.26730367564706314,0.0,1.0,0.0
-120.001112991854,38.8671953631446,1948.97900390625,snow,mix,0.39103807928349243,0.43659134368668195,0.1723705770298256,1.0,0.0,0.0
-119.822793408322,39.4175921209651,1609.224365234375,rain,rain,0.02842429522841056,0.16847719842252248,0.803098506349067,0.0,0.0,1.0
-119.848661,39.5977555,1597.0430908203125,mix,snow,0.5375492383009299,0.4624046420401059,4.611965896423714e-05,0.0,1.0,0.0
-119.775656071792,39.1128909351518,1457.2030029296875,mix,rain,0.29276886067785013,0.07924849489008969,0.6279826444320602,0.0,1.0,0.0
-119.8487639,39.5978853,1597.0430908203125,snow,mix,0.0,0.9999779836522631,2.2016347736860185e-05,1.0,0.0,0.0
-119.830803078375,39.3764792743273,1739.0556640625,rain,rain,0.13235239624335968,0.09311160534704103,0.7745359984095993,0.0,0.0,1.0
-119.884121707835,39.5183835887496,1483.864501953125,mix,rain,0.13367661071228437,0.3150037218603797,0.5513196674273358,0.0,1.0,0.0
-119.8488514,39.597828,1597.0430908203125,mix,snow,0.7740800056297739,0.22589703701275465,2.2957357471557557e-05,0.0,1.0,0.0
-119.961517822974,39.2518617098481,2003.246337890625,snow,snow,0.9979660600620827,0.0007210448106096815,0.001312895127307768,1.0,0.0,0.0
-119.8323641,39.4790733,1471.4849853515625,rain,mix,0.07122083254785039,0.5055824632530974,0.4231967041990522,0.0,0.0,1.0
-119.8694215,39.6023797,1591.5308837890625,rain,mix,0.3260124754176379,0.6641233410056503,0.009864183576711894,0.0,0.0,1.0
-120.0287846,39.4316784,1615.8292236328125,mix,snow,0.5471218361101136,0.13615533549046738,0.3167228283994191,0.0,1.0,0.0
-119.796618939781,39.4190353766305,1507.8775634765625,mix,mix,0.0,0.750134897404156,0.249865102595844,0.0,1.0,0.0
-119.781752111053,39.4205244543578,1454.221923828125,mix,mix,0.0,0.6179902149369891,0.3820097850630108,0.0,1.0,0.0
-120.1913568,37.8367986,872.5946044921875,rain,snow,0.46686835505115154,0.08487839757029556,0.4482532473785529,0.0,0.0,1.0
-119.742800957158,39.4246753990019,1368.7227783203125,rain,mix,0.0,0.9716778235600082,0.028322176439991697,0.0,0.0,1.0
-119.765789246919,39.4079568799649,1410.70751953125,rain,mix,0.0,0.7397395584558808,0.26026044154411915,0.0,0.0,1.0
-119.762608,39.4471088,1369.423095703125,rain,mix,0.0,0.6306132754269465,0.3693867245730535,0.0,0.0,1.0
-119.7467833,39.4251049,1368.7227783203125,mix,rain,0.0,0.019025534734801303,0.9809744652651986,0.0,1.0,0.0
-119.925300843418,39.8472240085095,1491.7423095703125,snow,mix,0.20216846173775357,0.4218524577364259,0.3759790805258206,1.0,0.0,0.0
-120.6737317,38.7348935,973.057861328125,rain,rain,0.39032250209872077,0.07613789491802211,0.5335396029832571,0.0,0.0,1.0
-119.687770251604,38.9157374534485,1515.9644775390625,snow,snow,0.39126021775488257,0.3813354457982735,0.22740433644684394,1.0,0.0,0.0
-120.9819694,39.0433166,689.05712890625,rain,rain,0.36488838630362114,0.06098520632592275,0.5741264073704562,0.0,0.0,1.0
-119.950316917619,39.5248219734564,1538.666748046875,rain,mix,0.05166499548753852,0.6813622152121714,0.2669727893002901,0.0,0.0,1.0
-120.315859811306,39.8175425891368,1494.4031982421875,snow,snow,0.40694144302565494,0.35028436519499234,0.24277419177935283,1.0,0.0,0.0
-119.767017993627,39.1620280032223,1422.213134765625,snow,mix,0.012431481738326844,0.9528923748538706,0.034676143407802555,1.0,0.0,0.0
-120.162964450887,39.3581412480391,1793.0777587890625,snow,rain,0.0,0.49195912688043775,0.5080408731195623,1.0,0.0,0.0
-120.2923029,38.7739612,1302.7708740234375,rain,snow,0.949862307701437,0.01287140547440064,0.037266286824162324,0.0,0.0,1.0
-119.7767148,39.1905999,1442.8193359375,mix,snow,0.9129425741658406,0.04418595634015235,0.04287146949400718,0.0,1.0,0.0
-119.852945767523,39.483827152519,1560.6016845703125,mix,rain,0.015086491450774068,0.44757801772146333,0.5373354908277626,0.0,1.0,0.0
-120.225849,38.7839859,1620.793701171875,snow,rain,0.03218287186957024,0.014704643077598918,0.9531124850528309,1.0,0.0,0.0
-120.1840062,38.7899217,1780.03369140625,snow,snow,0.9998322765402319,0.00016772345976809729,0.0,1.0,0.0,0.0
-119.807313307631,39.4907618653774,1374.2261962890625,rain,rain,0.24243311409450535,0.2666383546249969,0.49092853128049774,0.0,0.0,1.0
-120.1757082,38.7887028,1816.48388671875,snow,snow,0.9998327372907676,0.00016726270923241582,0.0,1.0,0.0,0.0
-120.141942,38.8024983,1798.019775390625,snow,snow,0.9981024569281561,0.0018975430718439195,0.0,1.0,0.0,0.0
-119.983559,39.5200717,1484.82470703125,rain,snow,0.8698722459662981,0.021827994395339105,0.10829975963836291,0.0,0.0,1.0
-119.95030225313,39.5248391002921,1538.666748046875,snow,rain,0.03849993206329287,0.025818900179805013,0.9356811677569021,1.0,0.0,0.0
-119.822793408322,39.4175921209651,1609.224365234375,mix,rain,0.2190201639668273,0.006273205759998752,0.774706630273174,0.0,1.0,0.0
-120.0591211,38.8124914,2291.755859375,snow,snow,0.9979182537099034,0.0020817462900965785,0.0,1.0,0.0,0.0
-119.750207305869,39.185391603366,1433.7567138671875,mix,mix,0.4843748583120839,0.5093983939323402,0.006226747755576005,0.0,1.0,0.0
-120.0313129,38.8149813,2246.1806640625,snow,snow,0.997648339569777,0.0023516604302230284,0.0,1.0,0.0,0.0
-119.7768818,39.1873184,1442.8193359375,mix,snow,0.9971924740074144,0.002772547099100475,3.497889348512723e-05,0.0,1.0,0.0
-119.740758168539,38.9332518353411,1452.0609130859375,snow,snow,0.9469193818943913,0.05308061810560875,0.0,1.0,0.0,0.0
-120.1348157,39.4458673,1808.075439453125,snow,snow,0.6089787417832107,0.0582336465957741,0.33278761162101533,1.0,0.0,0.0
-119.7778445,39.1867145,1457.3319091796875,snow,mix,6.518235941842585e-05,0.9998999842308088,3.483340977272816e-05,1.0,0.0,0.0
-120.163096474891,39.3580889592582,1793.0777587890625,snow,snow,0.6991765134275868,0.06142990998646089,0.2393935765859523,1.0,0.0,0.0
-119.687783107742,38.9157435849542,1515.9644775390625,snow,snow,0.9542090009862189,0.04579099901378108,0.0,1.0,0.0,0.0
-119.986012539165,39.6800304825807,1552.726806640625,rain,rain,0.2991267061298724,0.05482948754711103,0.6460438063230165,0.0,0.0,1.0
-119.794940439034,39.4196429126031,1477.6451416015625,rain,mix,0.1563800937411164,0.7508575741020429,0.09276233215684071,0.0,0.0,1.0
-119.8691988,39.6023723,1591.5308837890625,rain,rain,0.3396962944339444,0.07117350597774241,0.5891301995883133,0.0,0.0,1.0
-119.831022059959,39.3767308112846,1739.0556640625,snow,mix,0.05101348069035057,0.5422196234542297,0.4067668958554197,1.0,0.0,0.0
-120.1088422,39.3457358,1855.036376953125,snow,snow,0.9125031634861759,0.08273353942874494,0.004763297085079218,1.0,0.0,0.0
-119.948209169466,39.2477263929224,1927.8106689453125,snow,snow,0.9921483006417336,0.004991202360932133,0.0028604969973342323,1.0,0.0,0.0
-119.986012539165,39.6800304825807,1552.726806640625,snow,snow,0.6202184692426753,0.23308923269994888,0.14669229805737588,1.0,0.0,0.0
-119.7628378,39.4470319,1369.423095703125,rain,mix,0.21198475041833256,0.716097625758156,0.0719176238235114,0.0,0.0,1.0
-119.955560670036,38.9097403051281,1956.0849609375,snow,snow,0.6728353321726197,0.18045964981264895,0.14670501801473135,1.0,0.0,0.0
-119.8691988,39.6023723,1591.5308837890625,mix,snow,0.9999813396124058,1.379486663729505e-05,4.865520956935083e-06,0.0,1.0,0.0
-119.959995336282,39.2502266564768,2003.246337890625,snow,snow,0.9919555547004468,0.0052179505142423725,0.0028264947853107896,1.0,0.0,0.0
-119.925300843418,39.8472240085095,1491.7423095703125,rain,snow,0.7450383366778169,0.25496166332218306,0.0,0.0,0.0,1.0
-119.831920440754,39.5577324693447,1477.43408203125,snow,mix,0.31790240810438164,0.6356649153866798,0.04643267650893862,1.0,0.0,0.0
-119.8694652,39.6023658,1591.5308837890625,snow,mix,0.00017934831567227436,0.9998157751116481,4.876572679664799e-06,1.0,0.0,0.0
-119.927929603623,39.52077573156,1500.779541015625,rain,mix,0.10549051058471702,0.894509489415283,0.0,0.0,0.0,1.0
-120.162953100831,39.3581443088985,1793.0777587890625,mix,snow,0.9472343235656258,0.02767701080863004,0.025088665625744272,0.0,1.0,0.0
-119.8775631,39.6593893,1532.5301513671875,snow,snow,0.6251585610235315,0.3350155665202911,0.039825872456177476,1.0,0.0,0.0
-120.100208453368,39.3565419848955,1798.48291015625,snow,snow,0.9251125579277029,0.06955027245329713,0.00533716961900003,1.0,0.0,0.0
-119.8486104,39.5978791,1597.0430908203125,snow,snow,0.5131082411660254,0.47477953961631697,0.012112219217657708,1.0,0.0,0.0
-119.812669616667,39.4928329833333,1374.2261962890625,mix,mix,0.25716651686975045,0.47750963354539366,0.26532384958485594,0.0,1.0,0.0
-119.950317368502,39.5248257740538,1538.666748046875,mix,rain,0.09078493589519104,0.07119535977913169,0.8380197043256773,0.0,1.0,0.0
-119.811556734117,39.5352904789393,1371.004638671875,mix,snow,0.6198043074405747,0.29519871419655896,0.08499697836286642,0.0,1.0,0.0
-119.789736206479,39.4669722033672,1370.559814453125,rain,mix,0.20884414793060152,0.7911558520693984,0.0,0.0,0.0,1.0
-119.986012539165,39.6800304825807,1552.726806640625,mix,rain,0.2772179986818252,0.36085886551078145,0.3619231358073934,0.0,1.0,0.0
-119.824841359383,39.5693603183027,1498.9056396484375,snow,snow,0.6722798084519113,0.1665530021966085,0.1611671893514802,1.0,0.0,0.0
-119.925394303716,39.847238929397,1491.7423095703125,rain,mix,0.310268090519148,0.5280303990869719,0.16170151039388017,0.0,0.0,1.0
-119.753011281022,39.543024268836,1346.665771484375,rain,rain,0.0657014284441498,0.08534205532410907,0.8489565162317412,0.0,0.0,1.0
-120.355165097323,39.3339492055726,2225.183349609375,snow,snow,0.6937203318699547,0.3062796681300452,0.0,1.0,0.0,0.0
-120.9157773,38.6428952,375.4524230957031,rain,rain,0.014380157469621171,0.0014985298611021572,0.9841213126692767,0.0,0.0,1.0
-119.796618939781,39.4190353766305,1507.8775634765625,mix,mix,6.02891305639995e-05,0.9999364437407043,3.267128731604653e-06,0.0,1.0,0.0
-119.697258354923,39.5791447622216,1438.1224365234375,mix,rain,0.2347986365141838,0.21946660570573956,0.5457347577800766,0.0,1.0,0.0
-119.800623777815,39.5719985802481,1488.3441162109375,snow,snow,0.627548518123632,0.13452002206651179,0.2379314598098563,1.0,0.0,0.0
-120.013260825831,38.921177596739,1911.875244140625,snow,snow,0.9369658445921191,0.06303415540788092,0.0,1.0,0.0,0.0
-119.796510779813,39.4190607438721,1507.8775634765625,mix,mix,6.111983731336755e-05,0.9999356084163799,3.2717463066875455e-06,0.0,1.0,0.0
-120.9688737,38.663933,416.0556945800781,rain,rain,0.014007339879721404,0.0014948209548175321,0.9844978391654611,0.0,0.0,1.0
-119.777905134781,39.3828396056674,1549.0029296875,mix,mix,0.30693483017605117,0.654749116398557,0.038316053425391856,0.0,1.0,0.0
-119.822793408322,39.4175921209651,1609.224365234375,mix,mix,0.17040394081165106,0.785851517881003,0.04374454130734589,0.0,1.0,0.0
-120.163094162718,39.358090331927,1793.0777587890625,snow,snow,0.5829086244020729,0.34313764048894213,0.07395373510898502,1.0,0.0,0.0
-120.315859811306,39.8175425891368,1494.4031982421875,snow,snow,0.35606700152308585,0.3534704674395671,0.2904625310373471,1.0,0.0,0.0
-119.997521856241,38.8524767404031,1980.7945556640625,snow,snow,0.9480294503329535,0.05197054966704656,0.0,1.0,0.0,0.0
-119.8693531,39.6023757,1591.5308837890625,mix,snow,0.6413067863778359,0.15450926897123798,0.2041839446509261,0.0,1.0,0.0
-119.781752104655,39.4205244776457,1454.221923828125,snow,mix,0.06547804107784413,0.9121810529092771,0.022340906012878883,1.0,0.0,0.0
-119.765040440763,39.5381462092972,1350.02880859375,rain,rain,0.07654326474470664,0.07853238719698391,0.8449243480583094,0.0,0.0,1.0
-119.7467833,39.4251049,1368.7227783203125,mix,snow,0.9997480347953402,0.00022939962631217734,2.2565578347556933e-05,0.0,1.0,0.0
-119.730679132259,39.4971675098974,1339.4654541015625,mix,rain,0.15035924469858453,0.3016410019417043,0.5479997533597112,0.0,1.0,0.0
-119.7626322,39.44713,1369.423095703125,mix,mix,0.3582311450020383,0.47959787668318626,0.16217097831477548,0.0,1.0,0.0
-120.7830177,38.511253,515.516845703125,rain,rain,0.10985874347186855,0.01104030646763051,0.8791009500605009,0.0,0.0,1.0
-119.961517822974,39.2518617098481,2003.246337890625,snow,mix,0.3660666263211087,0.6339333736788914,0.0,1.0,0.0,0.0
-119.7470939,39.4250238,1368.7227783203125,snow,mix,8.58466027022907e-05,0.9998915152610244,2.2638136273323886e-05,1.0,0.0,0.0
-120.163095882274,39.358119140416,1793.0777587890625,snow,snow,0.7985952710846965,0.20140472891530353,0.0,1.0,0.0,0.0
-119.777905134781,39.3828396056674,1549.0029296875,snow,mix,0.10646988903064158,0.8597604203489921,0.03376969062036622,1.0,0.0,0.0
-119.7825885,39.2958385,1543.263916015625,snow,snow,0.5215782720368631,0.22592936047764461,0.2524923674854923,1.0,0.0,0.0
-119.870873570063,38.9750839693428,2201.280517578125,snow,rain,0.4011608799435886,0.0479329088286456,0.5509062112277658,1.0,0.0,0.0
-119.8486075,39.5978602,1597.0430908203125,mix,mix,0.026099867966608167,0.8581741136386034,0.11572601839478848,0.0,1.0,0.0
-120.070644916031,39.2378645398477,1922.7923583984375,snow,snow,0.8760099585549809,0.04232057985453108,0.08166946159048809,1.0,0.0,0.0
-119.76578925328,39.4079568588388,1410.70751953125,mix,snow,0.9329586727305834,0.030433438226526617,0.036607889042890016,0.0,1.0,0.0
-119.986012539165,39.6800304825807,1552.726806640625,snow,mix,0.25088045698179956,0.6094878815748593,0.13963166144334116,1.0,0.0,0.0
-119.8693531,39.6023757,1591.5308837890625,mix,mix,0.031076145346844962,0.9023955274650808,0.06652832718807428,0.0,1.0,0.0
-119.800578903276,39.572345670648,1488.3441162109375,rain,mix,0.10403407224689724,0.8959659277531028,0.0,0.0,0.0,1.0
-119.687770251604,38.9157374534485,1515.9644775390625,rain,snow,0.797287316563954,0.04892514100960181,0.15378754242644418,0.0,0.0,1.0
-119.92537225909,39.8472607970773,1491.7423095703125,snow,snow,0.4803921562415691,0.3919648531527147,0.12764299060571627,1.0,0.0,0.0
-120.0721983,38.1480334,1605.92138671875,snow,snow,0.6858096757046861,0.0,0.3141903242953139,1.0,0.0,0.0
-119.7580941,39.190042,1433.7567138671875,rain,snow,0.847601702079671,0.0948149103345351,0.05758338758579397,0.0,0.0,1.0
-119.9668151,39.2519754,2016.028076171875,snow,snow,0.8087397525133632,0.06340305416492394,0.12785719332171297,1.0,0.0,0.0
-119.980777232968,38.9396145567702,1908.990234375,snow,snow,0.4931890321528116,0.43118658617533845,0.0756243816718499,1.0,0.0,0.0
-119.8643243,39.6412765,1511.9696044921875,snow,snow,0.9999912285664326,7.797952393646012e-06,9.734811737252905e-07,1.0,0.0,0.0
-119.807227373453,39.3270294988175,1569.588134765625,snow,snow,0.9941406467821007,0.0036040191850394434,0.0022553340328597933,1.0,0.0,0.0
-120.007678132485,39.5274752711554,1521.617431640625,snow,mix,0.18153616746642384,0.7977128634274182,0.020750969106157993,1.0,0.0,0.0
-119.950317173937,39.5248260731012,1538.666748046875,snow,mix,0.22338589285813612,0.720075062457078,0.05653904468478594,1.0,0.0,0.0
-119.6941433,39.1929442,1456.3472900390625,mix,snow,0.5803007762654907,0.05780073192532323,0.3618984918091861,0.0,1.0,0.0
-119.8693531,39.6023757,1591.5308837890625,mix,snow,0.9998187423242546,0.00011959500775369646,6.166266799178654e-05,0.0,1.0,0.0
-119.8535814,39.5437548,1495.9249267578125,rain,mix,0.0009508567705882071,0.9990491432294119,0.0,0.0,0.0,1.0
-119.8644098,39.6412061,1511.9696044921875,snow,snow,0.9999912011828651,7.824051733784354e-06,9.747654010587412e-07,1.0,0.0,0.0
-119.9832523,39.5200515,1484.82470703125,mix,snow,0.9035151157764516,0.07526501086102991,0.021219873362518373,0.0,1.0,0.0
-119.687777938275,38.9158554674536,1515.9644775390625,mix,snow,0.6383520282800796,0.2032975943985907,0.15835037732132962,0.0,1.0,0.0
-119.885049895943,39.5322219148719,1516.285888671875,mix,mix,0.19290152020547488,0.46508085863451776,0.3420176211600074,0.0,1.0,0.0
-119.811103887634,39.3210924320327,1542.5299072265625,snow,snow,0.9942124823595111,0.0035978069386688972,0.0021897107018200588,1.0,0.0,0.0
-119.8548522,39.5430617,1495.9249267578125,mix,rain,0.0009475209121536888,0.0027041895491302682,0.9963482895387161,0.0,1.0,0.0
-120.2438749,39.6788926,1505.601806640625,rain,snow,0.7434802576357218,0.2565197423642782,0.0,0.0,0.0,1.0
-119.8692053,39.6019187,1591.5308837890625,snow,mix,0.0003052679865331458,0.9996320913549323,6.26406585346119e-05,1.0,0.0,0.0
-119.697258354923,39.5791447622216,1438.1224365234375,snow,rain,0.196049545183205,0.2053874434226058,0.5985630113941892,1.0,0.0,0.0
-120.2505164,39.3711807,2037.4736328125,snow,snow,0.6423217581550789,0.2507302221143139,0.10694801973060726,1.0,0.0,0.0
-119.5824213,39.2714623,1333.44287109375,rain,snow,0.5165553047906692,0.3743358263896364,0.10910886881969432,0.0,0.0,1.0
-119.830797595402,39.3764815844717,1739.0556640625,snow,snow,0.8376784990131004,0.08550683956273794,0.07681466142416153,1.0,0.0,0.0
-119.9669947,39.2519776,2016.028076171875,snow,snow,0.8379799296925158,0.1620200703074843,0.0,1.0,0.0,0.0
-119.925388397298,39.8472360968553,1491.7423095703125,snow,snow,0.5104991672732044,0.30699443282692107,0.18250639989987452,1.0,0.0,0.0
-119.715589000956,39.5314110688727,1339.81396484375,rain,snow,0.6546498207143345,0.23932253168884005,0.10602764759682545,0.0,0.0,1.0
-119.8111039324,39.3210924070876,1542.5299072265625,snow,snow,0.5480154922198245,0.016249711468130378,0.43573479631204504,1.0,0.0,0.0
-119.7613109,39.168388,1429.696044921875,rain,snow,0.9755012301096893,0.02449876989031084,0.0,0.0,0.0,1.0
-120.5654167,38.7558714,1205.3624267578125,mix,snow,0.6733374707955292,0.0,0.3266625292044708,0.0,1.0,0.0
-119.9669947,39.2519776,2016.028076171875,snow,snow,0.6097227929311899,0.025880555429127677,0.36439665163968243,1.0,0.0,0.0
-120.083929179977,39.2279232736156,1958.6190185546875,snow,snow,1.0,0.0,0.0,1.0,0.0,0.0
-119.870762105959,39.5248451823346,1486.023193359375,snow,snow,1.0,0.0,0.0,1.0,0.0,0.0
-119.925411831323,39.8471862487276,1491.7423095703125,snow,snow,1.0,0.0,0.0,1.0,0.0,0.0
-120.352318295843,38.0360325476448,984.2950439453125,snow,snow,1.0,0.0,0.0,1.0,0.0,0.0
-120.8082149,39.2065349,1104.9029541015625,snow,snow,1.0,0.0,0.0,1.0,0.0,0.0
-120.982012082537,39.3126401657408,970.83740234375,mix,snow,0.5416672093326914,0.45833279066730864,0.0,0.0,1.0,0.0
-119.986012539165,39.6800304825807,1552.726806640625,snow,mix,0.008994832449724686,0.9910051675502753,0.0,1.0,0.0,0.0
-119.9937368,39.5181409,1494.7957763671875,mix,snow,0.9604731207169943,0.03952687928300575,0.0,0.0,1.0,0.0
-120.269592733092,38.0240967795511,858.2250366210938,snow,mix,0.2747491071349869,0.7252508928650131,0.0,1.0,0.0,0.0
-119.743520101499,39.5859436450428,1414.6666259765625,snow,snow,0.9971044483849886,0.0028955516150114173,0.0,1.0,0.0,0.0
-119.871587635735,39.5313519322043,1503.12060546875,snow,snow,0.9987309057788131,0.0012690942211869812,0.0,1.0,0.0,0.0
-119.964791576175,39.5243869698105,1480.8189697265625,snow,snow,0.9984264679684394,0.0015735320315605642,0.0,1.0,0.0,0.0
-120.1913592,37.8367986,872.5946044921875,mix,snow,1.0,0.0,0.0,0.0,1.0,0.0
-120.4688056,39.8057317,1484.389892578125,snow,snow,0.964068721842902,0.0,0.03593127815709802,1.0,0.0,0.0
-120.711231314889,38.7306894979064,794.8796997070312,rain,snow,0.9976010976939774,0.0,0.0023989023060226296,0.0,0.0,1.0
-120.900279892383,39.1503857067278,859.9096069335938,rain,snow,0.6262190817615991,0.0,0.3737809182384008,0.0,0.0,1.0
-120.686117263001,38.7394762138697,892.43505859375,snow,rain,0.0007887343310190847,0.0,0.9992112656689809,1.0,0.0,0.0
-120.315859811306,39.8175425891368,1494.4031982421875,snow,snow,0.9687682531857092,0.0,0.0312317468142908,1.0,0.0,0.0
-120.706565169668,38.7367833866782,894.05859375,snow,snow,1.0,0.0,0.0,1.0,0.0,0.0
-120.352334515362,38.0360383219772,984.2950439453125,snow,snow,1.0,0.0,0.0,1.0,0.0,0.0
-120.6413835889,38.7446740901285,1039.748046875,snow,snow,1.0,0.0,0.0,1.0,0.0,0.0
-120.007678132485,39.5274752711554,1521.617431640625,snow,snow,1.0,0.0,0.0,1.0,0.0,0.0
-120.982000935793,39.3125259229029,970.83740234375,snow,snow,1.0,0.0,0.0,1.0,0.0,0.0
-119.9539598,39.2526252,2003.246337890625,snow,snow,1.0,0.0,0.0,1.0,0.0,0.0
-119.870873570063,38.9750839693428,2201.280517578125,snow,snow,1.0,0.0,0.0,1.0,0.0,0.0
-120.4689706,39.8057229,1484.389892578125,snow,snow,1.0,0.0,0.0,1.0,0.0,0.0
-119.986012539165,39.6800304825807,1552.726806640625,snow,snow,1.0,0.0,0.0,1.0,0.0,0.0
-119.997445238734,38.8523386818796,1980.7945556640625,snow,snow,0.9778268018682,0.022173198131799982,0.0,1.0,0.0,0.0
-119.9668721,39.2519534,2016.028076171875,snow,snow,0.9999999928956519,7.104348051726074e-09,0.0,1.0,0.0,0.0
-120.315859811306,39.8175425891368,1494.4031982421875,snow,snow,0.8424762856490354,0.15752371435096457,0.0,1.0,0.0,0.0
-120.951095505513,39.9367925552888,1042.9046630859375,mix,snow,1.0,0.0,0.0,0.0,1.0,0.0
-120.100208453368,39.3565419848955,1798.48291015625,snow,snow,0.9918053172769102,0.00819468272308979,0.0,1.0,0.0,0.0
-119.950319955519,39.5248258210474,1538.666748046875,snow,snow,0.9848964514179974,0.015103548582002597,0.0,1.0,0.0,0.0
-119.9668292,39.2520331,2016.028076171875,snow,snow,0.9999999928952507,7.104749289813947e-09,0.0,1.0,0.0,0.0
-119.86797801099,39.3338383224428,2208.241455078125,snow,snow,0.9957834016528463,0.00421659834715373,0.0,1.0,0.0,0.0
-120.8081267,39.2066973,1104.9029541015625,snow,snow,0.8922971155063436,0.10770288449365645,0.0,1.0,0.0,0.0
-120.4689347,39.8057264,1484.389892578125,snow,snow,1.0,0.0,0.0,1.0,0.0,0.0
-119.9668156,39.2519856,2016.028076171875,snow,snow,1.0,0.0,0.0,1.0,0.0,0.0
-120.3697593,39.583904,1511.8182373046875,snow,snow,1.0,0.0,0.0,1.0,0.0,0.0
-120.1427262,39.1761708,1991.058837890625,snow,snow,1.0,0.0,0.0,1.0,0.0,0.0
-120.315859811306,39.8175425891368,1494.4031982421875,snow,snow,1.0,0.0,0.0,1.0,0.0,0.0
-119.961517822974,39.2518617098481,2003.246337890625,snow,snow,1.0,0.0,0.0,1.0,0.0,0.0
-120.0079789,38.9238365,1905.078125,snow,snow,1.0,0.0,0.0,1.0,0.0,0.0
-119.9668322,39.2520876,2016.028076171875,snow,snow,1.0,0.0,0.0,1.0,0.0,0.0
-119.870873570063,38.9750839693428,2201.280517578125,snow,snow,1.0,0.0,0.0,1.0,0.0,0.0
-120.8081218,39.2066419,1104.9029541015625,snow,snow,1.0,0.0,0.0,1.0,0.0,0.0
-119.8955989,39.3210397,2645.622314453125,snow,snow,1.0,0.0,0.0,1.0,0.0,0.0
-118.552378267468,39.5223125059757,1189.577880859375,snow,snow,1.0,0.0,0.0,1.0,0.0,0.0
-119.8748309,39.3320697,2412.533935546875,snow,snow,1.0,0.0,0.0,1.0,0.0,0.0
-119.909291961911,39.3073153646284,2752.060546875,snow,snow,1.0,0.0,0.0,1.0,0.0,0.0
-119.925288711206,39.8471788082286,1491.7423095703125,snow,snow,1.0,0.0,0.0,1.0,0.0,0.0
-119.862536,39.338492,2208.241455078125,snow,snow,1.0,0.0,0.0,1.0,0.0,0.0
-119.873544043042,39.3386037228995,2313.341552734375,snow,snow,1.0,0.0,0.0,1.0,0.0,0.0
-119.986012539165,39.6800304825807,1552.726806640625,snow,snow,1.0,0.0,0.0,1.0,0.0,0.0
-119.719331429036,39.4908055723322,1360.9130859375,snow,snow,1.0,0.0,0.0,1.0,0.0,0.0
-120.007678132485,39.5274752711554,1521.617431640625,snow,snow,1.0,0.0,0.0,1.0,0.0,0.0
-120.1913592,37.8367984,872.5946044921875,snow,snow,1.0,0.0,0.0,1.0,0.0,0.0
-119.9668322,39.2520876,2016.028076171875,snow,snow,1.0,0.0,0.0,1.0,0.0,0.0
-120.315859811306,39.8175425891368,1494.4031982421875,snow,snow,1.0,0.0,0.0,1.0,0.0,0.0
-119.950311656646,39.5248345951106,1538.666748046875,snow,snow,1.0,0.0,0.0,1.0,0.0,0.0
-119.925261735518,39.8472357078584,1491.7423095703125,snow,snow,1.0,0.0,0.0,1.0,0.0,0.0
-119.8485975,39.5978632,1597.0430908203125,snow,snow,1.0,0.0,0.0,1.0,0.0,0.0
-119.8694641,39.6023613,1591.5308837890625,snow,snow,1.0,0.0,0.0,1.0,0.0,0.0
-119.733820873845,39.5794986203859,1362.42431640625,snow,snow,1.0,0.0,0.0,1.0,0.0,0.0
-119.8709059,39.5248711,1486.023193359375,snow,snow,1.0,0.0,0.0,1.0,0.0,0.0
-119.753012107335,39.5430235595413,1346.665771484375,snow,snow,1.0,0.0,0.0,1.0,0.0,0.0
-119.912528681261,39.6552623009461,1515.7220458984375,snow,snow,1.0,0.0,0.0,1.0,0.0,0.0
-119.95031962528,39.5248256449291,1538.666748046875,snow,snow,1.0,0.0,0.0,1.0,0.0,0.0
-119.955638648125,38.9097886420826,1956.0849609375,snow,snow,1.0,0.0,0.0,1.0,0.0,0.0
-119.9668322,39.2520876,2016.028076171875,snow,snow,1.0,0.0,0.0,1.0,0.0,0.0
-119.8644061,39.6412027,1511.9696044921875,snow,snow,1.0,0.0,0.0,1.0,0.0,0.0
-119.986012539165,39.6800304825807,1552.726806640625,snow,snow,1.0,0.0,0.0,1.0,0.0,0.0
-120.3697388,39.5838436,1511.8182373046875,rain,snow,1.0,0.0,0.0,0.0,0.0,1.0
-120.5676637,38.378855,625.4950561523438,rain,snow,1.0,0.0,0.0,0.0,0.0,1.0
-120.3697388,39.5838436,1511.8182373046875,snow,snow,1.0,0.0,0.0,1.0,0.0,0.0
-119.781751624017,39.4205249850879,1454.221923828125,snow,snow,1.0,0.0,0.0,1.0,0.0,0.0
-120.100208453368,39.3565419848955,1798.48291015625,snow,snow,1.0,0.0,0.0,1.0,0.0,0.0
-119.925331699135,39.8471930716272,1491.7423095703125,snow,snow,1.0,0.0,0.0,1.0,0.0,0.0
-119.8643993,39.6412117,1511.9696044921875,snow,snow,1.0,0.0,0.0,1.0,0.0,0.0
-119.742584100027,39.5836275879637,1414.6666259765625,snow,snow,1.0,0.0,0.0,1.0,0.0,0.0
-119.822793408024,39.4175919889889,1609.224365234375,snow,snow,1.0,0.0,0.0,1.0,0.0,0.0
-119.7442592,39.5599365,1356.5489501953125,snow,snow,1.0,0.0,0.0,1.0,0.0,0.0
-119.964154,39.2514025,2016.028076171875,snow,snow,1.0,0.0,0.0,1.0,0.0,0.0
-119.986012539165,39.6800304825807,1552.726806640625,snow,snow,1.0,0.0,0.0,1.0,0.0,0.0
-120.162956066848,39.3581766109748,1793.0777587890625,snow,snow,1.0,0.0,0.0,1.0,0.0,0.0
-119.734392383849,39.5444688141847,1342.1070556640625,snow,snow,1.0,0.0,0.0,1.0,0.0,0.0
-119.9624095,38.9122774,1956.0849609375,snow,snow,1.0,0.0,0.0,1.0,0.0,0.0
-119.80092187765,39.5715672132291,1488.3441162109375,snow,snow,1.0,0.0,0.0,1.0,0.0,0.0
-119.961517822974,39.2518617098481,2003.246337890625,snow,snow,1.0,0.0,0.0,1.0,0.0,0.0
-119.9542432,39.2484052,1922.8812255859375,snow,snow,1.0,0.0,0.0,1.0,0.0,0.0
-119.843291336544,39.3745540552881,1874.2142333984375,snow,snow,1.0,0.0,0.0,1.0,0.0,0.0
-119.95233575221,39.5305843579455,1587.759521484375,snow,snow,1.0,0.0,0.0,1.0,0.0,0.0
-119.843291336052,39.3745540543704,1874.2142333984375,snow,snow,1.0,0.0,0.0,1.0,0.0,0.0
-119.807286318156,39.4908226810018,1374.2261962890625,snow,snow,1.0,0.0,0.0,1.0,0.0,0.0
-119.758876855463,39.4178720007285,1377.5360107421875,snow,snow,1.0,0.0,0.0,1.0,0.0,0.0
-119.8708929,39.5248345,1486.023193359375,snow,snow,1.0,0.0,0.0,1.0,0.0,0.0
-119.2368288,39.5971202,1270.4388427734375,snow,snow,1.0,0.0,0.0,1.0,0.0,0.0
-119.781454467497,39.4545967102736,1364.1851806640625,snow,snow,1.0,0.0,0.0,1.0,0.0,0.0
-119.799410771353,39.5708424279365,1488.3441162109375,snow,snow,1.0,0.0,0.0,1.0,0.0,0.0
-119.813979223494,39.5392358299425,1381.1461181640625,snow,snow,1.0,0.0,0.0,1.0,0.0,0.0
-119.9542397,39.248422,1922.8812255859375,snow,snow,1.0,0.0,0.0,1.0,0.0,0.0
-120.315859811306,39.8175425891368,1494.4031982421875,snow,snow,1.0,0.0,0.0,1.0,0.0,0.0
-119.7520064,39.1904364,1433.7567138671875,snow,snow,1.0,0.0,0.0,1.0,0.0,0.0
-120.80818,39.2066055,1104.9029541015625,mix,snow,1.0,0.0,0.0,0.0,1.0,0.0
-119.829176107664,39.529086404242,1395.3599853515625,snow,snow,1.0,0.0,0.0,1.0,0.0,0.0
-119.687770251604,38.9157374534485,1515.9644775390625,snow,snow,1.0,0.0,0.0,1.0,0.0,0.0
-119.9668267,39.2520598,2016.028076171875,snow,snow,1.0,0.0,0.0,1.0,0.0,0.0
-119.8428589,39.6060124,1568.7435302734375,snow,snow,1.0,0.0,0.0,1.0,0.0,0.0
-119.8643977,39.6411787,1511.9696044921875,snow,snow,1.0,0.0,0.0,1.0,0.0,0.0
-119.789267671849,39.4669812011516,1370.559814453125,snow,snow,1.0,0.0,0.0,1.0,0.0,0.0
-119.81107827839,39.3210287696582,1542.5299072265625,snow,snow,1.0,0.0,0.0,1.0,0.0,0.0
-119.774653,39.4755433,1349.7518310546875,snow,snow,1.0,0.0,0.0,1.0,0.0,0.0
-119.757515621082,38.9477067087637,1443.3814697265625,snow,snow,1.0,0.0,0.0,1.0,0.0,0.0
-119.826338643835,39.5154549093659,1390.4053955078125,snow,snow,1.0,0.0,0.0,1.0,0.0,0.0
-119.999749269448,38.9165162248899,1909.7303466796875,snow,snow,1.0,0.0,0.0,1.0,0.0,0.0
-119.74495391172,39.4011164347156,1392.5533447265625,snow,snow,1.0,0.0,0.0,1.0,0.0,0.0
-119.8694987,39.6023261,1591.5308837890625,snow,snow,1.0,0.0,0.0,1.0,0.0,0.0
-120.151752835698,39.3350824371777,1786.87939453125,snow,snow,1.0,0.0,0.0,1.0,0.0,0.0
-119.955566614856,38.9097515141196,1956.0849609375,snow,snow,1.0,0.0,0.0,1.0,0.0,0.0
-119.749510660677,38.9503618474977,1446.9903564453125,snow,snow,1.0,0.0,0.0,1.0,0.0,0.0
-119.8709225,39.524836,1486.023193359375,snow,snow,1.0,0.0,0.0,1.0,0.0,0.0
-119.78911160645,39.4669363940892,1370.559814453125,snow,snow,1.0,0.0,0.0,1.0,0.0,0.0
-119.822793408024,39.4175919889889,1609.224365234375,snow,snow,1.0,0.0,0.0,1.0,0.0,0.0
-120.005749954069,38.911738022241,1912.7034912109375,snow,snow,1.0,0.0,0.0,1.0,0.0,0.0
-120.26905189063,38.0562685864948,1192.9775390625,mix,snow,1.0,0.0,0.0,0.0,1.0,0.0
-120.01178,38.9320468,1899.7607421875,snow,snow,1.0,0.0,0.0,1.0,0.0,0.0
-119.9544983,38.933868,1916.7115478515625,snow,snow,1.0,0.0,0.0,1.0,0.0,0.0
-120.002592259158,38.9134424710442,1912.7034912109375,snow,snow,1.0,0.0,0.0,1.0,0.0,0.0
-119.9668267,39.2520598,2016.028076171875,snow,snow,1.0,0.0,0.0,1.0,0.0,0.0
-119.687770251604,38.9157374534485,1515.9644775390625,snow,snow,1.0,0.0,0.0,1.0,0.0,0.0
-119.988350573129,38.9240080391552,1907.614990234375,snow,snow,1.0,0.0,0.0,1.0,0.0,0.0
-119.682341915109,38.9171443661002,1535.7108154296875,snow,snow,1.0,0.0,0.0,1.0,0.0,0.0
-119.749510660677,38.9503618474977,1446.9903564453125,snow,snow,1.0,0.0,0.0,1.0,0.0,0.0
-119.997517737846,38.8524843995973,1980.7945556640625,snow,snow,1.0,0.0,0.0,1.0,0.0,0.0
-119.996466880512,38.8704296496115,1950.8565673828125,snow,snow,1.0,0.0,0.0,1.0,0.0,0.0
-119.733289091187,39.4235955221677,1366.5106201171875,snow,snow,0.9552226729058862,0.0,0.04477732709411378,1.0,0.0,0.0
-119.988223610685,38.890737281362,1947.20751953125,snow,snow,0.9996514412163076,0.0,0.0003485587836924844,1.0,0.0,0.0
-120.418965174955,37.9501371257059,439.8701171875,rain,snow,1.0,0.0,0.0,0.0,0.0,1.0
-119.99646688449,38.870429672506,1950.8565673828125,snow,snow,0.9998015405587259,0.0,0.0001984594412740077,1.0,0.0,0.0
-119.997445238734,38.8523386818796,1980.7945556640625,snow,snow,0.9997082960058765,0.0,0.0002917039941234915,1.0,0.0,0.0
-120.083932182756,39.2279402531802,1958.6190185546875,mix,snow,0.9621075302876703,0.0,0.03789246971232978,0.0,1.0,0.0
-119.872977886909,38.9751083038648,2201.280517578125,snow,snow,0.4782197932046804,0.4308805537462696,0.09089965304904996,1.0,0.0,0.0
-120.823989950404,39.5679192527095,999.898681640625,rain,rain,0.3010870318010943,0.22843672874863988,0.47047623945026584,0.0,0.0,1.0
-119.9667748,39.2519291,2016.028076171875,snow,mix,0.09439208322376663,0.8716957248100502,0.033912191966183045,1.0,0.0,0.0
-120.315859249691,39.8175425044976,1494.4031982421875,rain,rain,0.3411421642681803,0.23930008584119045,0.4195577498906293,0.0,0.0,1.0
-120.002145391037,39.235753715851,2043.0731201171875,mix,snow,0.7750850455786317,0.2223099364911968,0.0026050179301715377,0.0,1.0,0.0
-120.4689848,39.8057274,1484.389892578125,rain,mix,0.30576052629955125,0.6500614795934494,0.044177994106999366,0.0,0.0,1.0
-119.9610363,39.2474719,1922.8812255859375,snow,mix,0.0,0.9970886357977942,0.0029113642022058866,1.0,0.0,0.0
-120.2239064,38.0188603,1123.33447265625,rain,mix,0.2808782583569913,0.584129602448683,0.13499213919432568,0.0,0.0,1.0
-120.083831366847,39.2279361855675,1958.6190185546875,mix,mix,0.2991500867618814,0.692207298583619,0.008642614654499751,0.0,1.0,0.0
-119.961518921105,39.2518670758199,2003.246337890625,rain,snow,0.9999524071779912,0.0,4.75928220089015e-05,0.0,0.0,1.0
-119.9584715,39.2536295,2003.246337890625,snow,rain,0.0,0.0,1.0,1.0,0.0,0.0
-120.576656758243,38.7625414095795,1192.2904052734375,rain,rain,0.08160673385437255,0.0,0.9183932661456276,0.0,0.0,1.0
-120.302153014424,38.7737121585565,1292.914306640625,rain,rain,0.11701112343310506,0.0,0.882988876566895,0.0,0.0,1.0
-120.369756,39.5838458,1511.8182373046875,rain,snow,1.0,0.0,0.0,0.0,0.0,1.0
-119.997445238734,38.8523386818796,1980.7945556640625,snow,snow,0.9916976882237997,0.0,0.008302311776200326,1.0,0.0,0.0
-120.0079353,38.9238318,1905.078125,snow,snow,0.9900328888467775,0.0,0.009967111153222435,1.0,0.0,0.0
-119.997445238734,38.8523386818796,1980.7945556640625,snow,snow,0.9964709960949533,0.0023723915154584213,0.001156612389588316,1.0,0.0,0.0
-119.996583256838,38.8704404583685,1950.8565673828125,snow,snow,0.9963503306358399,0.0024550067973517034,0.0011946625668084463,1.0,0.0,0.0
-119.955513643234,38.9097450327004,1956.0849609375,snow,snow,0.9790135955831843,0.0141571024348547,0.0068293019819609165,1.0,0.0,0.0
-120.1426732,39.176138,1991.058837890625,snow,mix,0.2234741307363225,0.5292178177990583,0.24730805146461926,1.0,0.0,0.0
-120.08018835254,38.80023361942,2244.89306640625,snow,snow,0.9664884406220218,0.022440772372809583,0.011070787005168692,1.0,0.0,0.0
-120.179638885936,39.3263671441617,1781.1376953125,mix,mix,0.001163067876476906,0.9561072842163143,0.0427296479072088,0.0,1.0,0.0
-120.2070042,39.3270896,1842.712646484375,rain,mix,0.009755778328803684,0.9902442216711964,0.0,0.0,0.0,1.0
-120.1852502,39.3269269,1810.587158203125,mix,mix,0.0011174898677607417,0.9324616039829465,0.0664209061492927,0.0,1.0,0.0
-119.892319523907,38.9798993767475,2223.889892578125,snow,snow,0.9856141550673764,0.004202381529244619,0.01018346340337893,1.0,0.0,0.0
-119.957458613097,38.9299976338136,1916.7115478515625,snow,snow,0.9857517114568488,0.0045896100344658365,0.0096586785086854,1.0,0.0,0.0
-120.3697342,39.5838509,1511.8182373046875,rain,snow,0.9225628347355035,0.07743716526449645,0.0,0.0,0.0,1.0
-119.857895880664,37.8761930104676,1410.0882568359375,mix,snow,0.8407363264399809,0.0,0.15926367356001925,0.0,1.0,0.0
-120.7825969,38.511247,515.516845703125,rain,rain,0.1146772493578516,0.15606426520572733,0.7292584854364211,0.0,0.0,1.0
-119.955562856526,38.9097500221065,1956.0849609375,snow,mix,0.3979715778774765,0.5805038602900042,0.02152456183251937,1.0,0.0,0.0
-120.010866606521,38.9173767321822,1911.875244140625,mix,mix,0.15586461749866393,0.8407296038766402,0.003405778624695857,0.0,1.0,0.0
-120.2504536,39.3712521,2037.4736328125,snow,mix,0.3304141415490244,0.6590232190734719,0.010562639377503708,1.0,0.0,0.0
-120.0208696,38.8535056,1926.832763671875,snow,snow,0.8715494883969974,0.12292202743422298,0.005528484168779707,1.0,0.0,0.0
-120.124333457868,39.0206274118988,1994.9439697265625,mix,snow,0.49674825047275833,0.45747965116301603,0.045772098364225536,0.0,1.0,0.0
-120.830125357474,39.5590268803698,937.015625,rain,rain,0.2954536954434503,0.07384717610896839,0.6306991284475814,0.0,0.0,1.0
-119.947011873952,38.9609227596785,1902.406005859375,snow,mix,0.4383130832908402,0.5186450981719548,0.043041818537205095,1.0,0.0,0.0
-120.8096617804,39.2088356685899,1104.9029541015625,rain,rain,0.10507922008887838,0.07520782008517567,0.819712959825946,0.0,0.0,1.0
-119.76867011961,38.9559504156358,1436.2230224609375,rain,snow,0.6540162105194991,0.3459837894805009,0.0,0.0,0.0,1.0
-120.5676713,38.3788613,625.4950561523438,rain,rain,0.23423878461634254,0.16472624692551965,0.6010349684581378,0.0,0.0,1.0
-120.900332032311,39.1503046577743,859.9096069335938,rain,rain,0.07703691637853673,0.059377409709389914,0.8635856739120734,0.0,0.0,1.0
-120.4689812,39.8057336,1484.389892578125,rain,rain,0.34221864103585736,0.29136626175951386,0.3664150972046288,0.0,0.0,1.0
-119.997445238734,38.8523386818796,1980.7945556640625,snow,snow,0.876502962227031,0.11721474125255445,0.0062822965204146,1.0,0.0,0.0
-120.3794051,39.3248631,2135.20361328125,snow,mix,0.45671419215755826,0.49020338837316585,0.05308241946927584,1.0,0.0,0.0
-120.1833876,39.315665,1849.91650390625,mix,mix,0.16485218062530746,0.8351478193746926,0.0,0.0,1.0,0.0
-120.168489295165,39.3310122032616,1774.5745849609375,mix,mix,0.1938043651402515,0.8061956348597485,0.0,0.0,1.0,0.0
-120.951054079,39.936908703409,1042.9046630859375,rain,rain,0.2112747844802288,0.061875040708627156,0.726850174811144,0.0,0.0,1.0
-120.163080291934,39.3580534682044,1793.0777587890625,snow,mix,0.02849903888418027,0.9715009611158197,0.0,1.0,0.0,0.0
-120.170592487322,39.3471489222518,1806.0784912109375,mix,snow,0.5904800497224565,0.40951995027754345,0.0,0.0,1.0,0.0
-120.0032809,38.9282508,1900.0968017578125,mix,mix,0.15970536866461912,0.8366189472541534,0.0036756840812274785,0.0,1.0,0.0
-120.186013093558,39.3283652407007,1810.587158203125,rain,snow,0.9947527629392316,0.0,0.005247237060768386,0.0,0.0,1.0
-120.686117263001,38.7394762138697,892.43505859375,rain,rain,0.003230375705394983,0.0,0.996769624294605,0.0,0.0,1.0
-120.269094595397,38.0564105075559,1192.9775390625,rain,rain,0.003165805348671915,0.0,0.996834194651328,0.0,0.0,1.0
-120.155562583644,39.3371345215007,1786.87939453125,snow,snow,0.5543859759429473,0.0,0.4456140240570527,1.0,0.0,0.0
-120.452702596885,39.6639327598325,1538.229736328125,rain,rain,0.2034038230307135,0.0,0.7965961769692865,0.0,0.0,1.0
-120.711233042114,38.7306897425582,794.8796997070312,rain,rain,0.0030330228184765806,0.0,0.9969669771815235,0.0,0.0,1.0
-120.4755284,39.8083645,1495.380126953125,rain,rain,0.13539941813633977,0.0,0.8646005818636602,0.0,0.0,1.0
-120.002280693538,38.9146598933586,1912.7034912109375,snow,rain,0.3776160212864845,0.0,0.6223839787135155,1.0,0.0,0.0
-120.175766325274,39.3532430015638,1832.049560546875,snow,snow,0.5711373819563405,0.0,0.4288626180436595,1.0,0.0,0.0
-120.360780867771,38.2418289104562,1223.895751953125,rain,rain,0.034658902700270326,0.0,0.9653410972997297,0.0,0.0,1.0
-120.9819716,39.0433332,689.05712890625,rain,rain,0.18687514350828052,0.0,0.8131248564917195,0.0,0.0,1.0
-120.223945,38.0188515,1123.33447265625,rain,rain,0.0030399326472832916,0.0,0.9969600673527167,0.0,0.0,1.0
-120.968941,38.663947,416.0556945800781,rain,rain,0.028433493397709682,0.0,0.9715665066022903,0.0,0.0,1.0
-119.739263472713,38.935473135726,1454.7825927734375,rain,rain,0.26680422933986725,0.04166341012969854,0.6915323605304342,0.0,0.0,1.0
-120.07717200275,39.2332124691959,1946.420654296875,snow,snow,0.9999982234665904,0.0,1.776533409501947e-06,1.0,0.0,0.0
-120.076809370756,39.2332502749937,1946.420654296875,snow,snow,0.9999982191539838,0.0,1.7808460162104553e-06,1.0,0.0,0.0
-120.007114600212,39.2258789060893,1943.2259521484375,snow,snow,0.9739190298900213,0.0,0.026080970109978695,1.0,0.0,0.0
-120.497637294291,38.5046084758157,1265.690673828125,rain,rain,0.4001254020591425,0.0,0.5998745979408575,0.0,0.0,1.0
-119.947011873952,38.9609227596785,1902.406005859375,snow,snow,0.9775722761581124,0.0,0.022427723841887626,1.0,0.0,0.0
-120.315805447811,39.8173332584107,1494.4031982421875,rain,rain,0.0,0.0,1.0,0.0,0.0,1.0
-119.948366960071,39.0199633159824,1914.71337890625,snow,snow,0.9591962756222729,0.040803724377727134,0.0,1.0,0.0,0.0
-120.070644593067,39.2378641850543,1922.7923583984375,snow,snow,0.9990554545617352,0.0,0.0009445454382649367,1.0,0.0,0.0
-120.452964778479,39.6637840393328,1538.229736328125,rain,rain,0.0,0.10742396876436401,0.892576031235636,0.0,0.0,1.0
-119.9523805,39.2717514,2182.246337890625,snow,snow,0.977158709195807,0.0,0.022841290804192924,1.0,0.0,0.0
-120.711233042114,38.7306897425582,794.8796997070312,rain,rain,0.1680681212505353,0.0,0.8319318787494647,0.0,0.0,1.0
-120.0079362,38.9238275,1905.078125,snow,snow,0.9991546925996269,0.0,0.0008453074003731147,1.0,0.0,0.0
-119.9937984,39.5182122,1494.7957763671875,rain,rain,0.0,0.0,1.0,0.0,0.0,1.0
-119.845252983333,39.4973526,1481.221923828125,rain,rain,0.0,0.0,1.0,0.0,0.0,1.0
-119.825458310701,39.5149552611241,1390.4053955078125,rain,rain,0.046219088421522836,0.0,0.9537809115784772,0.0,0.0,1.0
-119.961518921105,39.2518670758199,2003.246337890625,snow,snow,0.9984397988531836,0.0,0.0015602011468165205,1.0,0.0,0.0
-120.007679004186,38.9085855323812,1912.7034912109375,snow,snow,0.9987367131992847,0.0,0.0012632868007153015,1.0,0.0,0.0
-119.929328706021,39.5222565144758,1500.779541015625,rain,rain,0.0,0.0,1.0,0.0,0.0,1.0
-120.9688215,38.6638497,416.0556945800781,rain,rain,7.852873543890907e-08,0.0,0.9999999214712645,0.0,0.0,1.0
-119.892416164266,38.9798864043938,2223.889892578125,snow,snow,0.9469083685030323,0.0,0.05309163149696775,1.0,0.0,0.0
-119.8045001,39.5730517,1488.3441162109375,snow,rain,0.0,0.0,1.0,1.0,0.0,0.0
-119.8104691,39.5715574,1493.806640625,rain,snow,0.9372176744868769,0.0,0.06278232551312314,0.0,0.0,1.0
-120.315859249691,39.8175425044976,1494.4031982421875,rain,rain,0.0,0.0,1.0,0.0,0.0,1.0
-119.807481655286,39.196225325747,1641.729248046875,rain,rain,0.25884939724394107,0.162500840817071,0.578649761938988,0.0,0.0,1.0
-119.997445238734,38.8523386818796,1980.7945556640625,snow,snow,0.9947120672576754,0.0,0.005287932742324609,1.0,0.0,0.0
-119.986012539165,39.6800304825807,1552.726806640625,rain,rain,0.0,0.0,1.0,0.0,0.0,1.0
-119.996583238542,38.8704401654604,1950.8565673828125,snow,snow,0.9952494551488053,0.0,0.004750544851194724,1.0,0.0,0.0
-119.831045731839,39.3768054131054,1739.0556640625,rain,rain,0.09362645432416584,0.0,0.9063735456758342,0.0,0.0,1.0
-119.95032062156,39.5248284911803,1538.666748046875,rain,rain,0.0,0.0,1.0,0.0,0.0,1.0
-119.822793408024,39.4175919889889,1609.224365234375,rain,rain,0.0,0.0,1.0,0.0,0.0,1.0
-119.871588163636,39.5313530992524,1503.12060546875,rain,rain,0.0,0.0,1.0,0.0,0.0,1.0
-119.8504814,39.5463084,1508.86083984375,rain,rain,0.05899324053837923,0.0,0.9410067594616208,0.0,0.0,1.0
-120.957512082918,39.0158905247397,588.9312744140625,rain,rain,0.4102411606030105,0.0616656691834621,0.5280931702135274,0.0,0.0,1.0
-119.8647605,39.5337764,1486.790283203125,rain,rain,0.007580867866478791,0.0,0.9924191321335212,0.0,0.0,1.0
-120.010866583675,38.9173767067678,1911.875244140625,snow,snow,0.9993617962333002,0.0,0.0006382037666997341,1.0,0.0,0.0
-119.778145618178,39.1156697787786,1515.966064453125,mix,rain,0.22613953764249112,0.0,0.7738604623575089,0.0,1.0,0.0
-119.8694625,39.6023487,1591.5308837890625,rain,rain,0.08862681726360248,0.0,0.9113731827363976,0.0,0.0,1.0
-119.807012522861,39.490697165426,1379.580322265625,rain,rain,0.04150260420354292,0.0,0.9584973957964571,0.0,0.0,1.0
-119.9807836,39.5169652,1517.4693603515625,rain,rain,0.0,0.0,1.0,0.0,0.0,1.0
-119.96468479356,39.5243834939269,1480.8189697265625,rain,rain,0.0,0.0,1.0,0.0,0.0,1.0
-119.687770251604,38.9157374534485,1515.9644775390625,rain,rain,0.19221164144161634,0.03461410322558868,0.773174255332795,0.0,0.0,1.0
-120.968876,38.66394,416.0556945800781,rain,rain,7.85350063779559e-08,0.0,0.9999999214649936,0.0,0.0,1.0
-120.823989950404,39.5679192527095,999.898681640625,mix,rain,0.21164491421088508,0.0,0.788355085789115,0.0,1.0,0.0
-119.9668231,39.2519927,2016.028076171875,snow,snow,0.9985076386049796,0.0,0.0014923613950203714,1.0,0.0,0.0
-120.792431994731,39.2184112221492,1217.7698974609375,snow,rain,0.20935125088156648,0.17741237290314443,0.613236376215289,1.0,0.0,0.0
-119.8393469,39.5973775,1575.891357421875,rain,rain,0.17081691889255138,0.0,0.8291830811074486,0.0,0.0,1.0
-119.7615203,39.1686099,1429.696044921875,rain,rain,0.16567660591079564,0.34495210535093623,0.48937128873826824,0.0,0.0,1.0
-119.779682018052,38.9928414971369,1427.673095703125,rain,rain,0.08058670748725365,0.0,0.9194132925127464,0.0,0.0,1.0
-119.844483332604,39.4979518010732,1481.221923828125,rain,rain,0.0,0.059200500506162046,0.940799499493838,0.0,0.0,1.0
-120.431262,39.6325164,1506.239501953125,mix,snow,0.8590653818608655,0.14093461813913444,0.0,0.0,1.0,0.0
-119.925247058384,39.8472782085091,1491.7423095703125,rain,rain,0.32268647918082005,0.0,0.67731352081918,0.0,0.0,1.0
-120.452742087445,39.6639103542538,1538.229736328125,mix,snow,0.9999447671878455,5.523281215437147e-05,0.0,0.0,1.0,0.0
-119.947011873952,38.9609227596785,1902.406005859375,snow,snow,0.6308776450989745,0.0,0.3691223549010255,1.0,0.0,0.0
-120.981810613959,39.3128672904715,970.83740234375,mix,mix,0.00011702284534115345,0.9998829771546589,0.0,0.0,1.0,0.0
-120.1991577,39.3208866,1804.74658203125,snow,snow,0.9845030536156794,0.015496946384320696,0.0,1.0,0.0,0.0
-120.978227793538,39.3136388699296,943.5879516601562,mix,mix,4.545605280160888e-05,0.9999545439471983,0.0,0.0,1.0,0.0
-119.8323426,39.4790592,1471.4849853515625,rain,rain,0.020598854311241702,0.05279871840677762,0.9266024272819807,0.0,0.0,1.0
-119.787790025197,39.417112298954,1477.6451416015625,rain,rain,0.19478357334531288,0.05031617373872567,0.7549002529159614,0.0,0.0,1.0
-119.813723467195,39.5445264832896,1381.1461181640625,rain,rain,0.0,0.0,1.0,0.0,0.0,1.0
-120.453001856916,39.6640696702896,1538.229736328125,snow,mix,9.723764457755343e-05,0.9999027623554224,0.0,1.0,0.0,0.0
-119.961518921105,39.2518670758199,2003.246337890625,snow,snow,0.9979189279413766,0.0,0.002081072058623473,1.0,0.0,0.0
-120.469132,39.8062863,1484.389892578125,mix,snow,0.999995716608349,4.283391650934638e-06,0.0,0.0,1.0,0.0
-119.8319372,39.615453,1555.482177734375,rain,rain,0.0,0.018179465600588196,0.9818205343994117,0.0,0.0,1.0
-120.469231,39.806503,1484.389892578125,snow,mix,8.71815016797982e-06,0.999991281849832,0.0,1.0,0.0,0.0
-120.360564479006,38.2305210202406,1117.480224609375,mix,rain,0.2893589737436588,0.2483432984218546,0.4622977278344865,0.0,1.0,0.0
-120.951090367456,39.9368271401707,1042.9046630859375,mix,snow,0.6340011057366342,0.36599889426336585,0.0,0.0,1.0,0.0
-119.7698799,39.1454693,1450.9697265625,rain,rain,0.4429905548215535,0.0,0.5570094451784465,0.0,0.0,1.0
-120.0079362,38.9238275,1905.078125,snow,snow,0.7468661174170147,0.0,0.2531338825829853,1.0,0.0,0.0
-120.137335619352,38.0922740162627,1501.741943359375,mix,snow,0.9999502518642323,1.4498369529206465e-05,3.524976623856286e-05,0.0,1.0,0.0
-120.9688653,38.6639408,416.0556945800781,rain,rain,1.7037090926812923e-09,1.3003675184097953e-08,0.9999999852926157,0.0,0.0,1.0
-120.4257601,39.6474128,1499.6859130859375,snow,mix,0.20731469420942653,0.7926853057905735,0.0,1.0,0.0,0.0
-120.315859249691,39.8175425044976,1494.4031982421875,snow,snow,0.5089883187853276,0.45108040767639024,0.0399312735382821,1.0,0.0,0.0
-119.687770251604,38.9157374534485,1515.9644775390625,rain,rain,0.0010543610114530262,0.0,0.9989456389885469,0.0,0.0,1.0
-119.9668309,39.2520695,2016.028076171875,snow,snow,0.9979953977563178,0.0,0.0020046022436820505,1.0,0.0,0.0
-120.137484271531,38.0914274821513,1501.741943359375,snow,mix,1.9762039771801387e-06,0.9999626115653346,3.541223068824243e-05,1.0,0.0,0.0
-120.1913789,37.836736,872.5946044921875,rain,mix,0.290231990961639,0.3621261636938217,0.34764184534453935,0.0,0.0,1.0
-120.986320514027,39.2963491782427,884.6318359375,mix,mix,0.001974133758657062,0.9980258662413429,0.0,0.0,1.0,0.0
-120.823989950404,39.5679192527095,999.898681640625,snow,mix,0.2282174037358728,0.7717825962641272,0.0,1.0,0.0,0.0
-120.976932447855,39.3122649389935,943.5879516601562,mix,mix,5.01130910331773e-05,0.9999498869089669,0.0,0.0,1.0,0.0
-119.651264929385,39.3841773880274,1866.9971923828125,snow,snow,0.74612215510238,0.0,0.25387784489762,1.0,0.0,0.0
-120.3779578,39.3234415,2063.993408203125,snow,snow,0.8798107433908695,0.12018925660913052,0.0,1.0,0.0,0.0
-119.650784031775,39.3490951865508,2097.31298828125,snow,snow,0.7737153893437676,0.0,0.2262846106562324,1.0,0.0,0.0
-119.777353983333,38.9607830666667,1436.2230224609375,rain,rain,0.07540814431376291,0.0,0.924591855686237,0.0,0.0,1.0
-120.176959985956,39.3403619666266,1818.37109375,snow,snow,0.9811124030315103,0.01888759696848976,0.0,1.0,0.0,0.0
-119.68230720308,38.9170992884947,1535.7108154296875,rain,rain,0.0010256971920637092,0.0,0.9989743028079363,0.0,0.0,1.0
-120.352409211517,38.036038725831,984.2950439453125,rain,mix,0.2977007368502144,0.5136042263352999,0.18869503681448574,0.0,0.0,1.0
-119.8694625,39.6023487,1591.5308837890625,rain,rain,0.0,1.2606536903403095e-07,0.999999873934631,0.0,0.0,1.0
-119.986012539165,39.6800304825807,1552.726806640625,snow,rain,0.08440092796399595,0.182473784601537,0.7331252874344671,1.0,0.0,0.0
-119.811108729266,39.3210278128915,1542.5299072265625,rain,snow,0.5101145630467575,0.0,0.48988543695324244,0.0,0.0,1.0
-119.8708124,39.5237149,1486.023193359375,rain,rain,0.05273657146082063,0.17390210261557185,0.7733613259236076,0.0,0.0,1.0
-120.083917710329,39.22791720675,1958.6190185546875,snow,snow,0.9149225250447893,0.0,0.08507747495521072,1.0,0.0,0.0
-120.9688992,38.6639602,416.0556945800781,rain,rain,1.70362958191637e-09,1.3004050317123993e-08,0.9999999852923201,0.0,0.0,1.0
-119.8644151,39.6412207,1511.9696044921875,rain,rain,0.039264958323578694,0.022594172107660647,0.9381408695687606,0.0,0.0,1.0
-119.950341188287,39.5248135440863,1538.666748046875,mix,mix,0.1586173325941059,0.7649998844067781,0.07638278299911594,0.0,1.0,0.0
-119.733817108721,39.5795034242394,1362.42431640625,rain,rain,0.0,0.0,1.0,0.0,0.0,1.0
-119.9806611,39.5167582,1517.4693603515625,snow,mix,0.0,0.9286219837986782,0.07137801620132181,1.0,0.0,0.0
-119.8694423,39.6023694,1591.5308837890625,rain,rain,0.0,1.2600218017178438e-07,0.9999998739978199,0.0,0.0,1.0
-119.964684242496,39.5243838025746,1480.8189697265625,mix,mix,0.35747684360043536,0.5953097963973677,0.04721336000219691,0.0,1.0,0.0
-120.352409352658,38.0360388465966,984.2950439453125,rain,rain,2.2749073230849445e-09,0.0,0.9999999977250926,0.0,0.0,1.0
-119.840045366044,39.535549846256,1417.9295654296875,rain,mix,0.33880687744696947,0.643719478973479,0.017473643579551557,0.0,0.0,1.0
-119.831045731839,39.3768054131054,1739.0556640625,snow,snow,0.49692694906347945,0.3107407894335507,0.1923322615029699,1.0,0.0,0.0
-119.993525,39.5179627,1494.7957763671875,snow,snow,0.806609000776831,0.19339099922316894,0.0,1.0,0.0,0.0
-119.997445238734,38.8523386818796,1980.7945556640625,snow,snow,0.995342125366132,0.0,0.0046578746338681205,1.0,0.0,0.0
-119.8485988,39.5978318,1597.0430908203125,snow,snow,0.7586321370387554,0.08157533619180317,0.15979252676944142,1.0,0.0,0.0
-119.980785289384,38.9396180088961,1908.990234375,snow,snow,0.9411978522592832,0.0,0.05880214774071679,1.0,0.0,0.0
-119.911144327053,39.5298615122613,1555.9532470703125,snow,snow,0.8935360651683036,0.08191470225260807,0.024549232579088306,1.0,0.0,0.0
-119.895131659288,39.5307529469757,1531.3826904296875,snow,snow,0.8599201856564991,0.10224027408908075,0.03783954025442013,1.0,0.0,0.0
-119.831921682301,39.5577330789592,1477.43408203125,mix,mix,0.26848612573793534,0.36845314019352776,0.36306073406853695,0.0,1.0,0.0
-119.8291448,39.5295093,1395.3599853515625,snow,mix,0.00023101860700213455,0.9988535593130639,0.0009154220799339899,1.0,0.0,0.0
-120.16304859207,39.3582402516687,1793.0777587890625,snow,snow,0.8991685134139522,0.10083148658604785,0.0,1.0,0.0,0.0
-119.7467251,39.4250978,1368.7227783203125,rain,mix,0.4370502603066215,0.47616103397940285,0.08678870571397573,0.0,0.0,1.0
-119.828938817594,39.5291003680237,1395.3599853515625,mix,mix,0.018159284435957785,0.9818106260323252,3.008953171709139e-05,0.0,1.0,0.0
-119.8558013,39.5317106,1470.497802734375,mix,snow,0.7133323581478792,0.13688985521511138,0.14977778663700944,0.0,1.0,0.0
-119.925300843418,39.8472240085095,1491.7423095703125,snow,snow,0.4630931978656979,0.09053756639188032,0.44636923574242177,1.0,0.0,0.0
-119.948397266882,39.0199937260047,1914.71337890625,snow,snow,0.8887827604403382,0.0,0.1112172395596618,1.0,0.0,0.0
-120.792431994731,39.2184112221492,1217.7698974609375,snow,snow,0.8437607816310511,0.0,0.1562392183689489,1.0,0.0,0.0
-119.8643263,39.6413048,1511.9696044921875,rain,rain,3.980255384584616e-05,4.782719080730059e-06,0.9999554147270734,0.0,0.0,1.0
-119.7982604,39.5560701,1441.058349609375,rain,mix,0.1895587743933845,0.5929541334643641,0.21748709214225145,0.0,0.0,1.0
-119.807479869355,39.1962254221675,1641.729248046875,snow,snow,0.7986607040713325,0.05185677660857553,0.14948251932009196,1.0,0.0,0.0
-119.749510660677,38.9503618474977,1446.9903564453125,rain,snow,1.0,0.0,0.0,0.0,0.0,1.0
-120.9690117,38.6639801,416.0556945800781,rain,snow,0.6691262966969048,0.0,0.33087370330309523,0.0,0.0,1.0
-119.859874186827,39.4833580199699,1560.6016845703125,mix,mix,0.23613877247513593,0.7088375983848988,0.05502362913996525,0.0,1.0,0.0
-119.929554405548,39.5216140226995,1500.779541015625,snow,snow,0.8936971631680539,0.10630283683194605,0.0,1.0,0.0,0.0
-119.845529908198,39.4969912312825,1481.221923828125,mix,mix,0.29158224976920155,0.633477254139357,0.07494049609144149,0.0,1.0,0.0
-119.811092282226,39.3210444135672,1542.5299072265625,snow,snow,0.6846732855927223,0.1900534196624593,0.12527329474481833,1.0,0.0,0.0
-119.9667774,39.2519808,2016.028076171875,snow,snow,0.798711601765805,0.13056032047028213,0.07072807776391288,1.0,0.0,0.0
-119.8290047,39.5290694,1395.3599853515625,mix,mix,0.01706305453982317,0.9829066988554566,3.024660472019819e-05,0.0,1.0,0.0
-120.223952,38.0188808,1123.33447265625,rain,rain,0.024560418680106843,0.0,0.9754395813198932,0.0,0.0,1.0
-119.863266,39.5276277,1484.758056640625,snow,snow,0.49165549556597454,0.4586177908003486,0.0497267136336769,1.0,0.0,0.0
-119.8709162,39.52448,1486.023193359375,snow,snow,0.7574345498612106,0.20200409279146203,0.04056135734732744,1.0,0.0,0.0
-119.8690123,39.6021914,1591.5308837890625,snow,snow,0.999673066240305,8.04756994975325e-05,0.0002464580601974542,1.0,0.0,0.0
-119.7442448,39.5601274,1356.5489501953125,rain,rain,0.1790368132657063,0.40732083341862435,0.4136423533156693,0.0,0.0,1.0
-119.8644077,39.6411693,1511.9696044921875,rain,rain,4.006508397705368e-05,4.794671642830595e-06,0.9999551402443801,0.0,0.0,1.0
-120.000891913158,38.8672783231596,1948.97900390625,snow,snow,0.9952346551444885,0.0,0.0047653448555115985,1.0,0.0,0.0
-119.8694338,39.6023908,1591.5308837890625,snow,snow,0.9996728422043507,7.961784700815667e-05,0.00024753994864116016,1.0,0.0,0.0
-120.352420072063,38.0360591862577,984.2950439453125,rain,rain,2.2749899068650815e-09,0.0,0.9999999977250101,0.0,0.0,1.0
-120.9632877,39.2564037,1037.2545166015625,snow,snow,0.6981797032557762,0.0,0.30182029674422395,1.0,0.0,0.0
-119.885050253488,39.5322158610775,1516.285888671875,snow,snow,0.6490072142094276,0.0332583551489908,0.3177344306415816,1.0,0.0,0.0
-119.5824153,39.2715032,1333.44287109375,rain,snow,0.45722436100159103,0.3490924949743645,0.19368314402404438,0.0,0.0,1.0
-120.7830123,38.511245,515.516845703125,rain,rain,0.3284073872615561,0.0,0.671592612738444,0.0,0.0,1.0
-119.7698574,39.1457496,1450.9697265625,rain,snow,0.539290861425707,0.33286522396379775,0.1278439146104953,0.0,0.0,1.0
-120.9688615,38.6639152,416.0556945800781,rain,rain,1.236961552990848e-07,0.0,0.9999998763038448,0.0,0.0,1.0
-120.497639065288,38.5046042400497,1265.690673828125,snow,rain,0.09898078138488478,0.041266798857065703,0.8597524197580495,1.0,0.0,0.0
-119.946904052161,38.9608630305519,1902.406005859375,snow,snow,0.5367363349959585,0.3357474588115922,0.12751620619244927,1.0,0.0,0.0
-119.912382502497,39.6553644112531,1515.7220458984375,mix,snow,0.9177623232251716,0.0,0.08223767677482843,0.0,1.0,0.0
-120.177425259785,39.3530206498984,1882.773681640625,snow,snow,0.8172206782072647,0.07351732554137273,0.1092619962513625,1.0,0.0,0.0
-119.8485714,39.5976864,1597.0430908203125,snow,snow,0.9320639411252141,0.043550892744610215,0.024385166130175724,1.0,0.0,0.0
-119.811092207916,39.3210444755499,1542.5299072265625,snow,mix,0.10270128461984585,0.8220563601700707,0.07524235521008349,1.0,0.0,0.0
-119.7825414,39.2958697,1543.263916015625,mix,snow,0.9072612985303288,0.0,0.09273870146967121,0.0,1.0,0.0
-119.9666218,39.2519186,2016.028076171875,snow,snow,0.6282505695134117,0.19039727126024578,0.1813521592263425,1.0,0.0,0.0
-120.4690717,39.8065747,1484.389892578125,snow,snow,0.7257068182188324,0.15113358425405202,0.12315959752711551,1.0,0.0,0.0
-119.950308840134,39.5248412367599,1538.666748046875,snow,snow,0.5329424880321797,0.00678049352749562,0.46027701844032465,1.0,0.0,0.0
-120.1427652,39.1761158,1991.058837890625,snow,snow,0.7812253004130376,0.13155788247409053,0.08721681711287181,1.0,0.0,0.0
-120.35241123908,38.0360433084824,984.2950439453125,rain,snow,0.5070067343307727,0.0659955185816776,0.4269977470875497,0.0,0.0,1.0
-119.749529950313,38.9503906911598,1446.9903564453125,mix,snow,0.933270808877893,0.013022420233077111,0.05370677088902988,0.0,1.0,0.0
-119.682189595753,38.917024490637,1535.7108154296875,snow,snow,0.9939254800940234,0.005546069657413033,0.0005284502485635504,1.0,0.0,0.0
-120.8096617804,39.2088356685899,1104.9029541015625,snow,snow,0.719529290534037,0.0,0.2804707094659631,1.0,0.0,0.0
-120.9687958,38.6638351,416.0556945800781,rain,rain,1.2370367621260627e-07,0.0,0.9999998762963237,0.0,0.0,1.0
-119.687770251604,38.9157374534485,1515.9644775390625,snow,snow,0.9933869919704837,0.006086835547822415,0.0005261724816939068,1.0,0.0,0.0
-120.9820016,39.043289,689.05712890625,rain,snow,0.7460894692611136,0.0,0.2539105307388864,0.0,0.0,1.0
-119.8694338,39.6023908,1591.5308837890625,snow,snow,0.9123464633072713,0.06111040783098786,0.026543128861740886,1.0,0.0,0.0
-119.929767613085,39.5218871552455,1500.779541015625,rain,snow,0.9999999810364862,1.896351385258799e-08,0.0,0.0,0.0,1.0
-119.929746603304,39.5218884713593,1500.779541015625,snow,rain,1.2766431299242299e-06,1.8964365536155743e-08,0.9999987043925045,1.0,0.0,0.0
-120.2439172,39.6788195,1505.601806640625,snow,snow,0.9027310045655038,0.0,0.0972689954344961,1.0,0.0,0.0
-120.9688772,38.6639327,416.0556945800781,rain,rain,1.2658112870404842e-08,0.0,0.9999999873418871,0.0,0.0,1.0
-120.223952,38.0188808,1123.33447265625,snow,snow,0.9182809677403616,0.03386680571735058,0.047852226542287886,1.0,0.0,0.0
-119.879379957832,39.5444913010976,1542.7464599609375,snow,snow,0.8931978622171632,0.0,0.10680213778283683,1.0,0.0,0.0
-119.947011873952,38.9609227596785,1902.406005859375,snow,snow,0.8918701708292271,0.0,0.10812982917077288,1.0,0.0,0.0
-120.269590767621,38.0240965678261,858.2250366210938,snow,snow,0.935909607314677,0.02584878949303467,0.03824160319228834,1.0,0.0,0.0
-120.9689092,38.6639639,416.0556945800781,rain,rain,1.265734050580427e-08,0.0,0.9999999873426596,0.0,0.0,1.0
-120.469043,39.805666,1484.389892578125,snow,snow,0.9209198358520883,0.0,0.0790801641479117,1.0,0.0,0.0
-120.2258587,37.8591145,849.531494140625,rain,mix,0.11070118577535058,0.8870647001352588,0.002234114089390647,0.0,0.0,1.0
-119.76562423393,39.4076622491261,1410.70751953125,rain,snow,0.9921664841382565,0.0,0.007833515861743542,0.0,0.0,1.0
-119.749510660677,38.9503618474977,1446.9903564453125,snow,snow,0.8897391898944683,0.0,0.11026081010553157,1.0,0.0,0.0
-120.352411243675,38.0360433083761,984.2950439453125,snow,snow,0.8763656681063036,0.048842058445640026,0.07479227344805646,1.0,0.0,0.0
-119.8694338,39.6023908,1591.5308837890625,snow,snow,0.9323936859832896,0.0,0.06760631401671047,1.0,0.0,0.0
-120.1913808,37.8367354,872.5946044921875,mix,rain,0.08495477419413314,0.0,0.9150452258058669,0.0,1.0,0.0
-120.070644593067,39.2378641850543,1922.7923583984375,snow,snow,0.758135046955112,0.0,0.2418649530448879,1.0,0.0,0.0
-119.7519583,38.9366712,1445.8297119140625,rain,snow,0.6463297478815603,0.35367025211843983,0.0,0.0,0.0,1.0
-120.946414290967,39.9389803245543,1042.9046630859375,snow,snow,1.0,0.0,0.0,1.0,0.0,0.0
-120.1913808,37.8367356,872.5946044921875,snow,mix,0.04499419294730254,0.9485816995941245,0.006424107458572972,1.0,0.0,0.0
-119.894838433701,37.4389125549867,611.9118041992188,rain,snow,0.6616180677001767,0.307375329651334,0.03100660264848927,0.0,0.0,1.0
-120.4689837,39.8057309,1484.389892578125,snow,snow,1.0,0.0,0.0,1.0,0.0,0.0
-119.781805319873,39.4204783720574,1454.221923828125,snow,snow,0.9692252619805707,0.03077473801942927,0.0,1.0,0.0,0.0
-119.750164845237,39.1854191787903,1433.7567138671875,mix,snow,0.8750402698499957,0.0,0.12495973015000432,0.0,1.0,0.0
-119.811092207916,39.3210444755503,1542.5299072265625,snow,snow,0.8272598963911375,0.17274010360886244,0.0,1.0,0.0,0.0
-119.857327362539,39.5197890352312,1454.2401123046875,snow,snow,0.9986442769516553,0.001355723048344792,0.0,1.0,0.0,0.0
-120.269094595397,38.0564105075559,1192.9775390625,snow,snow,0.8882273920024617,0.09935466627505919,0.012417941722479106,1.0,0.0,0.0
-119.8323474,39.4790551,1471.4849853515625,snow,snow,0.993995243679888,0.006004756320112005,0.0,1.0,0.0,0.0
-120.352411314165,38.0360433067449,984.2950439453125,snow,snow,0.8907546389824564,0.09741674845977497,0.011828612557768604,1.0,0.0,0.0
-120.1427652,39.1761158,1991.058837890625,snow,snow,0.7120027819211525,0.17740677432501323,0.11059044375383428,1.0,0.0,0.0
-119.8694305,39.6023486,1591.5308837890625,snow,snow,0.9905174115605963,0.009482588439403729,0.0,1.0,0.0,0.0
-119.925300843418,39.8472240085095,1491.7423095703125,snow,snow,1.0,0.0,0.0,1.0,0.0,0.0
-120.951090362615,39.9368271333347,1042.9046630859375,snow,snow,1.0,0.0,0.0,1.0,0.0,0.0
-119.825773783484,39.5148938964407,1390.4053955078125,snow,snow,0.9972587173545195,0.0027412826454805248,0.0,1.0,0.0,0.0
-120.2258571,37.8591104,849.531494140625,mix,snow,0.9937364974847435,0.0006149963663423281,0.005648506148914246,0.0,1.0,0.0
-119.871588163636,39.5313530992524,1503.12060546875,snow,snow,0.998468478739944,0.0015315212600559955,0.0,1.0,0.0,0.0
-119.743513000424,39.5859489847432,1414.6666259765625,snow,snow,0.9991618558918236,0.0,0.0008381441081763469,1.0,0.0,0.0
-120.35241123908,38.0360433084824,984.2950439453125,snow,snow,0.9723167186982763,0.0,0.027683281301723733,1.0,0.0,0.0
-120.2258571,37.8591104,849.531494140625,snow,snow,0.979436890355858,0.0,0.02056310964414202,1.0,0.0,0.0
-119.776847818789,39.5580166291397,1390.570068359375,snow,snow,0.999200504150335,0.0,0.0007994958496649329,1.0,0.0,0.0
-120.0079336,38.923839,1905.078125,snow,snow,0.9559947603063613,0.0,0.04400523969363866,1.0,0.0,0.0
-119.8694305,39.6023486,1591.5308837890625,snow,snow,0.999758637238555,0.0,0.00024136276144508877,1.0,0.0,0.0
-119.8485851,39.5978687,1597.0430908203125,snow,snow,0.9997699760614388,0.0,0.00023002393856129077,1.0,0.0,0.0
-119.96467997866,39.5243871215793,1480.8189697265625,snow,snow,0.9952060048358254,0.0,0.004793995164174527,1.0,0.0,0.0
-120.9822351,39.0432454,689.05712890625,rain,snow,1.0,0.0,0.0,0.0,0.0,1.0
-119.749510660677,38.9503618474977,1446.9903564453125,snow,snow,0.9723144832553456,0.0,0.027685516744654328,1.0,0.0,0.0
-119.8692274,39.6022232,1591.5308837890625,snow,snow,1.0,0.0,0.0,1.0,0.0,0.0
-120.4689777,39.8057353,1484.389892578125,snow,snow,1.0,0.0,0.0,1.0,0.0,0.0
-119.8693382,39.6023764,1591.5308837890625,snow,snow,1.0,0.0,0.0,1.0,0.0,0.0
-119.9668183,39.252016,2016.028076171875,snow,snow,0.9999821089262697,0.0,1.7891073730310172e-05,1.0,0.0,0.0
-120.953046541412,39.2008256794354,741.2722778320312,snow,snow,0.9858135746761008,0.0,0.014186425323899285,1.0,0.0,0.0
-120.9688519,38.6638986,416.0556945800781,rain,snow,1.0,0.0,0.0,0.0,0.0,1.0
-119.894838433701,37.4389125549867,611.9118041992188,snow,snow,0.888580459587017,0.0,0.11141954041298303,1.0,0.0,0.0
-119.997445238734,38.8523386818796,1980.7945556640625,snow,snow,0.9150517846676206,0.0,0.08494821533237938,1.0,0.0,0.0
-120.900332032311,39.1503046577743,859.9096069335938,snow,snow,0.9830151510723298,0.0,0.016984848927670215,1.0,0.0,0.0
-120.399537939185,38.03505183288,655.9208984375,snow,snow,0.7772869577946114,0.0,0.22271304220538857,1.0,0.0,0.0
-119.961518921105,39.2518670758199,2003.246337890625,snow,snow,0.9999822246946628,0.0,1.7775305337158916e-05,1.0,0.0,0.0
-119.9668183,39.252016,2016.028076171875,snow,snow,1.0,0.0,0.0,1.0,0.0,0.0
-119.858717928562,37.8751575142015,1410.0882568359375,snow,snow,1.0,0.0,0.0,1.0,0.0,0.0
-120.2240294,38.0188782,1123.33447265625,snow,snow,1.0,0.0,0.0,1.0,0.0,0.0
-120.0079164,38.9239168,1905.078125,snow,snow,1.0,0.0,0.0,1.0,0.0,0.0
-119.894838433701,37.4389125549867,611.9118041992188,snow,snow,1.0,0.0,0.0,1.0,0.0,0.0
-120.7830141,38.5112554,515.516845703125,rain,snow,1.0,0.0,0.0,0.0,0.0,1.0
-120.2239766,38.0189085,1123.33447265625,snow,rain,0.21741191560028614,0.0,0.782588084399714,1.0,0.0,0.0
-119.960582,39.2560355,2003.246337890625,snow,rain,0.3815486487323844,0.0,0.6184513512676156,1.0,0.0,0.0
-119.894838433701,37.4389125549867,611.9118041992188,mix,snow,1.0,0.0,0.0,0.0,1.0,0.0
-120.2239612,38.0188539,1123.33447265625,snow,mix,0.34130321526727436,0.6586967847327256,0.0,1.0,0.0,0.0
-119.9668336,39.2521084,2016.028076171875,snow,snow,0.8913623560976197,0.10863764390238037,0.0,1.0,0.0,0.0
-120.900332032311,39.1503046577743,859.9096069335938,snow,snow,0.898633199134775,0.101366800865225,0.0,1.0,0.0,0.0
-120.1913722,37.8367858,872.5946044921875,snow,snow,0.9994412514087407,0.0,0.0005587485912592706,1.0,0.0,0.0
-120.2258554,37.859103,849.531494140625,snow,snow,0.9994171390594492,0.0,0.0005828609405508238,1.0,0.0,0.0
-119.750068612216,39.1853596543799,1433.7567138671875,snow,snow,0.9534386607160695,0.0,0.046561339283930525,1.0,0.0,0.0
-119.741354782682,39.5841543112157,1414.6666259765625,snow,snow,0.927979551764223,0.0,0.0720204482357771,1.0,0.0,0.0
-120.95110110068,39.9368406836371,1042.9046630859375,snow,snow,0.7270702875274334,0.0,0.2729297124725666,1.0,0.0,0.0
-119.99658370904,38.8704406267491,1950.8565673828125,snow,snow,0.9995093745632337,0.0,0.0004906254367662777,1.0,0.0,0.0
-120.953055581598,39.2008275113918,741.2722778320312,rain,snow,1.0,0.0,0.0,0.0,0.0,1.0
-119.997445238734,38.8523386818796,1980.7945556640625,snow,snow,0.9995175932223859,0.0,0.0004824067776141405,1.0,0.0,0.0
-120.900332032311,39.1503046577743,859.9096069335938,snow,rain,0.034133419275379676,0.0,0.9658665807246203,1.0,0.0,0.0
-120.0079192,38.9238326,1905.078125,snow,snow,0.9982019968747843,0.0,0.001798003125215787,1.0,0.0,0.0
-119.947011147872,38.9609234352411,1902.406005859375,snow,snow,0.9938659102685052,0.0,0.0061340897314947004,1.0,0.0,0.0
-119.955686103662,38.9097757718683,1956.0849609375,snow,snow,0.9968833360714514,0.0,0.0031166639285485557,1.0,0.0,0.0
-119.8693248,39.6024232,1591.5308837890625,rain,rain,1.744560510567058e-06,0.0,0.9999982554394894,0.0,0.0,1.0
-120.792616802948,39.2183201310362,1217.7698974609375,snow,snow,1.0,0.0,0.0,1.0,0.0,0.0
-120.8096617804,39.2088356685899,1104.9029541015625,snow,snow,1.0,0.0,0.0,1.0,0.0,0.0
-119.9666848,39.2519885,2016.028076171875,snow,snow,0.9799975707463991,0.0,0.020002429253600934,1.0,0.0,0.0
-119.743513000424,39.5859489847432,1414.6666259765625,snow,rain,0.1290327776592045,0.0,0.8709672223407954,1.0,0.0,0.0
-119.8694315,39.6023472,1591.5308837890625,rain,rain,1.7429880105171318e-06,0.0,0.9999982570119895,0.0,0.0,1.0
-120.163017132356,39.3582510278984,1793.0777587890625,snow,snow,0.8080308245032307,0.0,0.19196917549676928,1.0,0.0,0.0
-119.933706590577,39.275631365315,2428.62353515625,snow,snow,0.9765246168163415,0.0,0.02347538318365853,1.0,0.0,0.0
-119.996583708425,38.8704406197843,1950.8565673828125,snow,snow,1.0,0.0,0.0,1.0,0.0,0.0
-120.315859249691,39.8175425044976,1494.4031982421875,snow,snow,0.5920218137479905,0.0,0.40797818625200954,1.0,0.0,0.0
-119.807491526938,39.1962342664101,1641.729248046875,snow,snow,1.0,0.0,0.0,1.0,0.0,0.0
-120.0049439,38.9403689,1898.7169189453125,snow,snow,1.0,0.0,0.0,1.0,0.0,0.0
-120.4690914,39.8056823,1484.389892578125,snow,snow,1.0,0.0,0.0,1.0,0.0,0.0
-120.002664633126,38.9134410049104,1912.7034912109375,snow,snow,1.0,0.0,0.0,1.0,0.0,0.0
-120.269818791893,37.9983618015473,922.6795043945312,snow,snow,1.0,0.0,0.0,1.0,0.0,0.0
-119.951886370606,39.2549458261344,1992.6064453125,snow,snow,1.0,0.0,0.0,1.0,0.0,0.0
-120.315859249691,39.8175425044976,1494.4031982421875,snow,snow,1.0,0.0,0.0,1.0,0.0,0.0
-119.8505127,39.5979317,1597.0430908203125,snow,snow,1.0,0.0,0.0,1.0,0.0,0.0
-119.9666848,39.2519885,2016.028076171875,snow,snow,1.0,0.0,0.0,1.0,0.0,0.0
-120.2239995,38.0187629,1123.33447265625,snow,snow,1.0,0.0,0.0,1.0,0.0,0.0
-119.875133215198,39.3168929668566,2589.285888671875,snow,snow,1.0,0.0,0.0,1.0,0.0,0.0
-119.9993393,39.5001001,1509.285400390625,snow,snow,1.0,0.0,0.0,1.0,0.0,0.0
-120.329003632319,37.9782081102752,683.027099609375,mix,snow,0.6864893969077897,0.0,0.31351060309221035,0.0,1.0,0.0
-119.9992568,39.5004044,1509.285400390625,snow,snow,0.9538982675232619,0.04610173247673814,0.0,1.0,0.0,0.0
-119.947011147872,38.9609234352411,1902.406005859375,snow,snow,1.0,0.0,0.0,1.0,0.0,0.0
-119.9666848,39.2519885,2016.028076171875,snow,snow,0.9999997769367562,2.230632437177268e-07,0.0,1.0,0.0,0.0
-120.2505335,39.3711786,2037.4736328125,snow,snow,0.94736901542031,0.052630984579689996,0.0,1.0,0.0,0.0
-119.95182224166,39.5306218284381,1587.759521484375,snow,snow,0.9959469178417683,0.004053082158231799,0.0,1.0,0.0,0.0
-120.3697896,39.5838605,1511.8182373046875,snow,snow,0.9061445024912926,0.09385549750870739,0.0,1.0,0.0,0.0
-119.894838433701,37.4389125549867,611.9118041992188,rain,snow,0.5128283308639505,0.4871716691360495,0.0,0.0,0.0,1.0
-119.950311728238,39.5248212587056,1538.666748046875,snow,snow,0.9962478762488224,0.003752123751177562,0.0,1.0,0.0,0.0
-119.8694648,39.6022712,1591.5308837890625,mix,snow,1.0,0.0,0.0,0.0,1.0,0.0
-120.074463483274,39.2674059592634,2178.452392578125,snow,snow,0.9803171856327211,0.01968281436727892,0.0,1.0,0.0,0.0
-119.997445238734,38.8523386818796,1980.7945556640625,snow,snow,1.0,0.0,0.0,1.0,0.0,0.0
-119.9669011,39.2519683,2016.028076171875,snow,snow,0.9999997770052323,2.2299476761164042e-07,0.0,1.0,0.0,0.0
-119.6839742,38.883559,1527.037353515625,snow,snow,1.0,0.0,0.0,1.0,0.0,0.0
-120.368626290643,37.9748146955053,621.4520263671875,rain,snow,1.0,0.0,0.0,0.0,0.0,1.0
-119.812500318624,39.5397996995966,1381.1461181640625,snow,snow,0.9999393799905315,0.0,6.062000946851149e-05,1.0,0.0,0.0
-119.950316031607,39.5248294227056,1538.666748046875,snow,snow,0.9988385429926082,0.0,0.0011614570073918411,1.0,0.0,0.0
-119.8486347,39.5977755,1597.0430908203125,snow,snow,0.9994223490298656,0.0,0.0005776509701343991,1.0,0.0,0.0
-119.8168496,39.525082,1377.3780517578125,snow,snow,0.9999561760785279,0.0,4.382392147213586e-05,1.0,0.0,0.0
-119.8006217,39.5160137,1359.778076171875,snow,snow,0.999934064208492,0.0,6.593579150806062e-05,1.0,0.0,0.0
-120.0079319,38.9238426,1905.078125,snow,snow,0.9254254180444017,0.0,0.07457458195559828,1.0,0.0,0.0
-120.19138,37.8367355,872.5946044921875,snow,rain,0.02400193663082792,0.00030857447467934194,0.9756894888944928,1.0,0.0,0.0
-120.2258624,37.8591172,849.531494140625,rain,snow,0.9938995227100045,0.0,0.006100477289995624,0.0,0.0,1.0
-119.947011147872,38.9609234352411,1902.406005859375,snow,snow,0.9853995646406009,0.006140089830802553,0.008460345528596671,1.0,0.0,0.0
-119.894838433701,37.4389125549867,611.9118041992188,rain,snow,0.6242323392191592,0.016474431520322682,0.3592932292605181,0.0,0.0,1.0
-120.352368733196,38.0360267391612,984.2950439453125,snow,rain,0.4284873962908403,0.0,0.5715126037091598,1.0,0.0,0.0
-120.315859249691,39.8175425044976,1494.4031982421875,snow,snow,0.6664730844817426,0.1557878512712973,0.17773906424696023,1.0,0.0,0.0
-120.79262945697,39.2183176664525,1217.7698974609375,snow,snow,0.635955856058106,0.0,0.36404414394189405,1.0,0.0,0.0
-118.6533625,39.4080882,1196.8245849609375,mix,mix,0.0021668344326873827,0.934040844019655,0.0637923215476576,0.0,1.0,0.0
-118.66613571914,39.4344617119423,1197.32861328125,mix,mix,0.0020914279835948,0.8992005854305745,0.09870798658583078,0.0,1.0,0.0
-120.9688756,38.6639224,416.0556945800781,rain,snow,0.8574208035851579,0.0,0.14257919641484207,0.0,0.0,1.0
-118.7627375,39.4749023,1206.63671875,rain,mix,0.014131005951075935,0.9846535300972503,0.001215463951673772,0.0,0.0,1.0
-119.870873570065,38.9750839693428,2201.280517578125,snow,snow,0.9849247280799623,0.006865469491084243,0.00820980242895337,1.0,0.0,0.0
-118.7873462,39.4750991,1209.4835205078125,rain,snow,1.0,0.0,0.0,0.0,0.0,1.0
-120.711233174027,38.7306898575199,794.8796997070312,snow,snow,0.8949365728767475,0.0,0.10506342712325244,1.0,0.0,0.0
-119.997445238734,38.8523386818796,1980.7945556640625,snow,snow,0.7950277095807263,0.0,0.20497229041927376,1.0,0.0,0.0
-120.9820081,39.0432682,689.05712890625,rain,snow,1.0,0.0,0.0,0.0,0.0,1.0
-119.925300843418,39.8472240085095,1491.7423095703125,snow,snow,0.726370671800787,0.0,0.273629328199213,1.0,0.0,0.0
-120.021753,38.8488772,1934.6773681640625,snow,snow,0.9997930716100764,0.0,0.0002069283899236541,1.0,0.0,0.0
-120.0119062,38.8569657,1933.7830810546875,snow,snow,0.9997959320548117,0.0,0.0002040679451883929,1.0,0.0,0.0
-119.947011147872,38.9609234352411,1902.406005859375,snow,snow,1.0,0.0,0.0,1.0,0.0,0.0
-120.711233174027,38.7306898575199,794.8796997070312,snow,snow,1.0,0.0,0.0,1.0,0.0,0.0
-119.961518921105,39.2518670758199,2003.246337890625,snow,snow,1.0,0.0,0.0,1.0,0.0,0.0
-119.9669101,39.2518617,2016.028076171875,snow,snow,1.0,0.0,0.0,1.0,0.0,0.0
-119.822789960403,39.4175927470177,1609.224365234375,snow,snow,1.0,0.0,0.0,1.0,0.0,0.0
-119.997445238734,38.8523386818796,1980.7945556640625,snow,snow,1.0,0.0,0.0,1.0,0.0,0.0
-119.950341188287,39.5248135440863,1538.666748046875,snow,snow,1.0,0.0,0.0,1.0,0.0,0.0
-120.000891913158,38.8672783231596,1948.97900390625,snow,snow,1.0,0.0,0.0,1.0,0.0,0.0
-119.8690978,39.6023334,1591.5308837890625,snow,snow,1.0,0.0,0.0,1.0,0.0,0.0
-119.910847868931,39.5305879021289,1555.9532470703125,snow,snow,1.0,0.0,0.0,1.0,0.0,0.0
-119.955561193205,38.90975040612,1956.0849609375,snow,snow,1.0,0.0,0.0,1.0,0.0,0.0
-120.162953034412,39.3581722287082,1793.0777587890625,snow,snow,1.0,0.0,0.0,1.0,0.0,0.0
-119.811087239,39.3210518238191,1542.5299072265625,snow,snow,1.0,0.0,0.0,1.0,0.0,0.0
-119.9619288,39.2483934,1922.8812255859375,snow,snow,1.0,0.0,0.0,1.0,0.0,0.0
-120.4688862,39.8057636,1484.389892578125,snow,snow,1.0,0.0,0.0,1.0,0.0,0.0
-119.894838433701,37.4389125549867,611.9118041992188,snow,snow,1.0,0.0,0.0,1.0,0.0,0.0
-120.1427558,39.1761243,1991.058837890625,snow,snow,1.0,0.0,0.0,1.0,0.0,0.0
-120.4688862,39.8057636,1484.389892578125,snow,snow,1.0,0.0,0.0,1.0,0.0,0.0
-119.9573571,39.2530711,2003.246337890625,snow,snow,1.0,0.0,0.0,1.0,0.0,0.0
-120.644335877692,38.716666111099,951.689697265625,snow,snow,0.9468376470605869,0.0,0.05316235293941308,1.0,0.0,0.0
-120.352408598955,38.0360342258035,984.2950439453125,snow,snow,0.622206670946333,0.0,0.377793329053667,1.0,0.0,0.0
-119.950312687881,39.5248217862888,1538.666748046875,snow,snow,1.0,0.0,0.0,1.0,0.0,0.0
-120.7826304,38.5113,515.516845703125,rain,snow,0.7105125302552509,0.0,0.2894874697447492,0.0,0.0,1.0
-120.9689138,38.6639171,416.0556945800781,rain,snow,0.6858400321676119,0.0,0.31415996783238814,0.0,0.0,1.0
-119.996595606849,38.870440462147,1950.8565673828125,snow,snow,0.9450952155469454,0.0,0.0549047844530546,1.0,0.0,0.0
-120.689656054914,38.6953589284791,809.8617553710938,snow,snow,0.9279944551497139,0.0,0.07200554485028621,1.0,0.0,0.0
-120.957512219822,39.0158913838569,588.9312744140625,snow,snow,0.636897656632655,0.0,0.36310234336734504,1.0,0.0,0.0
-119.9669082,39.2519609,2016.028076171875,snow,snow,1.0,0.0,0.0,1.0,0.0,0.0
-119.997445238734,38.8523386818796,1980.7945556640625,snow,snow,1.0,0.0,0.0,1.0,0.0,0.0
-120.9688803,38.6639282,416.0556945800781,rain,rain,5.642469488133213e-09,0.0,0.9999999943575305,0.0,0.0,1.0
-119.687770251604,38.9157374534485,1515.9644775390625,snow,snow,1.0,0.0,0.0,1.0,0.0,0.0
-119.961518921105,39.2518670758199,2003.246337890625,snow,snow,1.0,0.0,0.0,1.0,0.0,0.0
-120.2239471,38.0188717,1123.33447265625,snow,snow,0.966764752295867,0.0,0.03323524770413297,1.0,0.0,0.0
-119.870873570065,38.9750839693428,2201.280517578125,snow,snow,1.0,0.0,0.0,1.0,0.0,0.0
-119.950341188287,39.5248135440863,1538.666748046875,snow,snow,1.0,0.0,0.0,1.0,0.0,0.0
-120.4688862,39.8057636,1484.389892578125,snow,snow,0.9853559434796029,0.0,0.014644056520397079,1.0,0.0,0.0
-119.966802,39.251987,2016.028076171875,snow,snow,1.0,0.0,0.0,1.0,0.0,0.0
-120.9688855,38.6639548,416.0556945800781,rain,rain,5.642409660957665e-09,0.0,0.9999999943575903,0.0,0.0,1.0
-119.749516397016,38.9503611069468,1446.9903564453125,snow,snow,1.0,0.0,0.0,1.0,0.0,0.0
-120.352409801586,38.0360343821996,984.2950439453125,snow,snow,0.9607152447531422,0.0,0.03928475524685785,1.0,0.0,0.0
-119.9936981,39.5179996,1494.7957763671875,snow,snow,1.0,0.0,0.0,1.0,0.0,0.0
-120.315859249691,39.8175425044976,1494.4031982421875,snow,snow,0.9880677605777862,0.0,0.011932239422213869,1.0,0.0,0.0
-119.765850969023,39.4078551789533,1410.70751953125,snow,snow,1.0,0.0,0.0,1.0,0.0,0.0
-120.957512219822,39.0158913838569,588.9312744140625,rain,rain,0.3490621332572078,0.0,0.6509378667427922,0.0,0.0,1.0
-120.689656054914,38.6953589284791,809.8617553710938,snow,snow,0.6384586475463353,0.36154135245366464,0.0,1.0,0.0,0.0
-119.877394782707,39.6591352374991,1532.5301513671875,snow,snow,1.0,0.0,0.0,1.0,0.0,0.0
-119.8850499661,39.5322158537665,1516.285888671875,snow,snow,1.0,0.0,0.0,1.0,0.0,0.0
-119.750170675535,39.1854156253608,1433.7567138671875,snow,snow,1.0,0.0,0.0,1.0,0.0,0.0
-120.010866607303,38.9173767286844,1911.875244140625,snow,snow,1.0,0.0,0.0,1.0,0.0,0.0
-120.352446705199,38.0359574769968,984.2950439453125,snow,snow,0.6450604015308592,0.3549395984691409,0.0,1.0,0.0,0.0
-120.315859249691,39.8175425044976,1494.4031982421875,snow,snow,1.0,0.0,0.0,1.0,0.0,0.0
-119.894838433701,37.4389125549867,611.9118041992188,mix,snow,0.9308125668415983,0.06918743315840178,0.0,0.0,1.0,0.0
-119.79619797685,39.4190967986857,1477.6451416015625,snow,snow,1.0,0.0,0.0,1.0,0.0,0.0
-119.950313608302,39.5248214833284,1538.666748046875,snow,snow,1.0,0.0,0.0,1.0,0.0,0.0
-119.7879247,39.4676167333333,1370.559814453125,snow,snow,1.0,0.0,0.0,1.0,0.0,0.0
-119.9937376,39.5182363,1494.7957763671875,snow,snow,1.0,0.0,0.0,1.0,0.0,0.0
-119.804468798301,39.5255316356104,1365.9854736328125,snow,snow,1.0,0.0,0.0,1.0,0.0,0.0
-119.811803190444,39.5802788088012,1520.4451904296875,snow,snow,1.0,0.0,0.0,1.0,0.0,0.0
-119.925300843418,39.8472240085095,1491.7423095703125,snow,snow,1.0,0.0,0.0,1.0,0.0,0.0
-120.9819694,39.0433212,689.05712890625,mix,snow,1.0,0.0,0.0,0.0,1.0,0.0
-119.826202390142,39.5153746666593,1390.4053955078125,snow,snow,1.0,0.0,0.0,1.0,0.0,0.0
-120.4688862,39.8057636,1484.389892578125,snow,snow,1.0,0.0,0.0,1.0,0.0,0.0
-119.955641074214,38.9098073311709,1956.0849609375,snow,snow,1.0,0.0,0.0,1.0,0.0,0.0
-120.162952441311,39.3581721808025,1793.0777587890625,snow,snow,1.0,0.0,0.0,1.0,0.0,0.0
-120.3697407,39.5838562,1511.8182373046875,snow,snow,1.0,0.0,0.0,1.0,0.0,0.0
-119.8487476,39.597523,1597.0430908203125,snow,snow,1.0,0.0,0.0,1.0,0.0,0.0
-120.352408234951,38.0360304486443,984.2950439453125,snow,snow,1.0,0.0,0.0,1.0,0.0,0.0
-119.822111149933,39.6068322480608,1565.6741943359375,snow,snow,1.0,0.0,0.0,1.0,0.0,0.0
-120.0079344,38.9238414,1905.078125,snow,snow,1.0,0.0,0.0,1.0,0.0,0.0
-119.777281880379,39.5577701330185,1390.570068359375,snow,snow,1.0,0.0,0.0,1.0,0.0,0.0
-119.8693378,39.6023858,1591.5308837890625,snow,snow,1.0,0.0,0.0,1.0,0.0,0.0
-119.8708771,39.5248315,1486.023193359375,snow,snow,1.0,0.0,0.0,1.0,0.0,0.0
-119.743513000424,39.5859489847432,1414.6666259765625,snow,snow,1.0,0.0,0.0,1.0,0.0,0.0
-119.929843503534,39.5227597975635,1500.779541015625,snow,snow,1.0,0.0,0.0,1.0,0.0,0.0
-119.925300843418,39.8472240085095,1491.7423095703125,snow,snow,1.0,0.0,0.0,1.0,0.0,0.0
-119.804638325888,39.5165387903193,1359.778076171875,snow,snow,1.0,0.0,0.0,1.0,0.0,0.0
-119.738005531211,39.5850349140494,1366.9332275390625,snow,snow,1.0,0.0,0.0,1.0,0.0,0.0
-119.942997566396,38.984234531407,1952.138671875,snow,snow,1.0,0.0,0.0,1.0,0.0,0.0
-119.885050012139,39.532216348119,1516.285888671875,snow,snow,1.0,0.0,0.0,1.0,0.0,0.0
-119.82578636571,39.5153058341696,1390.4053955078125,snow,snow,1.0,0.0,0.0,1.0,0.0,0.0
-119.804482554952,39.5256164547758,1365.9854736328125,snow,snow,1.0,0.0,0.0,1.0,0.0,0.0
-119.7053813,39.6660127,1382.35986328125,snow,snow,1.0,0.0,0.0,1.0,0.0,0.0
-119.801074425595,39.5718636001781,1488.3441162109375,snow,snow,1.0,0.0,0.0,1.0,0.0,0.0
-119.98597995847,39.6800259103275,1552.726806640625,snow,snow,1.0,0.0,0.0,1.0,0.0,0.0
-120.0394068,38.4648402,2179.04638671875,snow,snow,1.0,0.0,0.0,1.0,0.0,0.0
-119.75010067881,39.5454792485219,1346.665771484375,snow,snow,1.0,0.0,0.0,1.0,0.0,0.0
-119.7442768,39.5600836,1356.5489501953125,snow,snow,1.0,0.0,0.0,1.0,0.0,0.0
-120.689656054914,38.6953589284791,809.8617553710938,snow,snow,1.0,0.0,0.0,1.0,0.0,0.0
-119.7612232,39.5405903,1350.02880859375,snow,snow,1.0,0.0,0.0,1.0,0.0,0.0
-120.7830036,38.5112377,515.516845703125,rain,snow,0.49532890337180463,0.3504320631370833,0.15423903349111212,0.0,0.0,1.0
-119.8033780865,39.4913069314049,1359.7794189453125,snow,snow,1.0,0.0,0.0,1.0,0.0,0.0
-119.879364405375,39.5445322253652,1542.7464599609375,snow,snow,1.0,0.0,0.0,1.0,0.0,0.0
-119.7774625,39.1886007,1442.8193359375,snow,snow,0.999544134414933,0.0004558655850670308,0.0,1.0,0.0,0.0
-119.925385959346,39.8472793431951,1491.7423095703125,snow,snow,1.0,0.0,0.0,1.0,0.0,0.0
-119.95572182884,38.9097847556827,1956.0849609375,snow,snow,1.0,0.0,0.0,1.0,0.0,0.0
-119.801074425595,39.5718636001781,1488.3441162109375,snow,snow,1.0,0.0,0.0,1.0,0.0,0.0
-119.740976331984,38.938097310583,1449.3260498046875,snow,snow,0.9918685738785488,0.008131426121451228,0.0,1.0,0.0,0.0
-120.292218545715,38.7733621242251,1302.7708740234375,snow,snow,0.7806663319180778,0.21933366808192228,0.0,1.0,0.0,0.0
-120.602641836918,38.7523161892758,1142.718994140625,snow,snow,0.5410924858609911,0.45298669528343144,0.0059208188555774895,1.0,0.0,0.0
-119.995365463997,39.6690640295724,1545.19970703125,snow,snow,1.0,0.0,0.0,1.0,0.0,0.0
-120.651317753795,38.7438720548819,1011.5527954101562,mix,snow,0.996808937961334,0.003120385510125186,7.067652854084251e-05,0.0,1.0,0.0
-120.653275844366,38.7440531235508,1011.5527954101562,snow,mix,0.00509344152453845,0.9948353868470964,7.117162836513137e-05,1.0,0.0,0.0
-120.644335877692,38.716666111099,951.689697265625,snow,snow,0.5113830910389572,0.4810406265455766,0.007576282415466274,1.0,0.0,0.0
-120.697224239088,38.7405595531786,885.6039428710938,mix,mix,0.06608032642168497,0.9326452771356016,0.0012743964427134305,0.0,1.0,0.0
-120.689656054914,38.6953589284791,809.8617553710938,snow,mix,0.42824653418778935,0.5523107314649793,0.019442734347231344,1.0,0.0,0.0
-120.163076253996,39.3582128374744,1793.0777587890625,snow,snow,0.8968651535242953,0.1031348464757047,0.0,1.0,0.0,0.0
-120.704188412308,38.7376825220546,894.05859375,mix,mix,0.05805767545697686,0.9405877415743161,0.001354582968707042,0.0,1.0,0.0
-119.8694398,39.602368,1591.5308837890625,snow,snow,1.0,0.0,0.0,1.0,0.0,0.0
-119.997445238734,38.8523386818796,1980.7945556640625,snow,snow,1.0,0.0,0.0,1.0,0.0,0.0
-119.7763199,39.1907277,1442.8193359375,snow,snow,0.9995253155515111,0.0004746844484889081,0.0,1.0,0.0,0.0
-120.4688862,39.8057636,1484.389892578125,snow,snow,1.0,0.0,0.0,1.0,0.0,0.0
-120.9688988,38.6639667,416.0556945800781,rain,snow,0.44163462613436744,0.3956369624949853,0.16272841137064728,0.0,0.0,1.0
-119.950315323676,39.5248202147484,1538.666748046875,snow,snow,1.0,0.0,0.0,1.0,0.0,0.0
-119.9935559,39.5179412,1494.7957763671875,snow,snow,1.0,0.0,0.0,1.0,0.0,0.0
-119.82319515704,39.6074582931101,1565.6741943359375,snow,snow,1.0,0.0,0.0,1.0,0.0,0.0
-120.2239556,38.018866,1123.33447265625,snow,snow,0.6063906711924644,0.22591229390880913,0.16769703489872653,1.0,0.0,0.0
-119.7467206,39.4250954,1368.7227783203125,snow,snow,0.9768456382882711,0.02315436171172901,0.0,1.0,0.0,0.0
-119.7825204,39.2957965,1543.263916015625,mix,snow,1.0,0.0,0.0,0.0,1.0,0.0
-119.77792566288,39.3828275695068,1549.0029296875,snow,snow,0.8715768070581964,0.12842319294180354,0.0,1.0,0.0,0.0
-119.847984873115,39.6122016532467,1546.447509765625,snow,snow,1.0,0.0,0.0,1.0,0.0,0.0
-119.687770251604,38.9157374534485,1515.9644775390625,snow,snow,0.9998666798802391,0.00013332011976088806,0.0,1.0,0.0,0.0
-119.807276399015,39.491300876446,1374.2261962890625,snow,snow,1.0,0.0,0.0,1.0,0.0,0.0
-119.682373732873,38.9171234542621,1535.7108154296875,snow,snow,0.9998661598013731,0.00013384019862700602,0.0,1.0,0.0,0.0
-119.7625781,39.4471294,1369.423095703125,snow,snow,0.9837531766346312,0.016246823365368736,0.0,1.0,0.0,0.0
-119.7610947,39.1708515,1429.696044921875,snow,snow,0.9846991392105152,0.015300860789484803,0.0,1.0,0.0,0.0
-119.743513000424,39.5859489847432,1414.6666259765625,snow,mix,0.4794574564239047,0.5205425435760954,0.0,1.0,0.0,0.0
-119.7615139,39.1559382,1420.0274658203125,snow,snow,0.9999999210461689,7.895383112459104e-08,0.0,1.0,0.0,0.0
-119.996595606849,38.870440462147,1950.8565673828125,snow,snow,1.0,0.0,0.0,1.0,0.0,0.0
-119.740770872123,38.9332791430702,1452.0609130859375,snow,snow,0.9760905156547701,0.02390948434522978,0.0,1.0,0.0,0.0
-119.7825204,39.2957965,1543.263916015625,snow,snow,0.9319916291291742,0.06800837087082576,0.0,1.0,0.0,0.0
-119.781801122544,39.420485762279,1454.221923828125,snow,mix,0.19587263301798674,0.8041273669820133,0.0,1.0,0.0,0.0
-120.830115509751,39.5590442892368,937.015625,snow,snow,0.923089209043993,0.07691079095600702,0.0,1.0,0.0,0.0
-119.870873570065,38.9750839693428,2201.280517578125,snow,snow,0.9834733369236863,0.01652666307631373,0.0,1.0,0.0,0.0
-119.747805686026,39.4045904018891,1392.5533447265625,mix,snow,0.9845284111125051,0.015471588887494947,0.0,0.0,1.0,0.0
-119.7615874,39.1559784,1420.0274658203125,snow,snow,0.9999999210222404,7.897775956224609e-08,0.0,1.0,0.0,0.0
-119.986017791962,39.6800271591204,1552.726806640625,snow,snow,0.5343689172742431,0.46563108272575704,0.0,1.0,0.0,0.0
-119.811091853796,39.3210347061973,1542.5299072265625,snow,snow,0.9118627968875065,0.08813720311249346,0.0,1.0,0.0,0.0
-119.8694398,39.602368,1591.5308837890625,mix,snow,0.9381074363700762,0.06189256362992382,0.0,0.0,1.0,0.0
-120.163051794499,39.3582084354612,1793.0777587890625,snow,snow,0.9358772536376377,0.06412274636236236,0.0,1.0,0.0,0.0
-119.978403135059,38.9339792001308,1906.9375,snow,snow,1.0,0.0,0.0,1.0,0.0,0.0
-120.461266775597,39.8132089595049,1493.2584228515625,snow,snow,0.8869057970983423,0.11309420290165781,0.0,1.0,0.0,0.0
-120.644335877692,38.716666111099,951.689697265625,mix,snow,1.0,0.0,0.0,0.0,1.0,0.0
-120.2505701,39.3711048,2037.4736328125,snow,snow,0.9483256722553673,0.051674327744632716,0.0,1.0,0.0,0.0
-119.078311539195,37.7761726314833,2402.5966796875,snow,snow,0.8963992584177489,0.10360074158225108,0.0,1.0,0.0,0.0
-119.9522579,39.5148588,1488.4718017578125,snow,snow,0.5899615315021666,0.4100384684978335,0.0,1.0,0.0,0.0
-119.870873570065,38.9750839693428,2201.280517578125,snow,snow,0.933140673559745,0.06685932644025509,0.0,1.0,0.0,0.0
-120.644335877692,38.716666111099,951.689697265625,mix,snow,0.852230120783872,0.14776987921612803,0.0,0.0,1.0,0.0
-119.997445238734,38.8523386818796,1980.7945556640625,snow,snow,0.9004128967014818,0.09958710329851818,0.0,1.0,0.0,0.0
-120.162952441311,39.3581721808025,1793.0777587890625,snow,snow,0.796832571286231,0.20316742871376903,0.0,1.0,0.0,0.0
-120.2239279,38.0187813,1123.33447265625,mix,snow,0.9829872690573417,0.01701273094265836,0.0,0.0,1.0,0.0
-120.352411778911,38.0360360968229,984.2950439453125,snow,mix,0.029178151577495384,0.9708218484225046,0.0,1.0,0.0,0.0
-119.996595605707,38.8704404553031,1950.8565673828125,snow,snow,0.8361836378054291,0.10998595225551017,0.05383040993906071,1.0,0.0,0.0
-120.1427558,39.1761243,1991.058837890625,snow,snow,0.9141694603246422,0.0582341512526313,0.02759638842272651,1.0,0.0,0.0
-120.564539761919,39.3238256828724,1722.9912109375,snow,mix,0.2395378770315021,0.4102605343446912,0.3502015886238067,1.0,0.0,0.0
-120.352396677026,38.0360479875142,984.2950439453125,snow,snow,0.9999999995661316,2.1670991630751375e-10,2.1715845268910345e-10,1.0,0.0,0.0
-119.9673559,39.2517951,2016.028076171875,snow,snow,0.9990854362716515,0.0006190024860844001,0.00029556124226413796,1.0,0.0,0.0
-120.902833421285,39.1442151779716,929.8777465820312,mix,rain,2.144776982496018e-05,0.0008776925613541637,0.9991008596688208,0.0,1.0,0.0
-120.90301258044,39.1443324333868,929.8777465820312,rain,mix,2.142738365111119e-05,0.9994694859201186,0.0005090866962302002,0.0,0.0,1.0
-120.837161198528,39.188778657605,978.3775024414062,mix,snow,0.5171818343129883,0.16978375136375176,0.31303441432326007,0.0,1.0,0.0
-120.866490145019,39.1719066532287,1016.5974731445312,snow,rain,0.0030263621501662482,0.46008813823094696,0.5368854996188868,1.0,0.0,0.0
-120.887392870833,39.1549714932565,886.57177734375,rain,mix,0.1273453258002515,0.4806934614582982,0.39196121274145035,0.0,0.0,1.0
-120.91040527371,39.1456897179105,899.9420166015625,mix,rain,0.005712562259473627,0.27666492708102974,0.7176225106594967,0.0,1.0,0.0
-119.952182694187,39.2491535221513,1927.8106689453125,snow,snow,0.9991129852971226,0.0006001644196000188,0.0002868502832774848,1.0,0.0,0.0
-120.91435675281,39.1416239633565,899.9420166015625,rain,mix,0.006960257262988207,0.7858201108571726,0.20721963187983916,0.0,0.0,1.0
-120.352385849545,38.0360569587468,984.2950439453125,snow,snow,0.9999999995661277,2.1671183110875124e-10,2.1716036573154706e-10,1.0,0.0,0.0
-120.2239279,38.0187813,1123.33447265625,snow,snow,0.9899608828088838,0.0033494956220517388,0.006689621569064526,1.0,0.0,0.0
-119.9668705,39.2519761,2016.028076171875,snow,snow,1.0,0.0,0.0,1.0,0.0,0.0
-120.352399856637,38.0360424264209,984.2950439453125,snow,snow,1.0,0.0,0.0,1.0,0.0,0.0
-119.950315806031,39.5248198783112,1538.666748046875,snow,snow,1.0,0.0,0.0,1.0,0.0,0.0
-119.997445238734,38.8523386818796,1980.7945556640625,snow,snow,1.0,0.0,0.0,1.0,0.0,0.0
-119.885050012139,39.532216348119,1516.285888671875,snow,snow,1.0,0.0,0.0,1.0,0.0,0.0
-119.82279004683,39.4175926214506,1609.224365234375,snow,snow,1.0,0.0,0.0,1.0,0.0,0.0
-119.9596586,39.2539886,2003.246337890625,snow,snow,1.0,0.0,0.0,1.0,0.0,0.0
-119.989489944994,38.8872582616222,1952.5621337890625,snow,snow,1.0,0.0,0.0,1.0,0.0,0.0
-119.858321051116,37.8766853351905,1410.0882568359375,snow,snow,1.0,0.0,0.0,1.0,0.0,0.0
-119.9627827,39.2536027,2003.246337890625,snow,snow,0.999979058673291,0.0,2.094132670910915e-05,1.0,0.0,0.0
-120.352422583321,38.0360428323444,984.2950439453125,rain,snow,0.6933900345903317,0.0,0.3066099654096684,0.0,0.0,1.0
-119.870873570065,38.9750839693428,2201.280517578125,snow,snow,0.9674623679989895,0.0,0.032537632001010494,1.0,0.0,0.0
-119.9667936,39.2519803,2016.028076171875,snow,snow,0.9999789380655555,0.0,2.1061934444524495e-05,1.0,0.0,0.0
-119.997445238734,38.8523386818796,1980.7945556640625,snow,snow,0.9466882655251437,0.0,0.05331173447485625,1.0,0.0,0.0
-120.96889,38.6639463,416.0556945800781,rain,snow,0.7549025299133587,0.0,0.24509747008664123,0.0,0.0,1.0
-119.996599723962,38.8704406192929,1950.8565673828125,snow,snow,0.9988789860910304,0.0,0.00112101390896959,1.0,0.0,0.0
-119.997445238734,38.8523386818796,1980.7945556640625,snow,snow,0.9988564405416902,0.0,0.0011435594583098449,1.0,0.0,0.0
-120.12704298462,39.3627215630365,1762.62060546875,snow,snow,0.9940098716762856,0.0,0.00599012832371439,1.0,0.0,0.0
-120.385359115762,39.8104416535272,1486.2198486328125,snow,snow,0.9267206201770557,0.0,0.07327937982294436,1.0,0.0,0.0
-120.201260686084,39.3663330624909,1864.3154296875,snow,snow,0.9935983347128721,0.0,0.006401665287127889,1.0,0.0,0.0
-120.7112327048,38.7306898317424,794.8796997070312,rain,snow,0.9692850134116971,0.0,0.030714986588302826,0.0,0.0,1.0
-119.894838433701,37.4389125549867,611.9118041992188,rain,snow,0.8641136017118392,0.0,0.1358863982881609,0.0,0.0,1.0
-119.870873570065,38.9750839693428,2201.280517578125,snow,snow,0.9768188137725743,0.0,0.02318118622742576,1.0,0.0,0.0
-120.0394873,38.4648266,2179.04638671875,snow,snow,0.8354831239070822,0.0,0.1645168760929177,1.0,0.0,0.0
-119.892319523907,38.9798993767475,2223.889892578125,snow,rain,0.0,0.0,1.0,1.0,0.0,0.0
-120.981972,39.0433715,689.05712890625,rain,rain,0.16142083385098327,0.0,0.8385791661490167,0.0,0.0,1.0
-120.4690141,39.8056962,1484.389892578125,rain,rain,0.011843585403259083,0.0,0.988156414596741,0.0,0.0,1.0
-120.7829894,38.5112271,515.516845703125,rain,rain,0.21918940926877892,0.0,0.7808105907312209,0.0,0.0,1.0
-120.2442857,39.6788101,1505.601806640625,rain,rain,0.025244872444603966,0.0,0.974755127555396,0.0,0.0,1.0
-120.315858851526,39.8175418318818,1494.4031982421875,rain,rain,0.010397283316122467,0.0,0.9896027166838776,0.0,0.0,1.0
-120.9688865,38.6639129,416.0556945800781,rain,rain,0.0,0.0,1.0,0.0,0.0,1.0
-120.007674176791,39.527451138981,1521.617431640625,rain,rain,0.0,0.0,1.0,0.0,0.0,1.0
-120.4690141,39.8056962,1484.389892578125,rain,rain,0.0,0.0,1.0,0.0,0.0,1.0
-119.9185475,39.6282564,1576.6732177734375,rain,rain,0.0,0.0,1.0,0.0,0.0,1.0
-119.925358375382,39.8472203401384,1491.7423095703125,rain,rain,0.0,0.0,1.0,0.0,0.0,1.0
-120.315858851526,39.8175418318818,1494.4031982421875,rain,rain,0.0,0.0,1.0,0.0,0.0,1.0
-120.2443268,39.6789073,1505.601806640625,rain,rain,0.0,0.0,1.0,0.0,0.0,1.0
-120.9688779,38.6639583,416.0556945800781,rain,rain,0.0,0.0,1.0,0.0,0.0,1.0
-120.9688928,38.6639517,416.0556945800781,rain,rain,0.0,0.0,1.0,0.0,0.0,1.0
-119.765800773445,39.4079345612034,1410.70751953125,rain,rain,0.0,0.0,1.0,0.0,0.0,1.0
-119.925300843418,39.8472240085095,1491.7423095703125,rain,rain,0.0,0.0,1.0,0.0,0.0,1.0
-120.9688842,38.6639361,416.0556945800781,rain,rain,0.0,0.0,1.0,0.0,0.0,1.0
-119.92792904354,39.5207784524838,1500.779541015625,rain,rain,0.0,0.018017322655089586,0.9819826773449104,0.0,0.0,1.0
-120.0079404,38.9238063,1905.078125,mix,rain,0.0,0.0,1.0,0.0,1.0,0.0
-119.8691231,39.6023605,1591.5308837890625,rain,rain,0.0,0.015060744426690902,0.9849392555733092,0.0,0.0,1.0
-120.711233282866,38.7306903436274,794.8796997070312,rain,rain,0.0,0.10542260096132677,0.8945773990386732,0.0,0.0,1.0
-120.9689092,38.6639404,416.0556945800781,rain,rain,0.0,0.06138843599200975,0.9386115640079903,0.0,0.0,1.0
-119.765800739418,39.4079345420589,1410.70751953125,rain,rain,0.0,0.05870851902282326,0.9412914809771767,0.0,0.0,1.0
-119.9673216,39.2518077,2016.028076171875,snow,rain,0.2388219978847192,0.0,0.7611780021152809,1.0,0.0,0.0
-119.8643432,39.6412452,1511.9696044921875,rain,snow,0.9658654269275464,0.0,0.03413457307245357,0.0,0.0,1.0
-120.352403218982,38.0360473357272,984.2950439453125,rain,snow,0.7222195621424995,0.0,0.2777804378575005,0.0,0.0,1.0
-120.4690187,39.805927,1484.389892578125,snow,rain,0.33160144210859793,0.0,0.6683985578914021,1.0,0.0,0.0
-119.7625209,39.4471764,1369.423095703125,rain,rain,0.1057065836831888,0.0,0.8942934163168113,0.0,0.0,1.0
-119.809579846527,39.5269683575077,1370.511474609375,rain,rain,1.2208921978068978e-05,0.0,0.9999877910780218,0.0,0.0,1.0
-119.808848983882,39.5266204901236,1370.511474609375,rain,rain,1.2197224219760092e-05,0.0,0.9999878027757801,0.0,0.0,1.0
-119.682324266061,38.9171207334056,1535.7108154296875,rain,rain,0.00021635196347390574,0.0,0.9997836480365261,0.0,0.0,1.0
-119.68778204909,38.9157185194919,1515.9644775390625,rain,rain,0.00021744621857185242,0.0,0.9997825537814282,0.0,0.0,1.0
-120.315858851526,39.8175418318818,1494.4031982421875,snow,rain,0.3327864020332316,0.0,0.6672135979667685,1.0,0.0,0.0
-119.9669385,39.2518804,2016.028076171875,snow,rain,0.492318759021364,0.0,0.507681240978636,1.0,0.0,0.0
-120.100320017373,39.3565223899844,1798.48291015625,snow,snow,0.5291261197012309,0.0,0.4708738802987692,1.0,0.0,0.0
-120.711233282866,38.7306903436274,794.8796997070312,rain,snow,0.609631588885286,0.0,0.3903684111147141,0.0,0.0,1.0
-119.980784825684,38.9396230686247,1908.990234375,snow,snow,0.9745473433770033,0.0,0.025452656622996714,1.0,0.0,0.0
-120.9823294,39.0432803,689.05712890625,rain,snow,0.6509937378153776,0.0,0.34900626218462244,0.0,0.0,1.0
-119.9669385,39.2518804,2016.028076171875,snow,snow,0.9967339759220509,0.001015500037307462,0.002250524040641529,1.0,0.0,0.0
-120.315858851526,39.8175418318818,1494.4031982421875,snow,snow,0.8628850687376549,0.12074561608676182,0.016369315175583356,1.0,0.0,0.0
-120.4686548,39.8057969,1484.389892578125,snow,snow,0.9001130376234172,0.0854884699560618,0.014398492420520949,1.0,0.0,0.0
-120.823998942236,39.567923535841,999.898681640625,snow,snow,0.7115116363341547,0.1601688090550263,0.12831955461081895,1.0,0.0,0.0
-119.997445238734,38.8523386818796,1980.7945556640625,snow,snow,0.9588220632956176,0.0,0.04117793670438242,1.0,0.0,0.0
-119.5827225,39.2693599,1333.44287109375,rain,rain,0.1079260809477351,0.04836700281391526,0.8437069162383497,0.0,0.0,1.0
-119.863615186874,39.5276264840609,1484.758056640625,mix,mix,0.2827565035622543,0.5525453833000882,0.1646981131376576,0.0,1.0,0.0
-119.955560342153,38.9097557796644,1956.0849609375,snow,snow,0.9784472774553878,0.0,0.021552722544612175,1.0,0.0,0.0
-119.6432519,39.2212911,1450.2314453125,rain,rain,0.12407733690467858,0.03843222807480706,0.8374904350205143,0.0,0.0,1.0
-120.2239311,38.0189041,1123.33447265625,rain,snow,0.6288704625747223,0.0,0.37112953742527766,0.0,0.0,1.0
-120.007674176791,39.527451138981,1521.617431640625,mix,mix,0.3641453645274967,0.5232942707434871,0.11256036472901623,0.0,1.0,0.0
-119.7608761,39.1598879,1422.213134765625,rain,rain,0.4644962829243412,0.0,0.5355037170756589,0.0,0.0,1.0
-119.9589616,39.2504262,2003.246337890625,snow,snow,0.9966089151702718,0.0010082910388377888,0.0023827937908903877,1.0,0.0,0.0
-120.162959212995,39.3581744341433,1793.0777587890625,snow,snow,0.5373415541215844,0.30895616501694356,0.15370228086147206,1.0,0.0,0.0
-120.0079274,38.9239023,1905.078125,snow,snow,0.964696730122708,0.007227654849589432,0.028075615027702717,1.0,0.0,0.0
-120.968877,38.6639577,416.0556945800781,rain,rain,0.4126927829092681,0.0,0.587307217090732,0.0,0.0,1.0
-119.7615969,39.1558676,1420.0274658203125,rain,snow,0.9498840439977921,0.05011595600220792,0.0,0.0,0.0,1.0
-120.176978534853,39.3403571943278,1818.37109375,snow,snow,0.8109079256804147,0.13752337487839097,0.05156869944119435,1.0,0.0,0.0
-119.925300843418,39.8472240085095,1491.7423095703125,snow,snow,0.8219286575334217,0.17807134246657827,0.0,1.0,0.0,0.0
-120.4686548,39.8057969,1484.389892578125,snow,snow,0.8341983713120773,0.16580162868792267,0.0,1.0,0.0,0.0
-119.9618284,39.2540712,2003.246337890625,snow,snow,0.999160462005525,0.0002745175213324222,0.0005650204731426463,1.0,0.0,0.0
-119.996519775244,38.8704417139297,1950.8565673828125,snow,snow,0.9709473852134578,0.006264229559812684,0.022788385226729553,1.0,0.0,0.0
-120.792467950687,39.2183847994861,1217.7698974609375,snow,snow,0.7580438893121972,0.09880179056931919,0.1431543201184836,1.0,0.0,0.0
-119.85744141622,39.5197044670656,1454.2401123046875,snow,snow,0.6916145761572455,0.28532135084281496,0.023064072999939567,1.0,0.0,0.0
-119.9937298,39.518167,1494.7957763671875,mix,snow,0.9718154996185586,0.0,0.028184500381441265,0.0,1.0,0.0
-120.7826125,38.5112562,515.516845703125,rain,snow,0.5622792807259409,0.0,0.4377207192740591,0.0,0.0,1.0
-120.005466972652,39.2276043541573,1943.2259521484375,snow,snow,0.9724166141710965,0.009066529646245406,0.018516856182658116,1.0,0.0,0.0
-119.8486208,39.5977906,1597.0430908203125,snow,snow,0.7821516180536636,0.19896339160127294,0.01888499034506352,1.0,0.0,0.0
-120.497736991251,38.5045400058875,1265.690673828125,snow,rain,0.3272891354800522,0.0,0.6727108645199478,1.0,0.0,0.0
-119.9668143,39.2519704,2016.028076171875,snow,snow,0.9991795451942705,0.0002701994951410759,0.0005502553105883246,1.0,0.0,0.0
-120.007674176791,39.527451138981,1521.617431640625,snow,snow,1.0,0.0,0.0,1.0,0.0,0.0
-119.799191615489,39.5708874346127,1488.3441162109375,snow,snow,1.0,0.0,0.0,1.0,0.0,0.0
-119.9937298,39.518167,1494.7957763671875,snow,snow,1.0,0.0,0.0,1.0,0.0,0.0
-120.211614472645,39.3249786339228,1842.712646484375,snow,snow,1.0,0.0,0.0,1.0,0.0,0.0
-119.963317592898,38.9417537571115,1905.9434814453125,snow,snow,1.0,0.0,0.0,1.0,0.0,0.0
-120.315858851526,39.8175418318818,1494.4031982421875,snow,snow,1.0,0.0,0.0,1.0,0.0,0.0
-119.9671829,39.2518247,2016.028076171875,snow,snow,1.0,0.0,0.0,1.0,0.0,0.0
-119.997445238734,38.8523386818796,1980.7945556640625,snow,snow,1.0,0.0,0.0,1.0,0.0,0.0
-120.8080845,39.2066469,1104.9029541015625,snow,snow,1.0,0.0,0.0,1.0,0.0,0.0
-119.92792904354,39.5207784524838,1500.779541015625,snow,snow,1.0,0.0,0.0,1.0,0.0,0.0
-120.175766118317,39.3532488129721,1832.049560546875,snow,snow,1.0,0.0,0.0,1.0,0.0,0.0
-120.0079784,38.9238334,1905.078125,snow,snow,1.0,0.0,0.0,1.0,0.0,0.0
-119.8694545,39.6023785,1591.5308837890625,snow,snow,1.0,0.0,0.0,1.0,0.0,0.0
-119.9670195,39.2519403,2016.028076171875,snow,snow,0.9999973671173553,2.63288264468599e-06,0.0,1.0,0.0,0.0
-119.980783368504,38.9396194252338,1908.990234375,snow,snow,0.943900173073936,0.056099826926063856,0.0,1.0,0.0,0.0
-120.8082507,39.2066099,1104.9029541015625,rain,snow,0.6286079369018756,0.37139206309812445,0.0,0.0,0.0,1.0
-120.225099969776,38.0416754970149,1151.58544921875,mix,mix,0.0026452983798800505,0.99735470162012,0.0,0.0,1.0,0.0
-120.4687078,39.8057818,1484.389892578125,snow,snow,0.5829370649808916,0.3132970142733746,0.10376592074573376,1.0,0.0,0.0
-119.682324256757,38.9171207461612,1535.7108154296875,mix,snow,0.9999164467719306,8.355322806941129e-05,0.0,0.0,1.0,0.0
-119.885050051514,39.5322160490844,1516.285888671875,snow,snow,0.972478431492019,0.027521568507981105,0.0,1.0,0.0,0.0
-119.9667849,39.2520402,2016.028076171875,snow,snow,0.9999973625294358,2.637470564147859e-06,0.0,1.0,0.0,0.0
-119.777952826647,39.3828076292295,1549.0029296875,snow,mix,0.0671356361551396,0.9328643638448604,0.0,1.0,0.0,0.0
-119.8708319,39.5248739,1486.023193359375,snow,snow,0.9667454389625612,0.03325456103743889,0.0,1.0,0.0,0.0
-119.765851663486,39.4078213044847,1410.70751953125,mix,snow,0.5737482799870701,0.42625172001293,0.0,0.0,1.0,0.0
-119.822787886451,39.4175942326666,1609.224365234375,mix,mix,0.44253635903465477,0.5574636409653453,0.0,0.0,1.0,0.0
-119.7625851,39.4471352,1369.423095703125,mix,mix,0.31000033124028403,0.689999668759716,0.0,0.0,1.0,0.0
-119.687768870203,38.9157398782146,1515.9644775390625,snow,mix,0.00139533037372127,0.9986046696262788,0.0,1.0,0.0,0.0
-120.689650409707,38.6953607057377,809.8617553710938,mix,mix,0.01771477243265938,0.9760332325245694,0.006251995042771276,0.0,1.0,0.0
-120.2239226,38.0188481,1123.33447265625,mix,mix,0.002519933075294577,0.9974800669247055,0.0,0.0,1.0,0.0
-119.996529701553,38.8704291893758,1950.8565673828125,snow,snow,0.9941577667016315,0.005842233298368449,0.0,1.0,0.0,0.0
-120.644336306396,38.7166654459718,951.689697265625,mix,mix,0.023267008076833903,0.9701692281391373,0.006563763784028855,0.0,1.0,0.0
-119.8693117,39.6025134,1591.5308837890625,snow,snow,0.8268101758948905,0.17318982410510944,0.0,1.0,0.0,0.0
-119.997564190427,38.852466379638,1980.7945556640625,snow,snow,0.9941816045110828,0.005818395488917115,0.0,1.0,0.0,0.0
-119.8486552,39.597852,1597.0430908203125,snow,snow,0.9988451190969451,0.0010030372173224066,0.0001518436857325966,1.0,0.0,0.0
-120.4688764,39.8057501,1484.389892578125,mix,snow,0.9715444836406887,0.0,0.028455516359311366,0.0,1.0,0.0
-120.5677341,38.3788757,625.4950561523438,rain,snow,0.9227615119016677,0.07723848809833245,0.0,0.0,0.0,1.0
-119.682324298516,38.9171206888994,1535.7108154296875,snow,snow,0.9406708421133564,0.0,0.059329157886643585,1.0,0.0,0.0
-120.100284156322,39.3565467344351,1798.48291015625,snow,snow,0.9514346205550408,0.038555193718853596,0.010010185726105661,1.0,0.0,0.0
-120.2239226,38.0188481,1123.33447265625,snow,mix,0.3602435490087844,0.5484159335203731,0.09134051747084243,1.0,0.0,0.0
-119.8693117,39.6025134,1591.5308837890625,snow,snow,0.9987777350675567,0.0010698351799610355,0.0001524297524823057,1.0,0.0,0.0
-120.191383,37.8367321,872.5946044921875,mix,snow,0.9346104040016047,0.0,0.06538959599839533,0.0,1.0,0.0
-119.9667849,39.2520402,2016.028076171875,snow,snow,0.9672371812163433,0.022367784637338035,0.010395034146318725,1.0,0.0,0.0
-120.360826965702,38.2418853130294,1223.895751953125,snow,rain,0.4283133865375823,0.11484997084774667,0.4568366426146711,1.0,0.0,0.0
-119.77795747106,39.3828082452714,1549.0029296875,snow,snow,0.9675953878738794,0.02428604416232045,0.008118567963800066,1.0,0.0,0.0
-120.1913834,37.8367323,872.5946044921875,snow,snow,0.7827140881345833,0.0,0.21728591186541668,1.0,0.0,0.0
-120.000891913158,38.8672783231596,1948.97900390625,snow,snow,0.9621782712931793,0.0,0.03782172870682073,1.0,0.0,0.0
-119.682331533575,38.9171196253124,1535.7108154296875,snow,snow,0.9999809495597047,0.0,1.905044029522828e-05,1.0,0.0,0.0
-119.68778204909,38.9157185194919,1515.9644775390625,snow,snow,0.9999807840643006,0.0,1.921593569938511e-05,1.0,0.0,0.0
-120.808287,39.2066124,1104.9029541015625,snow,snow,0.6882531619220582,0.0,0.3117468380779418,1.0,0.0,0.0
-120.9691873,38.6637832,416.0556945800781,rain,snow,1.0,0.0,0.0,0.0,0.0,1.0
-119.9669533,39.2520511,2016.028076171875,snow,snow,0.95476889554935,0.0,0.04523110445065005,1.0,0.0,0.0
-119.68778204909,38.9157185194919,1515.9644775390625,snow,snow,1.0,0.0,0.0,1.0,0.0,0.0
-120.808196,39.206599,1104.9029541015625,snow,snow,1.0,0.0,0.0,1.0,0.0,0.0
-120.8082777,39.2066483,1104.9029541015625,snow,snow,1.0,0.0,0.0,1.0,0.0,0.0
-120.792467950687,39.2183847994861,1217.7698974609375,snow,snow,1.0,0.0,0.0,1.0,0.0,0.0
-120.689650409707,38.6953607057377,809.8617553710938,snow,snow,1.0,0.0,0.0,1.0,0.0,0.0
-120.644336306396,38.7166654459718,951.689697265625,snow,snow,1.0,0.0,0.0,1.0,0.0,0.0
-119.740782575567,38.9332717704,1452.0609130859375,snow,snow,1.0,0.0,0.0,1.0,0.0,0.0
-120.903019003566,39.1443350619148,929.8777465820312,snow,snow,1.0,0.0,0.0,1.0,0.0,0.0
-120.908333087819,39.1478729875261,899.9420166015625,snow,snow,1.0,0.0,0.0,1.0,0.0,0.0
-120.8085765,39.2066696,1104.9029541015625,snow,snow,1.0,0.0,0.0,1.0,0.0,0.0
-120.162959212995,39.3581744341433,1793.0777587890625,snow,snow,1.0,0.0,0.0,1.0,0.0,0.0
-120.2505501,39.371178,2037.4736328125,snow,snow,1.0,0.0,0.0,1.0,0.0,0.0
-119.9508141,39.2535027,1992.6064453125,snow,snow,1.0,0.0,0.0,1.0,0.0,0.0
-119.9991964,38.9266585,1900.5447998046875,snow,snow,1.0,0.0,0.0,1.0,0.0,0.0
-120.100274712394,39.3565515665379,1798.48291015625,snow,snow,1.0,0.0,0.0,1.0,0.0,0.0
-120.3697348,39.5838649,1511.8182373046875,snow,snow,1.0,0.0,0.0,1.0,0.0,0.0
-119.952332320675,39.2494297949317,1927.8106689453125,snow,snow,1.0,0.0,0.0,1.0,0.0,0.0
-119.9638591,39.2522664,2016.028076171875,snow,snow,1.0,0.0,0.0,1.0,0.0,0.0
-120.002596208546,38.9132036408822,1912.7034912109375,snow,snow,1.0,0.0,0.0,1.0,0.0,0.0
-119.8486209,39.5977328,1597.0430908203125,snow,snow,1.0,0.0,0.0,1.0,0.0,0.0
-119.963317592898,38.9417537571115,1905.9434814453125,snow,snow,1.0,0.0,0.0,1.0,0.0,0.0
-119.869431,39.6023656,1591.5308837890625,snow,snow,1.0,0.0,0.0,1.0,0.0,0.0
-120.315866048336,39.8175376248298,1494.4031982421875,snow,snow,1.0,0.0,0.0,1.0,0.0,0.0
-120.4689836,39.8057283,1484.389892578125,snow,snow,1.0,0.0,0.0,1.0,0.0,0.0
-120.163046915546,39.3582200326622,1793.0777587890625,snow,snow,1.0,0.0,0.0,1.0,0.0,0.0
-120.191383,37.8367321,872.5946044921875,mix,snow,1.0,0.0,0.0,0.0,1.0,0.0
-120.974334358752,39.3082007577694,943.5879516601562,snow,snow,1.0,0.0,0.0,1.0,0.0,0.0
-119.997496371891,38.8524842055326,1980.7945556640625,snow,snow,1.0,0.0,0.0,1.0,0.0,0.0
-119.9668273,39.2520622,2016.028076171875,snow,snow,1.0,0.0,0.0,1.0,0.0,0.0
-120.2239548,38.0188551,1123.33447265625,snow,mix,0.16383989594633822,0.8361601040536618,0.0,1.0,0.0,0.0
-120.191383,37.8367321,872.5946044921875,snow,snow,0.7536889911117641,0.0,0.2463110088882359,1.0,0.0,0.0
-120.00086490076,38.8672911096726,1948.97900390625,snow,snow,0.9995416500058328,0.0,0.00045834999416705184,1.0,0.0,0.0
-119.997445238734,38.8523386818796,1980.7945556640625,snow,snow,0.9995353207066326,0.0,0.00046467929336732215,1.0,0.0,0.0
-120.0394754,38.4648273,2179.04638671875,snow,snow,0.8449282756768164,0.0,0.1550717243231837,1.0,0.0,0.0
-120.782639,38.5112649,515.516845703125,rain,snow,1.0,0.0,0.0,0.0,0.0,1.0
-119.925268722508,39.8472298368975,1491.7423095703125,snow,snow,0.8624887512712112,0.0,0.13751124872878884,1.0,0.0,0.0
-120.8991623,39.1496009833333,859.9096069335938,snow,mix,0.23368000252480622,0.7328637105373689,0.03345628693782495,1.0,0.0,0.0
-120.911705016667,39.1452255166667,899.9420166015625,snow,mix,0.19121752565372538,0.7591156750038878,0.04966679934238677,1.0,0.0,0.0
-120.921310416667,39.1386795,851.8356323242188,mix,mix,0.31614418401614525,0.5412086392406588,0.14264717674319596,0.0,1.0,0.0
-120.711234020955,38.7306908980811,794.8796997070312,mix,rain,0.17391351505896938,0.26516745013480497,0.5609190348062257,0.0,1.0,0.0
-120.93037415,39.1360206666667,806.7713012695312,mix,mix,0.10981440375204453,0.45128573891426277,0.43889985733369274,0.0,1.0,0.0
-120.936386116667,39.1313819833333,691.4811401367188,rain,mix,0.08903790503140674,0.8018931658639435,0.10906892910464974,0.0,0.0,1.0
-120.944358833333,39.1142006,708.225830078125,rain,mix,0.13884561961708153,0.44493326051744314,0.4162211198654754,0.0,0.0,1.0
-120.903019003566,39.1443350619148,929.8777465820312,mix,snow,0.8538511729404351,0.11535330495879396,0.030795522100770984,0.0,1.0,0.0
-120.162962879105,39.3581924992536,1793.0777587890625,snow,snow,0.7347845729653782,0.16360955276054798,0.10160587427407375,1.0,0.0,0.0
-119.9668273,39.2520622,2016.028076171875,snow,snow,0.7892753569893398,0.12911851161753535,0.08160613139312484,1.0,0.0,0.0
-120.9688555,38.663908,416.0556945800781,rain,mix,0.1592168976686386,0.6622786465148323,0.17850445581652913,0.0,0.0,1.0
-120.951083942405,39.9368482557268,1042.9046630859375,snow,mix,0.37389622363346003,0.38176598181463217,0.24433779455190774,1.0,0.0,0.0
-120.084245475121,39.3847483629728,1717.32666015625,snow,snow,0.581621650682592,0.0,0.418378349317408,1.0,0.0,0.0
-120.9688767,38.6639524,416.0556945800781,rain,rain,0.10643928200488866,0.0,0.8935607179951114,0.0,0.0,1.0
-119.997507930965,38.852513890261,1980.7945556640625,snow,rain,0.4269649747295117,0.0,0.5730350252704883,1.0,0.0,0.0
-120.711234020955,38.7306908980811,794.8796997070312,rain,rain,0.17098774146026663,0.0,0.8290122585397335,0.0,0.0,1.0
-120.824001495538,39.5679239666773,999.898681640625,mix,rain,0.0,0.0,1.0,0.0,1.0,0.0
-120.689650409707,38.6953607057377,809.8617553710938,rain,rain,0.0,0.05976489770497592,0.940235102295024,0.0,0.0,1.0
-120.9688824,38.6639503,416.0556945800781,rain,rain,0.0,0.05581433004734141,0.9441856699526586,0.0,0.0,1.0
-119.886763,39.3278205,2501.984619140625,snow,snow,1.0,0.0,0.0,1.0,0.0,0.0
-119.8858965,39.3285124,2501.984619140625,snow,snow,1.0,0.0,0.0,1.0,0.0,0.0
-120.175791689124,39.3533036624638,1832.049560546875,snow,snow,1.0,0.0,0.0,1.0,0.0,0.0
-119.916139023125,38.9234472135179,2731.498779296875,snow,snow,1.0,0.0,0.0,1.0,0.0,0.0
-119.997459936012,38.8523895179632,1980.7945556640625,snow,snow,0.9994875696332742,0.0,0.0005124303667256627,1.0,0.0,0.0
-120.2098505,39.3256544,1842.712646484375,snow,snow,0.9845595715109899,0.0,0.015440428489010094,1.0,0.0,0.0
-119.8691142,39.603618,1591.5308837890625,rain,snow,1.0,0.0,0.0,0.0,0.0,1.0
-120.163067635261,39.3582029594475,1793.0777587890625,snow,snow,0.9798096901187608,0.0,0.020190309881239214,1.0,0.0,0.0
-119.99682572035,38.8696628780513,1962.6326904296875,snow,snow,0.999465104392608,0.0,0.0005348956073919733,1.0,0.0,0.0
-119.892321540056,38.9798966455108,2223.889892578125,snow,snow,0.9766067501716116,0.0,0.02339324982838839,1.0,0.0,0.0
-120.288350607623,39.3170824917186,1823.2083740234375,snow,snow,0.9808588171046337,0.019141182895366222,0.0,1.0,0.0,0.0
-120.289942622416,39.323496908698,1823.2083740234375,snow,snow,0.98138355366649,0.018616446333510017,0.0,1.0,0.0,0.0
-120.229322576362,39.3243278808515,1887.5587158203125,mix,snow,1.0,0.0,0.0,0.0,1.0,0.0
-120.213337691447,39.3230419930799,1830.3636474609375,snow,mix,0.08412478644213983,0.9158752135578603,0.0,1.0,0.0,0.0
-120.150322937632,39.3519097049127,1781.589111328125,snow,rain,0.0883643452546654,0.07664325684411502,0.8349923979012196,1.0,0.0,0.0
-120.129916117673,39.3617863273257,1762.6793212890625,rain,snow,0.950860591939962,0.049139408060038046,0.0,0.0,0.0,1.0
-120.222721,39.3240671,1812.56787109375,mix,snow,0.9582842297397035,0.0033351517781156186,0.03838061848218097,0.0,1.0,0.0
-120.244298483333,39.330351,1842.9344482421875,snow,mix,0.21809934784466967,0.7547148214011454,0.02718583075418499,1.0,0.0,0.0
-120.297390183333,39.3280343833333,1989.27880859375,snow,snow,0.7448568707787013,0.21693718100810336,0.038205948213195375,1.0,0.0,0.0
-120.3643559,39.3309594833333,2147.065673828125,snow,snow,0.8142875379231638,0.14873792488843143,0.036974537188404794,1.0,0.0,0.0
-120.489378283333,39.3120223,1831.4783935546875,snow,snow,0.585296252611642,0.41470374738835813,0.0,1.0,0.0,0.0
-120.5778767,39.3308274833333,1700.4215087890625,mix,snow,0.8873865511154523,0.07716490316449522,0.035448545720052606,0.0,1.0,0.0
-120.603873883333,39.3229746,1739.359375,snow,snow,0.5654905725313244,0.4067894308353714,0.02771999663330419,1.0,0.0,0.0
-120.6238268,39.3156894833333,1672.724365234375,snow,snow,0.6557429696333612,0.2993214409621956,0.04493558940444329,1.0,0.0,0.0
-120.6638559,39.3014122,1577.3743896484375,mix,snow,0.6323311458770646,0.18926925027649713,0.17839960384643833,0.0,1.0,0.0
-120.691032583333,39.2902899833333,1606.5048828125,snow,mix,0.04654626634833496,0.6885993352891704,0.26485439836249475,1.0,0.0,0.0
-119.997459936012,38.8523895179632,1980.7945556640625,snow,snow,0.6156914748137653,0.14190761319144746,0.24240091199478725,1.0,0.0,0.0
-120.706388783333,39.2832289833333,1560.6502685546875,mix,rain,0.2907846917931563,0.04186391693748983,0.6673513912693538,0.0,1.0,0.0
-120.7156023,39.2767729833333,1538.5841064453125,rain,mix,0.11949962436944558,0.6495410124514353,0.2309593631791192,0.0,0.0,1.0
-120.7295333,39.2631598833333,1495.1611328125,rain,rain,0.09629445210359583,0.20364370234518464,0.7000618455512195,0.0,0.0,1.0
-120.744653283333,39.2470203833333,1407.3509521484375,rain,rain,0.09585865479638976,0.14129798364787646,0.7628433615557338,0.0,0.0,1.0
-120.711299254608,38.7307859280087,794.8796997070312,rain,rain,0.2211932624905666,0.2244716368431236,0.5543351006663098,0.0,0.0,1.0
-120.881734183333,39.1574550833333,880.6925048828125,rain,rain,0.23873517370075487,0.21753285043211285,0.5437319758671323,0.0,0.0,1.0
-119.9593361,39.2543245,2003.246337890625,rain,mix,0.0,0.7301159695475609,0.2698840304524392,0.0,0.0,1.0
-120.521759033333,39.3064537,1873.6407470703125,mix,rain,0.0,0.006765135566334108,0.9932348644336659,0.0,1.0,0.0
-120.5449295,39.3105888333333,1742.6181640625,rain,mix,0.0,0.997329761153842,0.00267023884615813,0.0,0.0,1.0
-119.997459936012,38.8523895179632,1980.7945556640625,mix,rain,0.0,0.0030279870455597368,0.9969720129544402,0.0,1.0,0.0
-119.996517172364,38.8704212865792,1950.8565673828125,rain,mix,0.0,0.9969463877231163,0.0030536122768837354,0.0,0.0,1.0
-120.2370945,39.1924172,2089.875732421875,mix,rain,0.0,0.35690625945869464,0.6430937405413054,0.0,1.0,0.0
-120.2382333,39.1640139,2168.773193359375,snow,rain,0.03035615391606569,0.027919922850386237,0.9417239232335481,1.0,0.0,0.0
-119.9444192,38.9560175,1925.515625,rain,rain,0.04604604821595438,0.0303545527627569,0.9235993990212886,0.0,0.0,1.0
-119.9686444,38.945682,1899.37109375,rain,rain,0.05561961874885189,0.034734626618692165,0.909645754632456,0.0,0.0,1.0
-120.1527953,39.1635637,1930.951904296875,rain,snow,0.8165821987417813,0.031529706842782744,0.15188809441543596,0.0,0.0,1.0
-119.997459936012,38.8523895179632,1980.7945556640625,mix,snow,0.8852024799701681,0.0,0.11479752002983193,0.0,1.0,0.0
-120.0079115,38.9225642,1905.078125,rain,rain,0.2390708860894512,0.12994336303744727,0.6309857508731015,0.0,0.0,1.0
-119.996517177,38.8704213888053,1950.8565673828125,snow,mix,0.0022130771550487047,0.8249320000155215,0.1728549228294297,1.0,0.0,0.0
-120.3700538,39.5836823,1511.8182373046875,rain,rain,0.0,0.0,1.0,0.0,0.0,1.0
-119.864386,39.641208,1511.9696044921875,rain,rain,0.0,0.0,1.0,0.0,0.0,1.0
-119.997459936012,38.8523895179632,1980.7945556640625,rain,rain,0.0,0.0,1.0,0.0,0.0,1.0
-120.242526680529,39.1835514395295,2291.220947265625,snow,rain,0.0,0.0,1.0,1.0,0.0,0.0
-119.970534560561,39.5122323572024,1497.848388671875,rain,rain,0.48390310608986914,0.0,0.5160968939101308,0.0,0.0,1.0
-120.237780531818,39.1950757828614,1925.8326416015625,rain,snow,0.9977834667326445,0.0,0.0022165332673553875,0.0,0.0,1.0
-119.841356815654,39.4996188779842,1451.5361328125,rain,rain,0.0,0.0,1.0,0.0,0.0,1.0
-120.5673035,38.7394766,1180.2176513671875,rain,rain,0.0,0.0,1.0,0.0,0.0,1.0
-120.3963286,38.7731357,1131.1031494140625,rain,rain,0.0,0.0,1.0,0.0,0.0,1.0
-120.2409957,38.7814629,1574.738037109375,rain,rain,0.0,0.0,1.0,0.0,0.0,1.0
-120.4690165,39.8057183,1484.389892578125,rain,rain,0.0,0.0,1.0,0.0,0.0,1.0
-120.2301627,39.3507497,1968.3128662109375,rain,rain,0.0,0.0,1.0,0.0,0.0,1.0
-120.3697822,39.583938,1511.8182373046875,rain,rain,0.0,0.0,1.0,0.0,0.0,1.0
-120.260823400407,39.3623794090569,2108.056884765625,snow,snow,0.9871564077789267,0.0,0.012843592221073397,1.0,0.0,0.0
-120.145968,39.1593776,1903.876220703125,snow,rain,0.00013890227003785272,0.0,0.9998610977299622,1.0,0.0,0.0
-120.2505469,39.3711658,2037.4736328125,snow,snow,0.986092114663117,0.0,0.013907885336883058,1.0,0.0,0.0
-120.1463471,39.157667,1903.876220703125,rain,snow,0.9999178799038437,0.0,8.212009615633312e-05,0.0,0.0,1.0
-120.4690166,39.805735,1484.389892578125,rain,snow,0.7219296661199147,0.0,0.2780703338800853,0.0,0.0,1.0
-120.366431082118,37.9892795314214,627.38134765625,rain,snow,0.5845929126404285,0.0,0.4154070873595715,0.0,0.0,1.0
-120.100220110507,39.3565695994652,1798.48291015625,rain,snow,0.8660166229681698,0.0,0.13398337703183005,0.0,0.0,1.0
-119.950249568327,39.5247759938091,1538.666748046875,snow,rain,0.47114667083218037,0.0,0.5288533291678196,1.0,0.0,0.0
-120.070642267343,39.2378642085424,1922.7923583984375,rain,rain,0.41120279543432364,0.14628286128439144,0.44251434328128486,0.0,0.0,1.0
-120.1483796,39.1616596,1930.951904296875,rain,mix,0.10811237628068232,0.47264667059488763,0.41924095312443016,0.0,0.0,1.0
-119.997459053796,38.8523873836321,1980.7945556640625,mix,rain,0.14327130453780781,0.41347573456492653,0.4432529608972657,0.0,1.0,0.0
-120.153031179319,39.0683390703323,1952.60888671875,mix,rain,0.08473050968154232,0.09071659474961567,0.824552895568842,0.0,1.0,0.0
-119.952973,39.2718239,2182.246337890625,snow,rain,0.0,0.12875323722744533,0.8712467627725546,1.0,0.0,0.0
-119.8693222,39.6024068,1591.5308837890625,rain,rain,0.36547476761264674,0.19742259146809837,0.437102640919255,0.0,0.0,1.0
-119.950247056484,39.5247752931078,1538.666748046875,rain,rain,0.07596903302544691,0.0,0.9240309669745531,0.0,0.0,1.0
-120.352419532177,38.0360834197779,984.2950439453125,rain,snow,0.5586918742379721,0.0,0.44130812576202794,0.0,0.0,1.0
-120.166532076508,39.1421075050921,1993.328857421875,snow,rain,0.40295912033945774,0.0,0.5970408796605422,1.0,0.0,0.0
-119.811263965323,39.3212643002914,1542.5299072265625,rain,rain,0.2637094196228027,0.0,0.7362905803771973,0.0,0.0,1.0
-119.817214255535,39.5057685761698,1390.510498046875,rain,rain,0.06516008650140337,0.0,0.9348399134985967,0.0,0.0,1.0
-119.892452960247,38.9798787604827,2223.889892578125,snow,rain,0.4624697454411365,0.0,0.5375302545588635,1.0,0.0,0.0
-120.4689975,39.8057268,1484.389892578125,rain,snow,0.6709429672308936,0.32905703276910636,0.0,0.0,0.0,1.0
-119.9668517,39.2519163,2016.028076171875,snow,mix,0.11610748690599507,0.867983194537946,0.015909318556058986,1.0,0.0,0.0
-120.083907069633,39.2278751468274,1958.6190185546875,mix,snow,0.9379466467301528,0.04617778794609452,0.01587556532375277,0.0,1.0,0.0
-119.997460210543,38.852382073041,1980.7945556640625,mix,snow,0.5479166289448074,0.39675267184565693,0.05533069920953571,0.0,1.0,0.0
-120.250603,39.3711565,2037.4736328125,snow,mix,0.3149290457584155,0.5942892981986216,0.09078165604296286,1.0,0.0,0.0
-120.1089111,39.3456866,1855.036376953125,mix,mix,0.4178677009421556,0.42983054185937164,0.15230175719847278,0.0,1.0,0.0
-119.950247132439,39.5247751433595,1538.666748046875,rain,rain,0.2629925875802129,0.22711373978094235,0.5098936726388448,0.0,0.0,1.0
-120.175766118317,39.3532488129721,1832.049560546875,snow,mix,0.00948019141924142,0.9796754573784018,0.010844351202356755,1.0,0.0,0.0
-119.9668517,39.2519163,2016.028076171875,snow,snow,0.995236647904387,0.001279799572142925,0.0034835525234701275,1.0,0.0,0.0
-119.961529291314,39.2518893415223,2003.246337890625,snow,snow,0.9951576464956421,0.0012236785036679578,0.0036186750006899308,1.0,0.0,0.0
-120.162956727513,39.3581821841397,1793.0777587890625,mix,snow,0.9278439818607427,0.05980425967276923,0.012351758466488097,0.0,1.0,0.0
-120.022406258071,39.3948551120609,1664.7598876953125,rain,mix,0.40652272213736734,0.4328723266683075,0.1606049511943252,0.0,0.0,1.0
-119.997460210543,38.852382073041,1980.7945556640625,snow,mix,0.022366452750825352,0.9593025049648637,0.018331042284311046,1.0,0.0,0.0
-119.952973,39.2718239,2182.246337890625,snow,snow,0.9216874833438048,0.018590994564038198,0.059721522092157024,1.0,0.0,0.0
-119.989259000838,38.887754080898,1952.5621337890625,mix,snow,0.9729001228213551,0.005602744466871278,0.021497132711773597,0.0,1.0,0.0
-119.79714227805,39.3437344513775,1618.340087890625,rain,rain,0.18221596325729159,0.024272560260503773,0.7935114764822047,0.0,0.0,1.0
-119.825556741829,39.3019611038152,1556.5386962890625,rain,rain,0.26321560629227136,0.022847367163971795,0.7139370265437568,0.0,0.0,1.0
-119.806773983164,39.2133296586159,1550.7191162109375,rain,rain,0.445105047399069,0.05968787223222773,0.4952070803687033,0.0,0.0,1.0
-119.738686608687,39.1707832096241,1412.3084716796875,rain,snow,0.6806570802336813,0.31934291976631873,0.0,0.0,0.0,1.0
-119.986513915337,38.8916589480033,1947.20751953125,snow,mix,0.03736745675921897,0.9623389757281657,0.0002935675126153523,1.0,0.0,0.0
-119.987086239643,38.8975813180993,1947.20751953125,mix,snow,0.9997006798796483,0.0,0.00029932012035171855,0.0,1.0,0.0
-119.955619211792,38.9097016757907,1956.0849609375,snow,mix,0.45083343128384823,0.5449511714313109,0.004215397284840916,1.0,0.0,0.0
-119.9657437,39.2507452,2016.028076171875,snow,snow,1.0,0.0,0.0,1.0,0.0,0.0
-119.951897491886,39.2549132290838,1992.6064453125,snow,snow,1.0,0.0,0.0,1.0,0.0,0.0
-119.9636113,39.2522164,2016.028076171875,snow,snow,1.0,0.0,0.0,1.0,0.0,0.0
-119.997460210543,38.852382073041,1980.7945556640625,snow,snow,1.0,0.0,0.0,1.0,0.0,0.0
-119.961469739742,39.2518781330203,2003.246337890625,snow,snow,1.0,0.0,0.0,1.0,0.0,0.0
-120.1363019,39.4436427,1763.386474609375,mix,snow,0.7351856078051839,0.26481439219481606,0.0,0.0,1.0,0.0
-119.9668033,39.2519862,2016.028076171875,snow,mix,0.4143533396430404,0.5856466603569596,0.0,1.0,0.0,0.0
-120.163034818763,39.3582264936517,1793.0777587890625,snow,mix,0.06266776529518732,0.9373322347048128,0.0,1.0,0.0,0.0
-120.222393725153,39.3241065135654,1887.5587158203125,mix,snow,0.8593232299706703,0.1406767700293297,0.0,0.0,1.0,0.0
-120.31356749469,39.320120252738,1943.2640380859375,snow,snow,0.9684044941352421,0.004071620148403891,0.027523885716354,1.0,0.0,0.0
-120.8167389099,39.1929785037479,1071.51708984375,snow,snow,0.5060468629230624,0.17393793920937664,0.32001519786756094,1.0,0.0,0.0
-120.652040129421,39.3041778369788,1638.441650390625,rain,snow,0.6545526932490048,0.33111431181248846,0.01433299493850672,0.0,0.0,1.0
-120.61972171461,39.315050421685,1700.3870849609375,snow,mix,0.022939697291337015,0.9013390927700254,0.0757212099386376,1.0,0.0,0.0
-120.610827683366,39.3184236674621,1739.359375,mix,snow,0.9515074877951276,0.0,0.0484925122048724,0.0,1.0,0.0
-120.534768396649,39.3048382940282,1799.2230224609375,snow,snow,0.7549823297471823,0.12014470359102486,0.12487296666179272,1.0,0.0,0.0
-120.500694889657,39.3117239655365,1827.8232421875,snow,snow,0.741828251262132,0.05965450241825392,0.19851724631961404,1.0,0.0,0.0
-120.434956769852,39.3163245657817,1898.788818359375,rain,snow,0.9481824083752729,0.03136440499448642,0.020453186630240584,0.0,0.0,1.0
-120.390118796177,39.3249527963818,2016.658203125,snow,snow,0.5370053648134762,0.019031844971551477,0.4439627902149723,1.0,0.0,0.0
-120.329874900986,39.3164846233994,2178.289306640625,snow,snow,0.9616494834139423,0.004339560145374953,0.0340109564406828,1.0,0.0,0.0
-119.9528077,39.2718137,2182.246337890625,snow,snow,0.8103941272739132,0.06647019833123602,0.12313567439485082,1.0,0.0,0.0
-120.56070468263,39.3203850636576,1722.9912109375,mix,rain,0.005840154284919591,0.27272549369712257,0.7214343520179579,0.0,1.0,0.0
-120.633968290297,39.3108798567283,1675.3851318359375,rain,mix,0.0021316052925383915,0.9978683947074616,0.0,0.0,0.0,1.0
-120.676781582727,39.2945529841853,1616.498779296875,mix,rain,0.0024972172424556345,0.13482840848434632,0.8626743742731982,0.0,1.0,0.0
-119.997460210543,38.852382073041,1980.7945556640625,snow,mix,0.0,0.6739708096277243,0.3260291903722758,1.0,0.0,0.0
-119.885433161848,39.3268952279699,2501.984619140625,snow,snow,1.0,0.0,0.0,1.0,0.0,0.0
-119.997460210543,38.852382073041,1980.7945556640625,snow,snow,1.0,0.0,0.0,1.0,0.0,0.0
-120.070641856048,39.2378634723597,1922.7923583984375,snow,snow,1.0,0.0,0.0,1.0,0.0,0.0
-120.083901621795,39.2278576363812,1958.6190185546875,snow,snow,1.0,0.0,0.0,1.0,0.0,0.0
-119.997460210543,38.852382073041,1980.7945556640625,snow,rain,0.0,0.0,1.0,1.0,0.0,0.0
-120.5676903,38.3788893,625.4950561523438,rain,snow,0.8272271371426307,0.0,0.1727728628573693,0.0,0.0,1.0
-120.4690638,39.8055447,1508.093994140625,rain,snow,0.6620143571999624,0.0,0.33798564280003757,0.0,0.0,1.0
-119.9807898393,38.939638011257,1908.990234375,snow,snow,0.9337201347339188,0.06397568365249663,0.002304181613584597,1.0,0.0,0.0
-120.0119138,38.9320891,1899.7607421875,snow,snow,0.9576983545966465,0.04003685337402913,0.0022647920293243553,1.0,0.0,0.0
-119.924523197226,39.8473371332882,1491.7423095703125,rain,rain,0.2382444142050316,0.09170458119018904,0.6700510046047794,0.0,0.0,1.0
-119.870869595719,38.975077705297,2201.280517578125,mix,snow,0.9801384948364187,0.0,0.019861505163581348,0.0,1.0,0.0
-119.997460210543,38.852382073041,1980.7945556640625,snow,snow,0.8668835310576334,0.1232639332350356,0.009852535707331042,1.0,0.0,0.0
-119.950250613926,39.5247760932757,1538.666748046875,rain,rain,0.38232896751227075,0.15698404619301293,0.4606869862947163,0.0,0.0,1.0
-120.951101647312,39.9368277152025,1042.9046630859375,rain,snow,1.0,0.0,0.0,0.0,0.0,1.0
-119.9667988,39.2519887,2016.028076171875,snow,snow,0.9831415622042262,0.0,0.016858437795773767,1.0,0.0,0.0
-119.997460210543,38.852382073041,1980.7945556640625,snow,snow,0.9990668236887352,0.0,0.000933176311264821,1.0,0.0,0.0
-119.987690088125,38.8935380502476,1947.20751953125,snow,snow,0.9990661067489148,0.0,0.0009338932510850867,1.0,0.0,0.0
-120.161875588201,39.357089773901,1793.0777587890625,snow,snow,0.9678162102948826,0.0,0.032183789705117385,1.0,0.0,0.0
-119.870872499029,38.9750835263183,2201.280517578125,snow,snow,0.995065363266276,0.0,0.00493463673372404,1.0,0.0,0.0
-119.9895210503,38.8871069956836,1952.5621337890625,snow,snow,0.9848749185274837,0.0,0.015125081472516315,1.0,0.0,0.0
-119.9670354,39.2518852,2016.028076171875,snow,snow,0.9988994900487327,0.0,0.0011005099512673418,1.0,0.0,0.0
-120.689651307236,38.695362319957,809.8617553710938,rain,snow,0.8822538400316343,0.0,0.11774615996836574,0.0,0.0,1.0
-120.022406258071,39.3948551120609,1664.7598876953125,snow,snow,0.9158328004971479,0.0,0.08416719950285219,1.0,0.0,0.0
-119.997460210543,38.852382073041,1980.7945556640625,snow,snow,0.9870889123998458,0.0,0.012911087600154263,1.0,0.0,0.0
-120.038363969276,39.2470442014927,1926.0313720703125,snow,snow,0.9746092804684011,0.0,0.025390719531598917,1.0,0.0,0.0
-120.352394689254,38.0360461075386,984.2950439453125,rain,snow,0.6621464785299453,0.0,0.33785352147005465,0.0,0.0,1.0
-120.174885867275,39.3370666914055,1811.2808837890625,snow,snow,0.9970308496463881,0.0,0.0029691503536118766,1.0,0.0,0.0
-120.175917496447,39.3532017228545,1832.049560546875,snow,snow,1.0,0.0,0.0,1.0,0.0,0.0
-119.961529291314,39.2518893415223,2003.246337890625,snow,snow,0.9990568471223534,0.0,0.0009431528776465637,1.0,0.0,0.0
-119.9609565,39.2474613,1922.8812255859375,snow,snow,0.9984588053225905,0.0,0.0015411946774095762,1.0,0.0,0.0
-119.750097473718,39.1853699174653,1433.7567138671875,rain,snow,0.7545605424109486,0.0,0.24543945758905145,0.0,0.0,1.0
-119.822787908921,39.4175945108548,1609.224365234375,snow,snow,0.5409632000987485,0.0,0.4590367999012514,1.0,0.0,0.0
-120.272682393082,39.3277206179121,1945.9403076171875,snow,snow,0.98202670666934,0.0,0.01797329333065993,1.0,0.0,0.0
-120.469,39.8057101,1484.389892578125,snow,snow,1.0,0.0,0.0,1.0,0.0,0.0
-119.811107460632,39.3210390907527,1542.5299072265625,rain,snow,0.873131504120868,0.0,0.1268684958791319,0.0,0.0,1.0
-119.654350056154,39.2984274146463,1912.5635986328125,snow,snow,0.999999999997567,2.432985251735235e-12,0.0,1.0,0.0,0.0
-120.478498950329,39.8765869074597,1795.1607666015625,snow,snow,0.4810164206140936,0.08723874225722683,0.4317448371286796,1.0,0.0,0.0
-120.305696278923,39.3353157118329,2047.0211181640625,snow,snow,1.0,0.0,0.0,1.0,0.0,0.0
-119.989521050208,38.887106995626,1952.5621337890625,snow,snow,1.0,0.0,0.0,1.0,0.0,0.0
-119.948383517582,39.0199677514411,1914.71337890625,snow,snow,1.0,0.0,0.0,1.0,0.0,0.0
-119.811107382295,39.321039136963,1542.5299072265625,snow,mix,0.08510195802723718,0.9148980419727629,0.0,1.0,0.0,0.0
-119.654349951916,39.2984275957193,1912.5635986328125,snow,snow,0.999999999997567,2.43298420420941e-12,0.0,1.0,0.0,0.0
-120.2505709,39.3711125,2037.4736328125,snow,snow,1.0,0.0,0.0,1.0,0.0,0.0
-119.9561422,39.2504621,2003.246337890625,snow,snow,0.996854848972079,0.00314515102792094,0.0,1.0,0.0,0.0
-119.950328507988,39.5248178873982,1538.666748046875,mix,snow,0.9373908743746505,0.01145969931070355,0.05114942631464599,0.0,1.0,0.0
-119.9807331,39.5169946,1517.4693603515625,snow,mix,0.045633641604886435,0.9162022861826182,0.03816407221249534,1.0,0.0,0.0
-120.007133014927,39.2258600393023,1943.2259521484375,snow,snow,0.9806500378091428,0.01934996219085725,0.0,1.0,0.0,0.0
-120.388981325156,39.3135374353832,2107.64111328125,snow,snow,1.0,0.0,0.0,1.0,0.0,0.0
-120.3799133,39.324168,2093.628662109375,snow,snow,1.0,0.0,0.0,1.0,0.0,0.0
-119.8319349,39.6154137,1555.482177734375,rain,rain,0.2640267808718295,0.2388329785054491,0.49714024062272144,0.0,0.0,1.0
-119.8111973,39.3335762,1647.08154296875,mix,snow,1.0,0.0,0.0,0.0,1.0,0.0
-119.9528691,39.2718379,2182.246337890625,snow,snow,0.9861224827012557,0.013877517298744277,0.0,1.0,0.0,0.0
-119.8150315,39.2521408,1536.0491943359375,snow,snow,0.7989079338056225,0.20109206619437744,0.0,1.0,0.0,0.0
-119.925212085006,39.8472433502063,1491.7423095703125,snow,rain,0.2582150516371365,0.18858794400273915,0.5531970043601244,1.0,0.0,0.0
-120.162958220669,39.358181311437,1793.0777587890625,snow,snow,1.0,0.0,0.0,1.0,0.0,0.0
-119.9668986,39.2525806,2016.028076171875,snow,snow,0.997099910022151,0.002900089977848979,0.0,1.0,0.0,0.0
-119.892321540056,38.9798966455108,2223.889892578125,snow,snow,1.0,0.0,0.0,1.0,0.0,0.0
-120.1088444,39.3457027,1855.036376953125,snow,snow,1.0,0.0,0.0,1.0,0.0,0.0
-119.734432546847,39.5792945747639,1362.42431640625,rain,rain,0.2798674312718329,0.18175879139266535,0.5383737773355018,0.0,0.0,1.0
-120.2439742,39.6788924,1505.601806640625,rain,snow,0.7494838023435574,0.14614245247241942,0.10437374518402319,0.0,0.0,1.0
-120.352414588722,38.0360452762072,984.2950439453125,rain,snow,1.0,0.0,0.0,0.0,0.0,1.0
-120.070643065914,39.2378630619555,1922.7923583984375,snow,snow,0.4710401780338025,0.266188336062364,0.26277148590383365,1.0,0.0,0.0
-120.162958220669,39.358181311437,1793.0777587890625,mix,rain,1.1954231283808092e-05,5.45658172755583e-06,0.9999825891869887,0.0,1.0,0.0
-120.4690556,39.8056293,1484.389892578125,mix,snow,0.556744093428406,0.029055178715244323,0.4142007278563497,0.0,1.0,0.0
-120.162791183333,39.35781675,1793.0777587890625,rain,mix,1.2010330356501513e-05,0.9999809528449147,7.03682472873801e-06,0.0,0.0,1.0
-119.9936486,39.5180703,1494.7957763671875,mix,rain,0.0,0.050519310905941126,0.9494806890940589,0.0,1.0,0.0
-119.8644472,39.6412728,1511.9696044921875,rain,rain,0.0,0.39877703949975674,0.6012229605002434,0.0,0.0,1.0
-119.841356815654,39.4996188779842,1451.5361328125,rain,rain,0.020385384895195983,0.2968869408040984,0.6827276743007057,0.0,0.0,1.0
-119.927927090903,39.5207801112688,1500.779541015625,rain,rain,0.0,0.13030690351845564,0.8696930964815444,0.0,0.0,1.0
-119.8487047,39.5975832,1597.0430908203125,mix,rain,0.0,0.016829373624152405,0.9831706263758475,0.0,1.0,0.0
-119.950328507988,39.5248178873982,1538.666748046875,rain,rain,0.0,0.22211680844640896,0.7778831915535911,0.0,0.0,1.0
-119.811106382851,39.3210461443871,1542.5299072265625,mix,rain,0.38670499111989837,0.1625079801479994,0.4507870287321022,0.0,1.0,0.0
-120.45250701,39.66397857,1538.229736328125,rain,snow,0.9999987019909012,1.007525898010091e-06,2.904832008012468e-07,0.0,0.0,1.0
-119.996514380863,38.8703872714866,1950.8565673828125,rain,snow,0.4193579293228127,0.32096882399322335,0.259673246683964,0.0,0.0,1.0
-119.8694411,39.6023915,1591.5308837890625,rain,mix,0.0,0.7921302523878668,0.20786974761213328,0.0,0.0,1.0
-120.4281319,39.6478575,1504.4288330078125,snow,rain,0.48710084851541136,0.016394185719126708,0.49650496576546194,1.0,0.0,0.0
-120.452668250295,39.6639580506312,1538.229736328125,snow,rain,2.570995766018881e-05,1.0073285756027244e-06,0.9999732827137642,1.0,0.0,0.0
-119.9668049,39.2519844,2016.028076171875,snow,snow,0.4758339456590434,0.2999302153627089,0.22423583897824773,1.0,0.0,0.0
-120.23947443071,39.1673118079891,2072.1171875,mix,mix,0.0,0.94180746980084,0.058192530199160014,0.0,1.0,0.0
-119.709368623661,39.5456265845137,1341.52783203125,rain,rain,0.0,0.02340478026059736,0.9765952197394027,0.0,0.0,1.0
-119.7412347,39.5213869,1341.850341796875,rain,rain,0.0,0.027240726458851318,0.9727592735411488,0.0,0.0,1.0
-119.9673756,39.2518267,2016.028076171875,mix,mix,0.0,0.9999812544436277,1.8745556372316387e-05,0.0,1.0,0.0
-119.81639911873,39.3208241718573,1581.5333251953125,rain,mix,0.0,0.634686986175296,0.365313013824704,0.0,0.0,1.0
-119.8694411,39.6023915,1591.5308837890625,rain,rain,0.0,0.07655645134098904,0.9234435486590109,0.0,0.0,1.0
-120.4281319,39.6478575,1504.4288330078125,rain,rain,0.0,0.43755819944728847,0.5624418005527115,0.0,0.0,1.0
-120.352399351137,38.0360441287046,984.2950439453125,rain,mix,0.0,0.8408044714337339,0.15919552856626618,0.0,0.0,1.0
-120.1619962,39.1387479,1920.8233642578125,mix,mix,0.0,0.9404853306789218,0.059514669321078094,0.0,1.0,0.0
-119.950328507988,39.5248178873982,1538.666748046875,rain,rain,0.0,0.14381073704052988,0.8561892629594702,0.0,0.0,1.0
-119.997460210543,38.852382073041,1980.7945556640625,mix,mix,0.0,0.8928295115726177,0.10717048842738236,0.0,1.0,0.0
-119.9667985,39.2519736,2016.028076171875,mix,mix,0.0,0.9999811624308322,1.8837569167807414e-05,0.0,1.0,0.0
-119.870868369673,38.9750850550142,2201.280517578125,mix,mix,0.0,0.8534077465280037,0.1465922534719964,0.0,1.0,0.0
-119.950250882834,39.5247762665004,1538.666748046875,rain,rain,0.37455780563200314,0.0,0.6254421943679969,0.0,0.0,1.0
-119.9516475,39.2503609,1992.6064453125,rain,snow,0.9767294650697845,0.0,0.02327053493021543,0.0,0.0,1.0
-120.381384883958,39.3128185296083,2122.773193359375,rain,rain,0.22140951774714362,0.0,0.7785904822528564,0.0,0.0,1.0
-120.1618198,39.1387209,1920.8233642578125,rain,rain,0.3288994313385641,0.0,0.671100568661436,0.0,0.0,1.0
-119.9573445,39.2692472,2304.838623046875,snow,rain,0.0,0.0,1.0,1.0,0.0,0.0
-120.478492639364,39.8765895233642,1795.1607666015625,rain,rain,0.0,0.0,1.0,0.0,0.0,1.0
-119.95182381246,39.5304397388812,1587.759521484375,rain,rain,0.0,0.0,1.0,0.0,0.0,1.0
-119.927927090903,39.5207801112688,1500.779541015625,rain,rain,0.0,0.0,1.0,0.0,0.0,1.0
-119.9667989,39.2519771,2016.028076171875,mix,rain,0.08276414896805005,0.00948377378361217,0.9077520772483378,0.0,1.0,0.0
-120.382832379585,39.3117286253085,2122.773193359375,mix,rain,0.060635872766431724,0.07185129186892193,0.8675128353646464,0.0,1.0,0.0
-119.9106243,39.3062905,2752.060546875,snow,rain,0.012014433129867132,0.46063762404884256,0.5273479428212903,1.0,0.0,0.0
-119.870868369673,38.9750850550142,2201.280517578125,mix,snow,0.6095089006217701,0.16809583735331762,0.22239526202491236,0.0,1.0,0.0
-120.276885917522,39.3275298877054,1945.9403076171875,rain,mix,0.0800010031805152,0.8056714415686169,0.11432755525086782,0.0,0.0,1.0
-119.950251270922,39.5247765145488,1538.666748046875,rain,mix,0.3277706683154538,0.34015207990174534,0.3320772517828008,0.0,0.0,1.0
-119.99651154419,38.8703894907365,1950.8565673828125,snow,mix,0.0664085592695044,0.7615721713013802,0.17201926942911533,1.0,0.0,0.0
-119.9400281,39.2446903,1933.2171630859375,rain,mix,0.08818339083172126,0.9003591238496914,0.011457485318587271,0.0,0.0,1.0
-120.4689331,39.8056724,1484.389892578125,rain,rain,0.13963498977341826,0.0,0.8603650102265819,0.0,0.0,1.0
-119.996511574359,38.8703897650558,1950.8565673828125,rain,rain,0.4865744792843649,0.0,0.5134255207156351,0.0,0.0,1.0
-119.997460210543,38.852382073041,1980.7945556640625,snow,rain,0.0,0.0,1.0,1.0,0.0,0.0
-119.98951706903,38.887108456312,1952.5621337890625,rain,rain,0.19873232950125042,0.0,0.8012676704987497,0.0,0.0,1.0
-120.162977931723,39.3581289201969,1793.0777587890625,rain,rain,0.2344125886279596,0.0,0.7655874113720403,0.0,0.0,1.0
-119.872995758904,38.9752062259379,2201.280517578125,snow,snow,0.8821059211597673,0.09047291573726003,0.02742116310297257,1.0,0.0,0.0
-119.996511574785,38.8703897326176,1950.8565673828125,snow,snow,0.8877459150312861,0.0715795030325858,0.04067458193612817,1.0,0.0,0.0
-120.5676992,38.3788904,625.4950561523438,rain,snow,0.7978246839446013,0.20217531605539876,0.0,0.0,0.0,1.0
-120.175766118317,39.3532488129721,1832.049560546875,mix,snow,0.9038497147858048,0.0,0.09615028521419525,0.0,1.0,0.0
-120.2505179,39.3711763,2037.4736328125,snow,mix,0.17203610315880424,0.49803238089818175,0.329931515943014,1.0,0.0,0.0
-119.9948286,39.5003416,1509.285400390625,rain,rain,0.05468333395505434,0.03922700118795433,0.9060896648569913,0.0,0.0,1.0
-119.950328507988,39.5248178873982,1538.666748046875,rain,rain,0.043242062227094744,0.032333272513148104,0.9244246652597572,0.0,0.0,1.0
-120.0463538,39.2398624,1898.632080078125,mix,snow,0.5085267483063345,0.4435033158354862,0.047969935858179304,0.0,1.0,0.0
-119.9668082,39.2519942,2016.028076171875,snow,mix,0.04386522606611891,0.8752819647089438,0.08085280922493716,1.0,0.0,0.0
-120.1045752,39.1937495,1957.437744140625,mix,mix,0.25882148250692977,0.689549939984688,0.05162857750838219,0.0,1.0,0.0
-120.3819096,39.3235521,2116.283935546875,mix,mix,0.0010103727474308475,0.9983637843320614,0.000625842920507841,0.0,1.0,0.0
-120.390714,39.325061,2016.658203125,mix,mix,0.000788413468789082,0.9986776191955317,0.0005339673356792384,0.0,1.0,0.0
-120.4056931,39.3234356,2048.87890625,mix,mix,0.0015821156488627218,0.9971732934624525,0.0012445908886847736,0.0,1.0,0.0
-120.4442245,39.3158839,1870.712890625,mix,mix,0.0069488634260396545,0.9848585002775652,0.008192636296395165,0.0,1.0,0.0
-120.686118780075,38.739478505955,892.43505859375,rain,mix,0.0007722738174753067,0.9983420405414163,0.0008856856411084101,0.0,0.0,1.0
-119.997460210543,38.852382073041,1980.7945556640625,snow,mix,0.3711350601154203,0.5380283115316434,0.09083662835293638,1.0,0.0,0.0
-120.5388835,39.3098005,1742.6181640625,mix,mix,0.02262916324342222,0.8984427886763501,0.07892804808022771,0.0,1.0,0.0
-120.083909460898,39.2278769011686,1958.6190185546875,mix,snow,0.8617077531235324,0.13829224687646757,0.0,0.0,1.0,0.0
-120.70396942708,38.7330849046418,894.05859375,mix,rain,0.0007321250450030831,0.0030100316071219957,0.9962578433478749,0.0,1.0,0.0
-120.7369707,39.2528923,1442.6944580078125,rain,mix,0.0,0.9641879376177007,0.03581206238229917,0.0,0.0,1.0
-119.9668167,39.252074,2016.028076171875,snow,snow,0.7998733505765617,0.20012664942343825,0.0,1.0,0.0,0.0
-120.007123679322,39.2258585432842,1943.2259521484375,snow,snow,0.6508011257911273,0.3491988742088728,0.0,1.0,0.0,0.0
-119.9668167,39.252074,2016.028076171875,snow,rain,0.3269967141343876,0.0,0.6730032858656124,1.0,0.0,0.0
-120.2439106,39.6787598,1505.601806640625,rain,rain,0.17015659257991034,0.0,0.8298434074200898,0.0,0.0,1.0
-119.9948286,39.5003416,1509.285400390625,rain,rain,0.15692545628598317,0.0,0.8430745437140169,0.0,0.0,1.0
-119.8693217,39.6024222,1591.5308837890625,rain,rain,0.021817374112313076,0.0,0.978182625887687,0.0,0.0,1.0
-119.841356815654,39.4996188779842,1451.5361328125,rain,rain,0.10395054547429039,0.0,0.8960494545257097,0.0,0.0,1.0
-119.870868369673,38.9750850550142,2201.280517578125,snow,rain,0.33643203120682036,0.0,0.6635679687931797,1.0,0.0,0.0
-120.162966092505,39.3581286761443,1793.0777587890625,rain,snow,0.7625207624228674,0.0,0.23747923757713257,0.0,0.0,1.0
-120.100208375729,39.3565769864185,1798.48291015625,snow,rain,0.06199299527476621,0.0,0.9380070047252338,1.0,0.0,0.0
-119.997460210543,38.852382073041,1980.7945556640625,snow,snow,0.604996567382892,0.0,0.395003432617108,1.0,0.0,0.0
-120.022406258071,39.3948551120609,1664.7598876953125,rain,snow,0.505932754486539,0.0,0.49406724551346104,0.0,0.0,1.0
-119.8643903,39.6412133,1511.9696044921875,rain,rain,0.019202692383757075,0.0,0.980797307616243,0.0,0.0,1.0
-119.749516966998,38.9503613853136,1446.9903564453125,rain,snow,0.9028509287647677,0.0,0.09714907123523236,0.0,0.0,1.0
-120.9688527,38.6639565,416.0556945800781,rain,rain,0.1729346171644558,0.08803807421325102,0.7390273086222933,0.0,0.0,1.0
-119.825752108333,39.5150298467616,1390.4053955078125,rain,rain,0.05861064214895192,0.04018281760950874,0.9012065402415393,0.0,0.0,1.0
-120.162962826356,39.3581285723961,1793.0777587890625,mix,rain,0.42492614467511425,0.0,0.5750738553248858,0.0,1.0,0.0
-119.870868369673,38.9750850550142,2201.280517578125,snow,rain,0.39613242945845367,0.16413017185245962,0.4397373986890868,1.0,0.0,0.0
-120.9819953,39.0433254,689.05712890625,rain,rain,0.17670875288561888,0.12413726648105697,0.6991539806333242,0.0,0.0,1.0
-120.2438312,39.6786421,1505.601806640625,rain,rain,0.10435111224963349,0.1601419132923147,0.7355069744580518,0.0,0.0,1.0
-119.8643979,39.6412825,1511.9696044921875,rain,rain,4.975055550262732e-08,4.3379414195951544e-08,0.9999999068700304,0.0,0.0,1.0
-119.8694271,39.6023889,1591.5308837890625,rain,rain,0.007112478529750507,0.00619036271648711,0.9866971587537624,0.0,0.0,1.0
-119.9668443,39.2519949,2016.028076171875,snow,rain,0.1526003112305306,0.36354530141613534,0.483854387353334,1.0,0.0,0.0
-119.8643838,39.6412071,1511.9696044921875,rain,rain,4.976672042245033e-08,4.3391604150720846e-08,0.9999999068416755,0.0,0.0,1.0
-119.925150895987,39.8469032821103,1491.7423095703125,rain,rain,0.05529830518141165,0.040640010755152514,0.9040616840634359,0.0,0.0,1.0
-120.0623424,39.237424,1904.3968505859375,mix,snow,0.5668234035832416,0.0,0.43317659641675843,0.0,1.0,0.0
-119.5824221,39.2715428,1333.44287109375,rain,rain,0.10959598405160968,0.17081753486642456,0.7195864810819658,0.0,0.0,1.0
-119.749531864321,38.950338963894,1446.9903564453125,rain,rain,0.13031044909123918,0.2500504127400244,0.6196391381687365,0.0,0.0,1.0
-120.352406620795,38.0360351046666,984.2950439453125,rain,rain,0.08406155411369384,0.09861924523665874,0.8173192006496475,0.0,0.0,1.0
-119.8486,39.5977136,1597.0430908203125,rain,rain,0.0019745534515219635,0.0015570404318981758,0.9964684061165798,0.0,0.0,1.0
-120.7827562,38.5112952,515.516845703125,rain,rain,0.12175821538846898,0.13456555484408747,0.7436762297674435,0.0,0.0,1.0
-119.864382,39.6412043,1511.9696044921875,rain,rain,0.00597688336478785,0.004519771788900914,0.9895033448463112,0.0,0.0,1.0
-120.175766118317,39.3532488129721,1832.049560546875,snow,mix,0.0,0.5643931495261868,0.43560685047381315,1.0,0.0,0.0
-119.8694271,39.6023889,1591.5308837890625,rain,rain,0.0019869511822600936,0.0015122570763574724,0.9965007917413824,0.0,0.0,1.0
-120.2258504,37.8591062,849.531494140625,rain,rain,0.0,0.0,1.0,0.0,0.0,1.0
-119.950328507988,39.5248178873982,1538.666748046875,rain,rain,0.0,0.0,1.0,0.0,0.0,1.0
-119.8694271,39.6023889,1591.5308837890625,rain,rain,0.0,0.0,1.0,0.0,0.0,1.0
-119.925351225974,39.8472046305204,1491.7423095703125,rain,rain,0.0,0.0,1.0,0.0,0.0,1.0
-119.8643305,39.6412688,1511.9696044921875,rain,rain,0.0,0.0,1.0,0.0,0.0,1.0
-119.858205509102,37.8757398610785,1410.0882568359375,rain,rain,0.0,0.0,1.0,0.0,0.0,1.0
-120.4689387,39.8056807,1484.389892578125,rain,rain,0.0,0.0,1.0,0.0,0.0,1.0
-119.871590094439,39.5313503428369,1503.12060546875,rain,rain,0.0,0.0,1.0,0.0,0.0,1.0
-119.709401086301,39.5456505602807,1341.52783203125,rain,rain,0.0,0.0,1.0,0.0,0.0,1.0
-119.9977188,39.2360813,1898.474365234375,snow,rain,0.0,0.0,1.0,1.0,0.0,0.0
-120.4689886,39.8057152,1484.389892578125,rain,rain,0.29694264175969104,0.0,0.7030573582403089,0.0,0.0,1.0
-119.8693395,39.6024164,1591.5308837890625,rain,rain,0.4067171788540466,0.0,0.5932828211459534,0.0,0.0,1.0
-119.5121299,39.3119053,1328.7227783203125,rain,rain,0.47401035085430193,0.0,0.5259896491456981,0.0,0.0,1.0
-119.8694599,39.6022666,1591.5308837890625,mix,snow,0.6921272310740434,0.3078697205682531,3.0483577035566056e-06,0.0,1.0,0.0
-119.682298195342,38.9170608842889,1535.7108154296875,rain,rain,0.000540085037534892,0.0,0.9994599149624651,0.0,0.0,1.0
-120.2443427,39.6788523,1505.601806640625,rain,rain,0.21135485950765925,0.3104845410165723,0.47816059947576844,0.0,0.0,1.0
-119.68778204909,38.9157185194919,1515.9644775390625,rain,rain,0.0005541968437198957,0.0,0.9994458031562801,0.0,0.0,1.0
-119.5823829,39.271506,1333.44287109375,rain,rain,0.1301183638768863,0.17536509534203115,0.6945165407810825,0.0,0.0,1.0
-119.8694292,39.6023838,1591.5308837890625,snow,mix,4.1144899953083325e-08,0.9999984610199734,1.4978351267423287e-06,1.0,0.0,0.0
-120.175766118317,39.3532488129721,1832.049560546875,snow,rain,0.34366188564049455,0.16248911934318358,0.4938489950163219,1.0,0.0,0.0
-119.964663295088,39.5244230055273,1480.8189697265625,rain,rain,0.16798114730740038,0.3643872751572172,0.46763157753538237,0.0,0.0,1.0
-119.796838264021,39.5682119656069,1488.3441162109375,mix,mix,0.2524961545581997,0.48776701102197934,0.25973683441982104,0.0,1.0,0.0
-120.4689863,39.8057234,1484.389892578125,rain,rain,0.1617938767486577,0.22548991043699548,0.6127162128143469,0.0,0.0,1.0
-119.885049090452,39.5322178647445,1516.285888671875,rain,mix,0.20799060415750323,0.5288767150399534,0.2631326808025433,0.0,0.0,1.0
-119.9667643,39.2518928,2016.028076171875,snow,rain,0.25273568591865797,0.11734332541233194,0.62992098866901,1.0,0.0,0.0
-119.811107382295,39.321039136963,1542.5299072265625,rain,rain,0.36611171111961827,0.2378613395671288,0.39602694931325294,0.0,0.0,1.0
-119.989524783009,38.8870758361148,1952.5621337890625,snow,rain,0.1947856491762151,0.0,0.805214350823785,1.0,0.0,0.0
-119.8693241,39.6024119,1591.5308837890625,mix,snow,0.8128884643059043,0.187109690219573,1.8454745225452115e-06,0.0,1.0,0.0
-120.162862008674,39.3581697831831,1793.0777587890625,snow,snow,0.9485694175753243,0.02157657663321948,0.029854005791456202,1.0,0.0,0.0
-119.7607622,39.1598807,1422.213134765625,rain,rain,0.15098299734399898,0.04505702002998836,0.8039599826260126,0.0,0.0,1.0
-119.811107382295,39.321039136963,1542.5299072265625,snow,mix,0.005136798082707608,0.9929367424862806,0.0019264594310118178,1.0,0.0,0.0
-119.777881154932,39.3828388552797,1549.0029296875,snow,snow,0.35690356720456784,0.29087262409820785,0.3522238086972243,1.0,0.0,0.0
-119.950328507988,39.5248178873982,1538.666748046875,rain,rain,0.3557122295492162,0.23796821542679283,0.406319555023991,0.0,0.0,1.0
-119.759866371774,39.4444539923572,1369.423095703125,rain,snow,0.6479373051593433,0.1837533787211043,0.16830931611955247,0.0,0.0,1.0
-119.5822859,39.263299,1323.688232421875,rain,rain,0.36074908971425856,0.1305967856161177,0.5086541246696238,0.0,0.0,1.0
-119.8320144,39.6154537,1555.482177734375,mix,rain,0.04572118765661255,0.010230804749358781,0.9440480075940286,0.0,1.0,0.0
-120.100208375729,39.3565769864185,1798.48291015625,snow,snow,0.9448931165798309,0.02465475966257722,0.030452123757591782,1.0,0.0,0.0
-120.5653956,38.7557647,1205.3624267578125,rain,snow,0.683991125391374,0.10981042239229795,0.20619845221632804,0.0,0.0,1.0
-119.8693092,39.6024215,1591.5308837890625,rain,mix,0.04950636270136387,0.8409182506927378,0.10957538660589819,0.0,0.0,1.0
-119.682300148198,38.9170617807604,1535.7108154296875,rain,mix,0.0007458734807679792,0.9984799713072244,0.0007741552120075725,0.0,0.0,1.0
-119.81032929109,39.3246260982452,1569.588134765625,mix,snow,0.9980679424004962,0.0,0.0019320575995037783,0.0,1.0,0.0
-119.7166036,39.1835961,1409.2294921875,rain,rain,0.14242075718207178,0.049589898341816104,0.8079893444761121,0.0,0.0,1.0
-120.022505879718,39.3948723633613,1664.7598876953125,snow,snow,0.8373923074500115,0.06252505932723577,0.10008263322275272,1.0,0.0,0.0
-119.687768870203,38.9157398782146,1515.9644775390625,mix,rain,0.0007603928053837832,0.0,0.9992396071946162,0.0,1.0,0.0
-119.951895576631,39.2549029025024,1992.6064453125,snow,snow,0.9876323343443896,0.00800590821359132,0.004361757442019109,1.0,0.0,0.0
-119.9667643,39.2518928,2016.028076171875,snow,snow,0.9892235712934148,0.006789045420729896,0.003987383285855399,1.0,0.0,0.0
-119.980793384382,38.9396295442177,1908.990234375,snow,rain,0.28691035453119795,0.27014404613441984,0.44294559933438227,1.0,0.0,0.0
-119.682240971573,38.9170346287787,1535.7108154296875,mix,rain,0.09775482009184493,0.021262807754059435,0.8809823721540956,0.0,1.0,0.0
-119.83252138915,39.5193519051513,1379.134033203125,rain,mix,0.09365515364520756,0.5214347706081096,0.3849100757466828,0.0,0.0,1.0
-120.427998,39.647783,1504.4288330078125,mix,snow,0.9999996921238643,1.5548416235896443e-07,1.523919733053005e-07,0.0,1.0,0.0
-119.779918639925,39.5057746938391,1347.0509033203125,rain,rain,0.08219909581453307,0.3263855681797898,0.5914153360056771,0.0,0.0,1.0
-119.831925909155,39.5577327379711,1477.43408203125,mix,rain,0.08382372535046852,0.23926411406124307,0.6769121605882884,0.0,1.0,0.0
-120.4279538,39.647904,1504.4288330078125,snow,mix,8.205995976242018e-07,0.999999026995684,1.524047183540525e-07,1.0,0.0,0.0
-119.749516966998,38.9503613853136,1446.9903564453125,rain,mix,0.12356600307463045,0.7960387193647321,0.08039527756063729,0.0,0.0,1.0
-119.997460210543,38.852382073041,1980.7945556640625,snow,rain,0.2687559184329494,0.29691257714008884,0.43433150442696183,1.0,0.0,0.0
-119.7614914,39.1558828,1420.0274658203125,rain,snow,0.42541429267184,0.38917205741415056,0.18541364991400938,0.0,0.0,1.0
-119.9524235,39.2717717,2182.246337890625,snow,snow,0.939467374895961,0.03268132159042308,0.027851303513615887,1.0,0.0,0.0
-120.4689863,39.8057234,1484.389892578125,snow,snow,0.46672107219770986,0.4610147132722228,0.07226421453006734,1.0,0.0,0.0
-119.9669156,39.2519717,2016.028076171875,snow,snow,0.9463315868813794,0.027195084562540467,0.026473328556080103,1.0,0.0,0.0
-119.7825316,39.2958862,1543.263916015625,mix,snow,0.5446596929355804,0.06095364344130157,0.3943866636231181,0.0,1.0,0.0
-119.8694711,39.6022749,1591.5308837890625,mix,rain,0.09042716333683874,0.27176253002310413,0.6378103066400572,0.0,1.0,0.0
-120.269101127631,38.0564117444515,1192.9775390625,rain,snow,0.49764352044284194,0.24209883422627568,0.2602576453308824,0.0,0.0,1.0
-119.950328507988,39.5248178873982,1538.666748046875,snow,rain,0.0797689889137221,0.44953496894046263,0.4706960421458153,1.0,0.0,0.0
-119.864396,39.641215,1511.9696044921875,rain,mix,0.07365883134913744,0.8141413594401569,0.1121998092107058,0.0,0.0,1.0
-120.102129911705,39.3564722951931,1783.9434814453125,snow,snow,0.6467165659776327,0.20963500487202952,0.1436484291503378,1.0,0.0,0.0
-119.9577246,39.2528732,2003.246337890625,snow,snow,0.9999698285095431,3.0171490456885398e-05,0.0,1.0,0.0,0.0
-120.7829914,38.5112346,515.516845703125,rain,mix,0.32520086385894165,0.6747991361410584,0.0,0.0,0.0,1.0
-120.4689863,39.8057234,1484.389892578125,snow,snow,0.6133244764915752,0.38667552350842493,0.0,1.0,0.0,0.0
-119.810657242346,39.5056623914407,1371.762451171875,mix,mix,0.20179411632527555,0.7982058836747246,0.0,0.0,1.0,0.0
-119.9937741,39.5181914,1494.7957763671875,snow,snow,0.9421430409001181,0.05785695909988181,0.0,1.0,0.0,0.0
-119.868153893117,39.3358874825663,2208.241455078125,snow,snow,0.5774849125380325,0.4225150874619676,0.0,1.0,0.0,0.0
-120.2329895017,39.3238700870256,1825.3636474609375,snow,snow,0.8849176935630452,0.11508230643695487,0.0,1.0,0.0,0.0
-120.565597,38.7557765,1205.3624267578125,mix,snow,0.4747613884000317,0.070834441297269,0.4544041703026993,0.0,1.0,0.0
-119.779632283388,39.5058910738479,1347.0509033203125,mix,mix,0.1628482378420041,0.8371517621579958,0.0,0.0,1.0,0.0
-119.777885674375,39.3828385357899,1549.0029296875,snow,mix,0.10555735081082787,0.8944426491891722,0.0,1.0,0.0,0.0
-120.369739,39.5838555,1511.8182373046875,mix,snow,1.0,0.0,0.0,0.0,1.0,0.0
-119.9577961,39.2533745,2003.246337890625,snow,snow,0.9999698027478658,3.0197252134204952e-05,0.0,1.0,0.0,0.0
-119.756612581416,39.370444653477,1510.1455078125,mix,snow,0.8408110212792526,0.1591889787207475,0.0,0.0,1.0,0.0
-119.95030487756,39.5248308961048,1538.666748046875,snow,snow,0.9681800610645374,0.031819938935462665,0.0,1.0,0.0,0.0
-119.808787616119,39.3371361257895,1647.08154296875,mix,snow,0.8019598300347147,0.19804016996528523,0.0,0.0,1.0,0.0
-119.825418583734,39.3015399771597,1556.5386962890625,snow,mix,0.49883205758617827,0.5011679424138218,0.0,1.0,0.0,0.0
-119.812883040702,39.2420086878644,1534.3056640625,snow,snow,0.5004549231547304,0.4995450768452696,0.0,1.0,0.0,0.0
-119.8775598,39.6593697,1532.5301513671875,snow,snow,0.9744948060755949,0.025505193924405062,0.0,1.0,0.0,0.0
-119.778710064066,39.1997041919906,1458.4097900390625,mix,snow,0.8831335762499379,0.11686642375006204,0.0,0.0,1.0,0.0
-119.8693208,39.6024212,1591.5308837890625,snow,snow,0.888439353657126,0.11156064634287403,0.0,1.0,0.0,0.0
-119.927928219355,39.5207824743461,1500.779541015625,snow,snow,0.9515973652262386,0.04840263477376141,0.0,1.0,0.0,0.0
-119.8643988,39.6412133,1511.9696044921875,snow,snow,0.9708837567533326,0.029116243246667443,0.0,1.0,0.0,0.0
-119.877666571789,39.6593127521625,1532.5301513671875,snow,snow,0.9628807133416019,0.0,0.03711928665839817,1.0,0.0,0.0
-120.3107122,38.7716049,1294.5419921875,rain,snow,0.7537504976140962,0.24624950238590382,0.0,0.0,0.0,1.0
-119.8693208,39.6024212,1591.5308837890625,snow,snow,0.9999993704212203,0.0,6.295787796176135e-07,1.0,0.0,0.0
-119.772824502943,39.1904520308804,1442.8193359375,snow,snow,0.8955545819572843,0.10444541804271565,0.0,1.0,0.0,0.0
-119.78239179815,39.2049252465988,1536.777099609375,snow,snow,0.8328474479267366,0.16715255207326346,0.0,1.0,0.0,0.0
-119.8323553,39.4790508,1471.4849853515625,snow,snow,0.8197431269208877,0.0,0.1802568730791123,1.0,0.0,0.0
-119.801142338298,39.57184055244,1488.3441162109375,snow,snow,0.907193281678234,0.0,0.09280671832176608,1.0,0.0,0.0
-119.811952902678,39.2393983554269,1535.419921875,mix,snow,0.8141595652731967,0.18137301103136308,0.004467423695440242,0.0,1.0,0.0
-119.813938628185,39.2488297372862,1534.3056640625,snow,mix,0.08550251225792338,0.9112204593964068,0.0032770283456697536,1.0,0.0,0.0
-119.815801997619,39.257934166953,1536.0491943359375,mix,snow,0.8396517437228191,0.15509813693889468,0.005250119338286275,0.0,1.0,0.0
-119.819727447304,39.2764437706736,1534.48974609375,snow,mix,0.35460632882692195,0.6211953551691966,0.024198316003881573,1.0,0.0,0.0
-119.813709144459,39.5384862525468,1381.1461181640625,snow,snow,0.9010484080295632,0.0,0.09895159197043688,1.0,0.0,0.0
-119.709401086301,39.5456505602807,1341.52783203125,rain,snow,0.9791812805426164,0.0,0.020818719457383564,0.0,0.0,1.0
-119.810521483012,39.3341802875581,1647.08154296875,snow,snow,0.6645544133654955,0.06932948676428016,0.2661160998702244,1.0,0.0,0.0
-119.791051445402,39.349033649443,1551.164794921875,snow,rain,0.17767300265148264,0.013750445286713268,0.8085765520618041,1.0,0.0,0.0
-119.733816287723,39.579518148791,1362.42431640625,snow,snow,0.5475228115103017,0.0,0.45247718848969837,1.0,0.0,0.0
-119.785963567826,39.3573128949943,1509.23583984375,rain,snow,0.9873791215837172,0.012620878416282871,0.0,0.0,0.0,1.0
-119.9668128,39.2519774,2016.028076171875,snow,snow,0.687281052286356,0.312718947713644,0.0,1.0,0.0,0.0
-119.925212085006,39.8472433502063,1491.7423095703125,snow,snow,0.9215575301909298,0.0,0.07844246980907021,1.0,0.0,0.0
-119.8694541,39.6023882,1591.5308837890625,snow,snow,0.9999993711576844,0.0,6.288423155343035e-07,1.0,0.0,0.0
-120.4689863,39.8057234,1484.389892578125,snow,snow,1.0,0.0,0.0,1.0,0.0,0.0
-120.1950643,39.3213898,1804.74658203125,snow,snow,1.0,0.0,0.0,1.0,0.0,0.0
-120.163050788047,39.3582275021007,1793.0777587890625,snow,snow,1.0,0.0,0.0,1.0,0.0,0.0
-120.1950534,39.3214598,1804.74658203125,snow,snow,1.0,0.0,0.0,1.0,0.0,0.0
-119.9525489,39.2717857,2182.246337890625,snow,snow,1.0,0.0,0.0,1.0,0.0,0.0
-120.076873848361,39.2304877240943,1907.204345703125,snow,snow,1.0,0.0,0.0,1.0,0.0,0.0
-120.10020697235,39.356579762868,1798.48291015625,snow,snow,1.0,0.0,0.0,1.0,0.0,0.0
-120.809686903739,39.2088208017872,1104.9029541015625,rain,snow,0.889794336445797,0.0,0.11020566355420307,0.0,0.0,1.0
-119.8694541,39.6023882,1591.5308837890625,snow,snow,0.9717414490313571,0.0,0.02825855096864302,1.0,0.0,0.0
-120.1427464,39.1760958,1991.058837890625,snow,snow,1.0,0.0,0.0,1.0,0.0,0.0
-119.870868369673,38.9750850550142,2201.280517578125,snow,snow,1.0,0.0,0.0,1.0,0.0,0.0
-120.187718,39.3155868,1840.956298828125,snow,snow,1.0,0.0,0.0,1.0,0.0,0.0
-119.848625,39.5977399,1597.0430908203125,snow,snow,0.9615945894892144,0.0,0.038405410510785616,1.0,0.0,0.0
-119.94223613222,38.9462020306297,1968.659423828125,snow,snow,1.0,0.0,0.0,1.0,0.0,0.0
-119.72462200666,39.6207892808154,1393.6322021484375,snow,rain,0.3457782179695466,0.1515930296419941,0.5026287523884594,1.0,0.0,0.0
-119.830793461688,39.3764511838506,1739.0556640625,snow,snow,0.9914806701765,0.0,0.00851932982350009,1.0,0.0,0.0
-119.724016011772,39.5764399367561,1358.4312744140625,rain,mix,0.458649244586326,0.4712113237467132,0.07013943166696086,0.0,0.0,1.0
-119.823675367474,39.4029672799897,1699.9962158203125,snow,snow,0.778448051594086,0.0,0.22155194840591405,1.0,0.0,0.0
-119.83699399583,39.3751469145126,1771.3431396484375,snow,snow,0.9924308958684571,0.0,0.007569104131542847,1.0,0.0,0.0
-119.9667798,39.2519654,2016.028076171875,snow,snow,1.0,0.0,0.0,1.0,0.0,0.0
-119.781858663454,39.420463448675,1454.221923828125,rain,snow,0.8831739095446217,0.032710862366726684,0.08411522808865156,0.0,0.0,1.0
-119.885049090452,39.5322178647445,1516.285888671875,snow,snow,0.7886065495501854,0.04343033339790872,0.1679631170519059,1.0,0.0,0.0
-120.968852,38.6639558,416.0556945800781,rain,snow,0.7385418010787439,0.0,0.2614581989212562,0.0,0.0,1.0
-119.896747618116,39.3197998179988,2645.622314453125,snow,snow,0.943629940996534,0.0,0.056370059003466,1.0,0.0,0.0
-119.8643909,39.6411893,1511.9696044921875,snow,snow,0.9938080949736958,0.0,0.006191905026304142,1.0,0.0,0.0
-120.4689863,39.8057234,1484.389892578125,snow,snow,1.0,0.0,0.0,1.0,0.0,0.0
-119.709401086301,39.5456505602807,1341.52783203125,mix,rain,0.2801644388356032,0.0,0.7198355611643967,0.0,1.0,0.0
-119.826091109431,39.5155940077359,1390.4053955078125,snow,rain,0.3805310750815067,0.05568213689958931,0.563786788018904,1.0,0.0,0.0
-120.022406258071,39.3948551120609,1664.7598876953125,snow,snow,1.0,0.0,0.0,1.0,0.0,0.0
-119.785397385699,39.505927955131,1347.0509033203125,rain,snow,0.7359071678892918,0.11071329495041031,0.1533795371602979,0.0,0.0,1.0
-119.8708031,39.6473587,1522.3125,snow,snow,0.9943414706243291,0.0,0.005658529375670809,1.0,0.0,0.0
-119.950328507988,39.5248178873982,1538.666748046875,snow,snow,1.0,0.0,0.0,1.0,0.0,0.0
-119.870868369673,38.9750850550142,2201.280517578125,snow,snow,0.9152572678747726,0.08474273212522737,0.0,1.0,0.0,0.0
-119.017167516806,37.6371178204607,2874.640869140625,snow,rain,0.30775452760067923,0.1885780347486325,0.5036674376506882,1.0,0.0,0.0
-119.801142315281,39.5718405563913,1488.3441162109375,snow,snow,0.9813912996621466,0.018608700337853543,0.0,1.0,0.0,0.0
-119.88066465316,39.5316704558851,1516.285888671875,snow,snow,0.9096087194296157,0.09039128057038427,0.0,1.0,0.0,0.0
-119.943000486954,39.2777748771428,2247.71240234375,snow,snow,1.0,0.0,0.0,1.0,0.0,0.0
-119.798700598102,39.5705762124949,1488.3441162109375,snow,snow,0.9773387965185645,0.022661203481435476,0.0,1.0,0.0,0.0
-119.925212085006,39.8472433502063,1491.7423095703125,snow,snow,0.8886659283601366,0.11133407163986339,0.0,1.0,0.0,0.0
-119.787077182035,39.5007792829303,1350.5325927734375,mix,snow,0.9710708411024856,0.028929158897514413,0.0,0.0,1.0,0.0
-119.788762854093,39.5008627187486,1350.5325927734375,snow,mix,0.011266601463163654,0.9887333985368364,0.0,1.0,0.0,0.0
-120.5392433,38.4345425,909.1953125,rain,mix,0.023461129169076778,0.7561853053220569,0.22035356550886637,0.0,0.0,1.0
-119.8108571,39.4973908,1374.2261962890625,snow,mix,0.28146199482826606,0.718538005171734,0.0,1.0,0.0,0.0
-119.860250455825,39.3430600241896,2094.65771484375,snow,snow,0.9318804767357625,0.06811952326423763,0.0,1.0,0.0,0.0
-119.964657250563,39.5243767599856,1480.8189697265625,snow,snow,1.0,0.0,0.0,1.0,0.0,0.0
-119.9674593,39.2517973,2016.028076171875,snow,snow,0.9999905325304547,9.467469545374818e-06,0.0,1.0,0.0,0.0
-119.8323347,39.4789664,1471.4849853515625,snow,snow,0.6853195180969645,0.31468048190303555,0.0,1.0,0.0,0.0
-120.9688492,38.6639485,416.0556945800781,rain,rain,0.08216248467430345,0.10597645492288217,0.8118610604028145,0.0,0.0,1.0
-119.7978785,39.4754599,1379.0013427734375,snow,mix,0.07074897489917616,0.8902873143989966,0.038963710701827345,1.0,0.0,0.0
-119.801243647025,39.5058205625653,1356.7125244140625,mix,snow,0.5010620464650218,0.4989379535349782,0.0,0.0,1.0,0.0
-119.8002069,39.5161408,1359.778076171875,mix,mix,0.498116600030461,0.5018833999695391,0.0,0.0,1.0,0.0
-119.7584114,39.5029673,1341.24169921875,snow,snow,0.9996584127054114,0.0003415872945885576,0.0,1.0,0.0,0.0
-119.929877883319,39.5227786147118,1500.779541015625,snow,snow,1.0,0.0,0.0,1.0,0.0,0.0
-119.830861967169,39.3784004124248,1739.0556640625,snow,snow,0.863946037389784,0.13605396261021602,0.0,1.0,0.0,0.0
-119.783947126022,39.3910253733833,1537.43994140625,snow,snow,0.9298233063423739,0.07017669365762617,0.0,1.0,0.0,0.0
-120.166532076508,39.1421075050921,1993.328857421875,snow,snow,1.0,0.0,0.0,1.0,0.0,0.0
-119.776010382322,39.3909954444218,1490.1783447265625,snow,snow,0.9117233713195693,0.0882766286804308,0.0,1.0,0.0,0.0
-120.103918014202,39.3597865630808,1783.9434814453125,snow,snow,1.0,0.0,0.0,1.0,0.0,0.0
-119.762535955547,39.3951918599212,1460.4608154296875,snow,mix,0.48469022085438745,0.5153097791456126,0.0,1.0,0.0,0.0
-119.7585182,39.5027444,1341.24169921875,snow,snow,0.9996553036093498,0.0003446963906501826,0.0,1.0,0.0,0.0
-119.989635445993,38.8870598511916,1952.5621337890625,snow,snow,0.9951763250996896,0.004823674900310396,0.0,1.0,0.0,0.0
-119.755728775398,39.399878170997,1411.604248046875,mix,snow,0.7962197997061868,0.20378020029381322,0.0,0.0,1.0,0.0
-119.749308815337,39.4097384205455,1378.6759033203125,mix,snow,0.6343101132329981,0.36568988676700187,0.0,0.0,1.0,0.0
-119.746796,39.4250841,1368.7227783203125,snow,mix,0.3151323213156552,0.6358118779055758,0.049055800778768935,1.0,0.0,0.0
-119.781357582041,39.4551761855404,1364.1851806640625,rain,mix,0.105934571722759,0.8940654282772411,0.0,0.0,0.0,1.0
-119.787215060181,39.4653470189157,1370.559814453125,mix,mix,0.006636488744870294,0.9853237791858718,0.008039732069257923,0.0,1.0,0.0
-119.787839050427,39.4662349763067,1370.559814453125,mix,mix,0.007671948293572345,0.9855727845898501,0.006755267116577562,0.0,1.0,0.0
-119.789953982066,39.4784103639405,1367.4193115234375,mix,snow,0.489703776605523,0.4768297756567852,0.03346644773769189,0.0,1.0,0.0
-119.770899307701,39.4337742628535,1398.550537109375,mix,snow,0.44615788557841984,0.36296619773266503,0.1908759166889152,0.0,1.0,0.0
-119.785512996163,39.487734229721,1348.468505859375,mix,mix,0.34741085654522175,0.6525891434547783,0.0,0.0,1.0,0.0
-119.777897020821,39.3828402186655,1549.0029296875,snow,snow,0.9260659981511944,0.07393400184880553,0.0,1.0,0.0,0.0
-119.765890177311,39.4078168149043,1410.70751953125,snow,mix,0.47817233632171385,0.5218276636782861,0.0,1.0,0.0,0.0
-120.686118780075,38.739478505955,892.43505859375,rain,rain,0.016676387996713952,0.023026325381865827,0.9602972866214202,0.0,0.0,1.0
-120.497695139388,38.5045823114554,1265.690673828125,mix,rain,0.03932357489233884,0.0,0.9606764251076613,0.0,1.0,0.0
-119.816184140726,39.5236837820911,1377.3780517578125,snow,mix,0.465123231265291,0.5348767687347091,0.0,1.0,0.0,0.0
-119.927927351705,39.5207848376677,1500.779541015625,snow,snow,1.0,0.0,0.0,1.0,0.0,0.0
-119.817518452259,39.5273009220118,1377.3780517578125,mix,snow,0.9914045090277278,0.008595490972272189,0.0,0.0,1.0,0.0
-119.818029149082,39.5287992074885,1382.0797119140625,snow,mix,0.25876172181910134,0.7412382781808986,0.0,1.0,0.0,0.0
-120.007710380481,38.9085747151363,1912.7034912109375,snow,snow,0.9949093054485174,0.005090694551482613,0.0,1.0,0.0,0.0
-119.822222417182,39.5284470657759,1382.0797119140625,snow,snow,0.6634417824563845,0.3365582175436155,0.0,1.0,0.0,0.0
-120.360797141307,38.2418467970329,1223.895751953125,rain,rain,0.08019534570223961,0.2543771034649781,0.6654275508327824,0.0,0.0,1.0
-119.791634607707,39.5563409214181,1418.4364013671875,mix,snow,0.9481409135195656,0.05185908648043441,0.0,0.0,1.0,0.0
-119.827265220841,39.5393803728319,1420.8555908203125,snow,snow,0.8156932836056058,0.18430671639439425,0.0,1.0,0.0,0.0
-119.9667809,39.2519576,2016.028076171875,snow,snow,0.9999904857449197,9.514255080345895e-06,0.0,1.0,0.0,0.0
-119.781571572365,39.5703292037242,1421.9158935546875,snow,snow,0.7333515138197778,0.26664848618022224,0.0,1.0,0.0,0.0
-119.73462378969,39.5797670360014,1362.42431640625,snow,snow,0.8875868522445405,0.11241314775545942,0.0,1.0,0.0,0.0
-120.1980755,37.8389011,898.8786010742188,rain,rain,0.13108570420100274,0.13332902278725142,0.7355852730117458,0.0,0.0,1.0
-120.689651307236,38.695362319957,809.8617553710938,rain,rain,0.015203304754690897,0.02949568699866125,0.9553010082466479,0.0,0.0,1.0
-119.72462200666,39.6207892808154,1393.6322021484375,snow,snow,0.9104984780045133,0.08950152199548662,0.0,1.0,0.0,0.0
-119.831268629087,39.53127034989,1395.3599853515625,snow,snow,0.8225787595808325,0.17742124041916757,0.0,1.0,0.0,0.0
-119.734405381277,39.5444679863704,1342.1070556640625,snow,snow,0.788703037898403,0.21129696210159693,0.0,1.0,0.0,0.0
-119.807496793158,39.1962211934373,1641.729248046875,snow,mix,0.36087579678990933,0.6391242032100908,0.0,1.0,0.0,0.0
-119.8486085,39.5977339,1597.0430908203125,snow,snow,0.8858511669711382,0.11414883302886179,0.0,1.0,0.0,0.0
-119.7516343,39.1928823,1433.7567138671875,mix,snow,1.0,0.0,0.0,0.0,1.0,0.0
-119.859342646918,39.4963789265416,1479.0650634765625,snow,snow,0.955580064378945,0.044419935621054986,0.0,1.0,0.0,0.0
-119.856964834401,39.4842555354796,1560.6016845703125,snow,snow,0.9633900215644404,0.036609978435559506,0.0,1.0,0.0,0.0
-120.5654283,38.7558407,1205.3624267578125,snow,snow,0.7971106669748194,0.10478847776200094,0.09810085526317966,1.0,0.0,0.0
-119.858138006933,39.4831281996493,1560.6016845703125,snow,snow,0.5678014625304799,0.0,0.43219853746952014,1.0,0.0,0.0
-119.7583569,39.5030506,1341.24169921875,snow,snow,0.7180094901546503,0.0,0.28199050984534973,1.0,0.0,0.0
-119.765890177311,39.4078168149043,1410.70751953125,snow,snow,0.8201538088686253,0.0,0.17984619113137473,1.0,0.0,0.0
-119.925212085006,39.8472433502063,1491.7423095703125,snow,snow,0.7951737214541067,0.0,0.2048262785458934,1.0,0.0,0.0
-119.950284680036,39.5247926556191,1538.666748046875,snow,snow,0.5409342226805411,0.0,0.4590657773194588,1.0,0.0,0.0
-120.070643065914,39.2378630619555,1922.7923583984375,snow,snow,0.8930676011295225,0.06693137106610703,0.040001027804370495,1.0,0.0,0.0
-119.877385918547,39.6591137101898,1532.5301513671875,snow,snow,0.9568428349859218,0.0,0.043157165014078264,1.0,0.0,0.0
-119.997460210543,38.852382073041,1980.7945556640625,snow,snow,0.8016546515299183,0.19834534847008173,0.0,1.0,0.0,0.0
-119.725011788613,39.6206109097578,1393.6322021484375,rain,snow,0.8933733611627399,0.0,0.10662663883726019,0.0,0.0,1.0
-119.9668098,39.2519864,2016.028076171875,snow,snow,0.8556810494998157,0.10144948997953408,0.04286946052065029,1.0,0.0,0.0
-119.869435,39.6023983,1591.5308837890625,snow,snow,0.8146094973431928,0.0,0.1853905026568073,1.0,0.0,0.0
-119.880221558745,39.5318791422292,1516.285888671875,rain,snow,0.9638850900616294,0.0,0.03611490993837066,0.0,0.0,1.0
-120.391058437273,37.9991506827425,616.7647094726562,rain,snow,0.8984978046769116,0.10150219532308823,0.0,0.0,0.0,1.0
-119.750184103106,39.1854324075072,1433.7567138671875,snow,mix,0.07986709584605566,0.9135451361434971,0.006587768010447298,1.0,0.0,0.0
-119.761572,39.1561006,1420.0274658203125,mix,snow,0.9942232582162853,0.0,0.005776741783714757,0.0,1.0,0.0
-119.8643934,39.6411936,1511.9696044921875,snow,snow,0.95046837132908,0.0,0.04953162867091998,1.0,0.0,0.0
-119.7520353,39.1905714,1433.7567138671875,mix,snow,0.6606683119141945,0.0,0.3393316880858056,0.0,1.0,0.0
-120.4689863,39.8057234,1484.389892578125,snow,snow,0.8474847140176232,0.05467537641060111,0.09783990957177577,1.0,0.0,0.0
-119.8644548,39.6412396,1511.9696044921875,snow,snow,0.9999999719104163,1.3116170137426685e-08,1.4973413564295256e-08,1.0,0.0,0.0
-120.9819715,39.0433333,689.05712890625,rain,snow,0.8726271772176009,0.12737282278239923,0.0,0.0,0.0,1.0
-119.5082916,39.3120511,1324.5926513671875,rain,snow,0.6112027592189786,0.38879724078102146,0.0,0.0,0.0,1.0
-119.723906620666,38.8876944256014,1494.5767822265625,snow,mix,0.3523423806555474,0.4217058529578685,0.22595176638658415,1.0,0.0,0.0
-119.993668,39.5181886,1494.7957763671875,snow,snow,0.9870213311143984,0.007317982559029851,0.005660686326571821,1.0,0.0,0.0
-119.950284794974,39.5247924474003,1538.666748046875,snow,snow,0.9863605514979076,0.00744686401528752,0.006192584486804883,1.0,0.0,0.0
-119.925377576856,39.8472149688546,1491.7423095703125,snow,snow,0.9360578995475791,0.029738227666817874,0.034203872785603,1.0,0.0,0.0
-119.8643975,39.6412113,1511.9696044921875,snow,snow,0.9999999719048472,1.3118240793873857e-08,1.4976911855038855e-08,1.0,0.0,0.0
-119.858274002913,37.876104598353,1410.0882568359375,mix,snow,0.6082118740508767,0.14951345796712365,0.2422746679819997,0.0,1.0,0.0
-119.7520331,39.1905682,1433.7567138671875,snow,snow,0.90699738087397,0.09300261912603013,0.0,1.0,0.0,0.0
-119.8485481,39.5976297,1597.0430908203125,snow,snow,1.0,0.0,0.0,1.0,0.0,0.0
-119.746525903477,38.9475896960472,1446.9903564453125,mix,snow,1.0,0.0,0.0,0.0,1.0,0.0
-119.950284802192,39.5247924339733,1538.666748046875,snow,snow,1.0,0.0,0.0,1.0,0.0,0.0
-120.173153955812,38.0745629156965,1445.8310546875,mix,snow,0.8228140609113728,0.17718593908862734,0.0,0.0,1.0,0.0
-119.746127200635,38.9452863060269,1446.9903564453125,snow,mix,0.00037054636052310326,0.999629453639477,0.0,1.0,0.0,0.0
-119.993668,39.5181886,1494.7957763671875,snow,snow,1.0,0.0,0.0,1.0,0.0,0.0
-119.980794761423,38.9396293878642,1908.990234375,snow,snow,0.6693698144701795,0.3306301855298205,0.0,1.0,0.0,0.0
-119.7825468,39.2958732,1543.263916015625,snow,snow,1.0,0.0,0.0,1.0,0.0,0.0
-119.8694286,39.6023837,1591.5308837890625,snow,snow,1.0,0.0,0.0,1.0,0.0,0.0
-119.7441867,39.5601021,1356.5489501953125,snow,snow,0.9628070658112957,0.0,0.03719293418870426,1.0,0.0,0.0
-119.8485998,39.5977195,1597.0430908203125,snow,snow,1.0,0.0,0.0,1.0,0.0,0.0
-119.720931355151,39.5765502370982,1364.1478271484375,snow,snow,1.0,0.0,0.0,1.0,0.0,0.0
-119.709401086301,39.5456505602807,1341.52783203125,snow,snow,1.0,0.0,0.0,1.0,0.0,0.0
-119.807903051376,39.5470867156982,1414.559814453125,rain,snow,1.0,0.0,0.0,0.0,0.0,1.0
-119.820755010283,39.5507623948955,1425.5679931640625,snow,snow,0.7647280892999282,0.0,0.2352719107000718,1.0,0.0,0.0
-119.801127334205,39.5718374921773,1488.3441162109375,snow,snow,0.7607541609847769,0.0,0.23924583901522317,1.0,0.0,0.0
-119.697266218353,39.5547635732077,1362.3389892578125,snow,snow,1.0,0.0,0.0,1.0,0.0,0.0
-119.733816287723,39.579518148791,1362.42431640625,snow,snow,1.0,0.0,0.0,1.0,0.0,0.0
-119.8320224,39.6154443,1555.482177734375,snow,snow,0.9775954423994186,0.0,0.022404557600581465,1.0,0.0,0.0
-119.819717340108,39.5444370583847,1401.09716796875,snow,snow,0.7276284302039183,0.0,0.2723715697960817,1.0,0.0,0.0
-119.79291534,39.52579498,1359.1929931640625,snow,snow,0.8466334369826855,0.0,0.15336656301731455,1.0,0.0,0.0
-119.929877883319,39.5227786147118,1500.779541015625,snow,snow,1.0,0.0,0.0,1.0,0.0,0.0
-119.8485703,39.5978028,1597.0430908203125,snow,snow,1.0,0.0,0.0,1.0,0.0,0.0
-119.72462200666,39.6207892808154,1393.6322021484375,snow,snow,1.0,0.0,0.0,1.0,0.0,0.0
-119.8055116,39.5138171,1359.778076171875,snow,snow,0.925793647554394,0.0,0.07420635244560607,1.0,0.0,0.0
-119.6973766,39.6253485,1365.6988525390625,snow,snow,1.0,0.0,0.0,1.0,0.0,0.0
-119.87158981547,39.5313501108505,1503.12060546875,snow,snow,0.8925887441639104,0.0,0.10741125583608968,1.0,0.0,0.0
-119.826379639043,39.5152398487424,1390.4053955078125,snow,snow,0.9140864320137506,0.0,0.0859135679862494,1.0,0.0,0.0
-119.7582127,39.5024835,1341.24169921875,snow,snow,0.9160082948921278,0.0,0.08399170510787228,1.0,0.0,0.0
-119.765894946985,39.4078187752015,1410.70751953125,snow,snow,1.0,0.0,0.0,1.0,0.0,0.0
-119.8644014,39.6412104,1511.9696044921875,snow,snow,1.0,0.0,0.0,1.0,0.0,0.0
-119.734405381277,39.5444679863704,1342.1070556640625,snow,snow,0.9690370005808064,0.0,0.030962999419193653,1.0,0.0,0.0
-119.8323619,39.4790455,1471.4849853515625,snow,snow,0.9289677839457787,0.0,0.07103221605422123,1.0,0.0,0.0
-119.841356815654,39.4996188779842,1451.5361328125,snow,snow,1.0,0.0,0.0,1.0,0.0,0.0
-119.7842449,39.4908264,1345.801513671875,snow,snow,1.0,0.0,0.0,1.0,0.0,0.0
-119.9592491,39.2543136,2003.246337890625,snow,snow,1.0,0.0,0.0,1.0,0.0,0.0
-119.8082712,39.509522,1367.3824462890625,snow,snow,1.0,0.0,0.0,1.0,0.0,0.0
-119.749516966998,38.9503613853136,1446.9903564453125,mix,snow,1.0,0.0,0.0,0.0,1.0,0.0
-119.687768870203,38.9157398782146,1515.9644775390625,snow,snow,0.9940523447352698,0.005947655264730152,0.0,1.0,0.0,0.0
-119.749594768788,38.9503591683307,1446.9903564453125,snow,mix,2.1091575128364015e-06,0.9999978908424872,0.0,1.0,0.0,0.0
-119.682162569036,38.9169947260748,1535.7108154296875,snow,snow,0.9945969953625607,0.005403004637439159,0.0,1.0,0.0,0.0
-119.809214049048,39.572777680923,1493.806640625,snow,snow,1.0,0.0,0.0,1.0,0.0,0.0
-119.823675367474,39.4029672799897,1699.9962158203125,snow,snow,1.0,0.0,0.0,1.0,0.0,0.0
-119.7468746,39.4250309,1368.7227783203125,snow,snow,1.0,0.0,0.0,1.0,0.0,0.0
-119.8279816,39.4918871,1421.2965087890625,snow,snow,1.0,0.0,0.0,1.0,0.0,0.0
-119.8313564,39.4955172,1421.2965087890625,snow,snow,1.0,0.0,0.0,1.0,0.0,0.0
-119.777898853041,39.3828414970966,1549.0029296875,snow,snow,1.0,0.0,0.0,1.0,0.0,0.0
-119.9592577,39.2542976,2003.246337890625,snow,snow,1.0,0.0,0.0,1.0,0.0,0.0
-119.8644515,39.641249,1511.9696044921875,snow,snow,1.0,0.0,0.0,1.0,0.0,0.0
-119.8070518,39.5056178,1371.762451171875,snow,snow,1.0,0.0,0.0,1.0,0.0,0.0
-119.817733,39.587812,1543.5855712890625,snow,snow,1.0,0.0,0.0,1.0,0.0,0.0
-119.750099780298,39.5454813516319,1346.665771484375,snow,snow,1.0,0.0,0.0,1.0,0.0,0.0
-120.4690012,39.8056338,1484.389892578125,snow,snow,1.0,0.0,0.0,1.0,0.0,0.0
-119.8319755,39.6154737,1555.482177734375,snow,snow,1.0,0.0,0.0,1.0,0.0,0.0
-119.8694286,39.6023837,1591.5308837890625,snow,snow,1.0,0.0,0.0,1.0,0.0,0.0
-119.8168061,39.5251214,1377.3780517578125,snow,snow,1.0,0.0,0.0,1.0,0.0,0.0
-119.801127334596,39.5718374920804,1488.3441162109375,snow,snow,1.0,0.0,0.0,1.0,0.0,0.0
-119.707343404739,39.5508527235463,1345.26025390625,snow,snow,1.0,0.0,0.0,1.0,0.0,0.0
-119.6933398,39.5717889,1426.196044921875,snow,snow,1.0,0.0,0.0,1.0,0.0,0.0
-119.8485993,39.5976983,1597.0430908203125,snow,snow,1.0,0.0,0.0,1.0,0.0,0.0
-119.8644136,39.6412062,1511.9696044921875,snow,snow,1.0,0.0,0.0,1.0,0.0,0.0
-119.925361687924,39.8472179552373,1491.7423095703125,snow,snow,1.0,0.0,0.0,1.0,0.0,0.0
-119.728938035861,39.4187249454806,1365.783447265625,snow,snow,1.0,0.0,0.0,1.0,0.0,0.0
-119.7627893,39.1570067,1420.0274658203125,snow,snow,0.9867799071986528,0.01322009280134713,0.0,1.0,0.0,0.0
-119.9667949,39.2519848,2016.028076171875,snow,snow,1.0,0.0,0.0,1.0,0.0,0.0
-119.7587094,39.1882605,1433.7567138671875,snow,snow,0.9848585645397693,0.015141435460230812,0.0,1.0,0.0,0.0
-120.686118780075,38.739478505955,892.43505859375,rain,snow,1.0,0.0,0.0,0.0,0.0,1.0
-120.176986757785,39.3403685139523,1818.37109375,snow,snow,1.0,0.0,0.0,1.0,0.0,0.0
-120.08390817757,39.227886066496,1958.6190185546875,snow,snow,1.0,0.0,0.0,1.0,0.0,0.0
-119.950328507988,39.5248178873982,1538.666748046875,snow,snow,1.0,0.0,0.0,1.0,0.0,0.0
-119.801127334596,39.5718374920804,1488.3441162109375,snow,snow,1.0,0.0,0.0,1.0,0.0,0.0
-119.5083053,39.3120028,1324.5926513671875,mix,snow,1.0,0.0,0.0,0.0,1.0,0.0
-119.781787601116,39.4204892560541,1454.221923828125,snow,snow,1.0,0.0,0.0,1.0,0.0,0.0
-119.7825468,39.2958732,1543.263916015625,snow,snow,1.0,0.0,0.0,1.0,0.0,0.0
-119.8363666,39.4930943,1451.5361328125,snow,snow,1.0,0.0,0.0,1.0,0.0,0.0
-119.929877883319,39.5227786147118,1500.779541015625,snow,snow,1.0,0.0,0.0,1.0,0.0,0.0
-119.765755035374,39.4079383281942,1410.70751953125,snow,snow,1.0,0.0,0.0,1.0,0.0,0.0
-119.9668263,39.2520555,2016.028076171875,snow,snow,1.0,0.0,0.0,1.0,0.0,0.0
-119.968354753548,39.5207391619585,1480.8189697265625,snow,snow,1.0,0.0,0.0,1.0,0.0,0.0
-119.948381798147,39.0199695343539,1914.71337890625,snow,snow,1.0,0.0,0.0,1.0,0.0,0.0
-120.4690012,39.8056338,1484.389892578125,snow,snow,1.0,0.0,0.0,1.0,0.0,0.0
-120.038357954031,39.2470463153111,1926.0313720703125,snow,snow,1.0,0.0,0.0,1.0,0.0,0.0
-120.792473638538,39.2183841677346,1217.7698974609375,snow,snow,0.8401927036635707,0.0,0.15980729633642932,1.0,0.0,0.0
-119.8694286,39.6023837,1591.5308837890625,snow,snow,1.0,0.0,0.0,1.0,0.0,0.0
-119.8127532,39.5000524,1371.762451171875,snow,snow,1.0,0.0,0.0,1.0,0.0,0.0
-119.8486124,39.5976311,1597.0430908203125,snow,snow,1.0,0.0,0.0,1.0,0.0,0.0
-119.8363492,39.493045,1451.5361328125,snow,snow,1.0,0.0,0.0,1.0,0.0,0.0
-120.163044593965,39.3582348868616,1793.0777587890625,snow,snow,1.0,0.0,0.0,1.0,0.0,0.0
-120.100305092836,39.3565872834422,1798.48291015625,snow,snow,1.0,0.0,0.0,1.0,0.0,0.0
-119.894845964942,37.43892117396,611.9118041992188,mix,snow,0.8263544956834505,0.0,0.1736455043165495,0.0,1.0,0.0
-119.709424039758,39.5456038112147,1341.52783203125,snow,snow,1.0,0.0,0.0,1.0,0.0,0.0
-119.8643847,39.6411703,1511.9696044921875,snow,snow,1.0,0.0,0.0,1.0,0.0,0.0
-119.87158981547,39.5313501108505,1503.12060546875,snow,snow,1.0,0.0,0.0,1.0,0.0,0.0
-119.831947,39.6154363,1555.482177734375,snow,snow,1.0,0.0,0.0,1.0,0.0,0.0
-119.724600525231,39.6208008949787,1393.6322021484375,snow,snow,1.0,0.0,0.0,1.0,0.0,0.0
-119.81568441586,39.6413027670483,1595.3031005859375,snow,snow,1.0,0.0,0.0,1.0,0.0,0.0
-119.829259930164,39.5113576604753,1390.4053955078125,snow,snow,1.0,0.0,0.0,1.0,0.0,0.0
-119.9668132,39.2519894,2016.028076171875,snow,snow,1.0,0.0,0.0,1.0,0.0,0.0
-119.885049572562,39.5322190834822,1516.285888671875,snow,snow,1.0,0.0,0.0,1.0,0.0,0.0
-120.1362221,39.4437891,1763.386474609375,snow,snow,1.0,0.0,0.0,1.0,0.0,0.0
-119.8694286,39.6023837,1591.5308837890625,snow,snow,1.0,0.0,0.0,1.0,0.0,0.0
-119.760997967434,39.4031795023008,1432.6331787109375,snow,snow,1.0,0.0,0.0,1.0,0.0,0.0
-119.964655894611,39.5243777129086,1480.8189697265625,snow,snow,1.0,0.0,0.0,1.0,0.0,0.0
-119.765755051819,39.4079382957635,1410.70751953125,snow,snow,1.0,0.0,0.0,1.0,0.0,0.0
-119.9668492,39.2520521,2016.028076171875,snow,snow,1.0,0.0,0.0,1.0,0.0,0.0
-120.7830093,38.5112433,515.516845703125,rain,snow,0.7956230450174386,0.0,0.20437695498256137,0.0,0.0,1.0
-119.728938035861,39.4187249454806,1365.783447265625,snow,snow,1.0,0.0,0.0,1.0,0.0,0.0
-119.927927351705,39.5207848376677,1500.779541015625,snow,snow,1.0,0.0,0.0,1.0,0.0,0.0
-119.993668,39.5181886,1494.7957763671875,snow,snow,1.0,0.0,0.0,1.0,0.0,0.0
-119.950328507988,39.5248178873982,1538.666748046875,snow,snow,1.0,0.0,0.0,1.0,0.0,0.0
-120.1911645,37.8367917,872.5946044921875,rain,snow,0.6595950297114108,0.0,0.34040497028858924,0.0,0.0,1.0
-119.8693033,39.6023432,1591.5308837890625,snow,snow,1.0,0.0,0.0,1.0,0.0,0.0
-119.697263810056,39.5791563222229,1438.1224365234375,snow,snow,1.0,0.0,0.0,1.0,0.0,0.0
-119.8177261,39.5878095,1543.5855712890625,snow,snow,1.0,0.0,0.0,1.0,0.0,0.0
-119.8643736,39.6411687,1511.9696044921875,snow,snow,1.0,0.0,0.0,1.0,0.0,0.0
-119.838068470932,39.5027394125159,1414.5765380859375,snow,snow,1.0,0.0,0.0,1.0,0.0,0.0
-119.893528769522,39.5347286901071,1531.3826904296875,snow,snow,1.0,0.0,0.0,1.0,0.0,0.0
-120.4690012,39.8056338,1484.389892578125,snow,snow,1.0,0.0,0.0,1.0,0.0,0.0
-119.749516966998,38.9503613853136,1446.9903564453125,snow,snow,1.0,0.0,0.0,1.0,0.0,0.0
-119.9668492,39.2520521,2016.028076171875,snow,snow,1.0,0.0,0.0,1.0,0.0,0.0
-119.709423978757,39.5456159621076,1341.52783203125,snow,snow,0.9783483793384222,0.021651620661577813,0.0,1.0,0.0,0.0
-119.8643792,39.6411706,1511.9696044921875,snow,snow,0.9972825590521261,0.0027174409478738257,0.0,1.0,0.0,0.0
-119.212363194672,39.5819499877842,1285.4288330078125,mix,snow,1.0,0.0,0.0,0.0,1.0,0.0
-119.8693033,39.6023432,1591.5308837890625,snow,snow,0.999999983953324,1.604667596237544e-08,0.0,1.0,0.0,0.0
-119.811106890338,39.3210391522129,1542.5299072265625,snow,snow,1.0,0.0,0.0,1.0,0.0,0.0
-119.681115048874,39.6345010216347,1381.0489501953125,snow,snow,0.973911068211351,0.026088931788649048,0.0,1.0,0.0,0.0
-119.8693105,39.6024074,1591.5308837890625,snow,snow,0.999999983953823,1.604617700752406e-08,0.0,1.0,0.0,0.0
-120.352382962611,38.0360368799529,984.2950439453125,rain,snow,1.0,0.0,0.0,0.0,0.0,1.0
-119.966847,39.2520035,2016.028076171875,snow,snow,1.0,0.0,0.0,1.0,0.0,0.0
-119.997460210543,38.852382073041,1980.7945556640625,snow,snow,1.0,0.0,0.0,1.0,0.0,0.0
-119.7467135,39.4250838,1368.7227783203125,snow,snow,1.0,0.0,0.0,1.0,0.0,0.0
-119.968328502444,39.6941819623659,1549.4569091796875,snow,snow,1.0,0.0,0.0,1.0,0.0,0.0
-120.100309976332,39.3565968915593,1798.48291015625,snow,snow,1.0,0.0,0.0,1.0,0.0,0.0
-119.766757147052,39.1793706169204,1440.6163330078125,snow,snow,1.0,0.0,0.0,1.0,0.0,0.0
-119.8644018,39.6411767,1511.9696044921875,snow,snow,1.0,0.0,0.0,1.0,0.0,0.0
-119.749516966998,38.9503613853136,1446.9903564453125,snow,snow,1.0,0.0,0.0,1.0,0.0,0.0
-119.966847,39.2520035,2016.028076171875,snow,snow,1.0,0.0,0.0,1.0,0.0,0.0
-120.951093831399,39.9368349785017,1042.9046630859375,mix,snow,0.9392218694844686,0.0,0.0607781305155314,0.0,1.0,0.0
-119.997460210543,38.852382073041,1980.7945556640625,snow,snow,0.8327567572566359,0.05045780323145438,0.11678543951190973,1.0,0.0,0.0
-120.352387504675,38.0360360559977,984.2950439453125,rain,snow,0.9127908977995425,0.08720910220045758,0.0,0.0,0.0,1.0
-119.8643947,39.6412181,1511.9696044921875,snow,snow,0.9975404657905865,0.0019058376148166508,0.0005536965945968646,1.0,0.0,0.0
-119.869298,39.6023986,1591.5308837890625,snow,snow,0.99756338992966,0.001857478380164654,0.0005791316901753559,1.0,0.0,0.0
-119.9667426,39.2520575,2016.028076171875,snow,snow,0.9275667585758709,0.043409117206706024,0.029024124217423026,1.0,0.0,0.0
-120.1427666,39.1761224,1991.058837890625,snow,snow,0.9501436303928588,0.0,0.04985636960714122,1.0,0.0,0.0
-120.4690012,39.8056338,1484.389892578125,snow,snow,0.9244404601393212,0.0,0.07555953986067883,1.0,0.0,0.0
-119.997460210543,38.852382073041,1980.7945556640625,snow,snow,0.9083280704693023,0.0,0.09167192953069758,1.0,0.0,0.0
-120.1894176,37.8407377,872.5946044921875,rain,snow,1.0,0.0,0.0,0.0,0.0,1.0
-120.824003886747,39.567930669948,999.898681640625,snow,snow,0.7215024186417054,0.14102163166123666,0.137475949697058,1.0,0.0,0.0
-120.931190483333,39.1346016,806.7713012695312,rain,mix,0.3159607810929204,0.6840392189070796,0.0,0.0,0.0,1.0
-120.9194336,39.13858795,851.8356323242188,mix,snow,0.6490636787577093,0.0,0.3509363212422907,0.0,1.0,0.0
-120.911926266667,39.1439972,899.9420166015625,snow,mix,0.3146645154630407,0.5688956190711024,0.11643986546585691,1.0,0.0,0.0
-120.900184633333,39.1501693666667,859.9096069335938,snow,snow,0.675889380868294,0.22618925336627993,0.09792136576542612,1.0,0.0,0.0
-120.4689972,39.8057224,1484.389892578125,snow,snow,0.8010322467200781,0.10051342181291059,0.09845433146701134,1.0,0.0,0.0
-120.686118780075,38.739478505955,892.43505859375,snow,snow,0.6125364441387539,0.19387023997516623,0.1935933158860799,1.0,0.0,0.0
-120.953053839703,39.200846734359,741.2722778320312,snow,snow,0.5260942897000709,0.2396847049472352,0.23422100535269397,1.0,0.0,0.0
-120.689651307236,38.695362319957,809.8617553710938,snow,rain,0.1928498903607955,0.0,0.8071501096392045,1.0,0.0,0.0
-120.951094584376,39.9368351856574,1042.9046630859375,snow,snow,0.9177658665532723,0.0,0.08223413344672775,1.0,0.0,0.0
-120.10020697235,39.356579762868,1798.48291015625,snow,snow,0.980767449647824,0.0,0.019232550352175994,1.0,0.0,0.0
-120.7830022,38.511243,515.516845703125,rain,snow,1.0,0.0,0.0,0.0,0.0,1.0
-120.982063300746,39.3125324877562,970.83740234375,snow,snow,0.8512320239020675,0.0,0.1487679760979324,1.0,0.0,0.0
-119.9667374,39.2519785,2016.028076171875,snow,snow,0.9796074522644526,0.0,0.0203925477355474,1.0,0.0,0.0
-120.038358657525,39.2470462013747,1926.0313720703125,snow,snow,1.0,0.0,0.0,1.0,0.0,0.0
-120.689651307236,38.695362319957,809.8617553710938,snow,snow,1.0,0.0,0.0,1.0,0.0,0.0
-120.007133157154,39.2258715288047,1943.2259521484375,snow,snow,1.0,0.0,0.0,1.0,0.0,0.0
-119.961526793774,39.2518947364056,2003.246337890625,snow,snow,1.0,0.0,0.0,1.0,0.0,0.0
-119.858208026363,37.8757393454132,1410.0882568359375,snow,snow,1.0,0.0,0.0,1.0,0.0,0.0
-119.9667374,39.2519785,2016.028076171875,snow,snow,1.0,0.0,0.0,1.0,0.0,0.0
-119.950328507988,39.5248178873982,1538.666748046875,snow,snow,1.0,0.0,0.0,1.0,0.0,0.0
-120.951099265337,39.9368371624098,1042.9046630859375,snow,snow,1.0,0.0,0.0,1.0,0.0,0.0
-120.64433736189,38.7166573008688,951.689697265625,snow,snow,1.0,0.0,0.0,1.0,0.0,0.0
-119.9557721,39.2557502,2003.246337890625,snow,snow,1.0,0.0,0.0,1.0,0.0,0.0
-119.997460210543,38.852382073041,1980.7945556640625,snow,snow,0.9083944306964953,0.09160556930350466,0.0,1.0,0.0,0.0
-119.9557787,39.2560633,2003.246337890625,snow,snow,0.9625992834981045,0.03740071650189546,0.0,1.0,0.0,0.0
-120.1427621,39.1761166,1991.058837890625,snow,snow,0.9472098760954537,0.05279012390454631,0.0,1.0,0.0,0.0
-120.953060295162,39.2008452074574,741.2722778320312,mix,snow,1.0,0.0,0.0,0.0,1.0,0.0
-120.953060262538,39.2008452329815,741.2722778320312,rain,snow,0.514410277687157,0.04151519950876459,0.4440745228040785,0.0,0.0,1.0
-120.9688722,38.6639832,416.0556945800781,rain,snow,0.7892075040041356,0.038796105662367984,0.17199639033349634,0.0,0.0,1.0
-119.927927351705,39.5207848376677,1500.779541015625,rain,snow,0.8581072757040799,0.020356527594634237,0.12153619670128601,0.0,0.0,1.0
-119.9667861,39.2519921,2016.028076171875,snow,rain,0.09303143860156134,0.02649793528738852,0.8804706261110502,1.0,0.0,0.0
-120.1911803,37.8369531,872.5946044921875,mix,rain,0.4670755596952588,0.0,0.5329244403047413,0.0,1.0,0.0
-120.686118780075,38.739478505955,892.43505859375,snow,rain,0.06678208762746558,0.040028472071122666,0.8931894403014118,1.0,0.0,0.0
-120.225104845428,38.0416576132852,1151.58544921875,snow,snow,0.4344893937253131,0.18581041365304812,0.3797001926216388,1.0,0.0,0.0
-120.4689711,39.805615,1484.389892578125,snow,snow,0.8400230665581596,0.15997693344184044,0.0,1.0,0.0,0.0
-120.689651307236,38.695362319957,809.8617553710938,snow,rain,0.2143062817748072,0.1794018584921543,0.6062918597330386,1.0,0.0,0.0
-119.966803,39.2519836,2016.028076171875,snow,snow,0.9290167859507406,0.07098321404925942,0.0,1.0,0.0,0.0
-120.9688178,38.6639189,416.0556945800781,rain,snow,0.6212993354011921,0.18267334025468293,0.19602732434412504,0.0,0.0,1.0
-119.950328507988,39.5248178873982,1538.666748046875,snow,snow,0.9800569684731872,0.0199430315268127,0.0,1.0,0.0,0.0
-120.906570433333,39.1471901,929.8777465820312,snow,snow,0.7003224563969567,0.2382780799650543,0.0613994636379891,1.0,0.0,0.0
-120.913887016667,39.1418495166667,899.9420166015625,snow,mix,0.4540166416929199,0.4814889408202157,0.06449441748686444,1.0,0.0,0.0
-120.923461916667,39.13890075,819.0388793945312,mix,snow,0.5173560233832595,0.35422635473909114,0.12841762187764943,0.0,1.0,0.0
-120.933044433333,39.13370895,806.7713012695312,mix,rain,0.15915910634684768,0.38924033579287265,0.4516005578602797,0.0,1.0,0.0
-120.938583366667,39.12602615,727.7178344726562,rain,mix,0.09807856362265893,0.6022336634285463,0.2996877729487947,0.0,0.0,1.0
-120.226760292538,39.3660763744631,1933.7366943359375,snow,snow,0.8989098597701951,0.10109014022980485,0.0,1.0,0.0,0.0
-120.943992616667,39.1151962333333,708.225830078125,rain,rain,0.10553033591011779,0.28966315918764896,0.6048065049022332,0.0,0.0,1.0
-119.8693255,39.6023949,1591.5308837890625,snow,snow,0.9819923884469324,0.018007611553067626,0.0,1.0,0.0,0.0
-120.4689858,39.8057275,1484.389892578125,snow,snow,0.9561354466288126,0.0,0.04386455337118749,1.0,0.0,0.0
-119.925215912313,39.8472423146836,1491.7423095703125,snow,snow,0.9826575436976251,0.0,0.017342456302374784,1.0,0.0,0.0
-120.9688619,38.6639599,416.0556945800781,rain,snow,1.0,0.0,0.0,0.0,0.0,1.0
-119.8486188,39.5976668,1597.0430908203125,snow,snow,0.9838035054777616,0.0,0.016196494522238328,1.0,0.0,0.0
-119.9516666,39.2508517,1992.6064453125,snow,snow,0.9812835793954768,0.0,0.018716420604523255,1.0,0.0,0.0
-120.100204609908,39.3565774480491,1798.48291015625,snow,snow,0.9821839368438957,0.0,0.01781606315610421,1.0,0.0,0.0
-120.953059652161,39.2008429268268,741.2722778320312,mix,mix,0.25759431179987285,0.7424056882001271,0.0,0.0,1.0,0.0
-120.283836115614,37.9876392825793,866.4822387695312,mix,snow,0.9912115211344792,0.008788478865520848,0.0,0.0,1.0,0.0
-120.792473638538,39.2183841677346,1217.7698974609375,snow,mix,0.10671709306567918,0.8932829069343209,0.0,1.0,0.0,0.0
-120.268878333257,37.9976685723049,922.6795043945312,snow,mix,0.0010015322447927254,0.9989984677552073,0.0,1.0,0.0,0.0
-119.9669145,39.2520366,2016.028076171875,snow,snow,1.0,0.0,0.0,1.0,0.0,0.0
-120.162960713223,39.3581811979174,1793.0777587890625,snow,snow,1.0,0.0,0.0,1.0,0.0,0.0
-120.903046211523,39.1443478575505,929.8777465820312,mix,mix,0.29772359740060483,0.7022764025993952,0.0,0.0,1.0,0.0
-120.175592473891,39.3532461518422,1832.049560546875,snow,snow,1.0,0.0,0.0,1.0,0.0,0.0
-119.687768870203,38.9157398782146,1515.9644775390625,snow,snow,1.0,0.0,0.0,1.0,0.0,0.0
-119.997460210543,38.852382073041,1980.7945556640625,snow,snow,1.0,0.0,0.0,1.0,0.0,0.0
-119.9667906,39.251947,2016.028076171875,snow,snow,1.0,0.0,0.0,1.0,0.0,0.0
-119.7615698,39.1560568,1420.0274658203125,snow,snow,1.0,0.0,0.0,1.0,0.0,0.0
-120.1914535,37.8369036,872.5946044921875,mix,snow,0.5060749906553875,0.49392500934461253,0.0,0.0,1.0,0.0
-119.950328507988,39.5248178873982,1538.666748046875,snow,snow,1.0,0.0,0.0,1.0,0.0,0.0
-119.687768870203,38.9157398782146,1515.9644775390625,snow,snow,0.9619349066144315,0.0,0.038065093385568495,1.0,0.0,0.0
-119.9668143,39.2519951,2016.028076171875,snow,snow,0.9999917444012327,0.0,8.255598767224846e-06,1.0,0.0,0.0
-120.143728421959,39.167933992782,1916.4578857421875,snow,snow,0.9822552355714479,0.0,0.01774476442855206,1.0,0.0,0.0
-120.957487353749,39.0159080220113,588.9312744140625,rain,snow,0.7487656003063657,0.0,0.25123439969363437,0.0,0.0,1.0
-119.927927351705,39.5207848376677,1500.779541015625,snow,snow,0.9993200420292874,0.0,0.0006799579707125508,1.0,0.0,0.0
-120.269101127631,38.0564117444515,1192.9775390625,snow,snow,0.5473475074993139,0.0,0.4526524925006861,1.0,0.0,0.0
-119.9936076,39.5180636,1494.7957763671875,snow,snow,0.9994712555605729,0.0,0.0005287444394269659,1.0,0.0,0.0
-119.964901183649,39.5243344305907,1480.8189697265625,snow,snow,0.9996264365312387,0.0,0.000373563468761371,1.0,0.0,0.0
-119.9638514,39.2516853,2016.028076171875,snow,snow,0.9999917873193596,0.0,8.212680640460804e-06,1.0,0.0,0.0
-120.163061878198,39.3582098500035,1793.0777587890625,snow,snow,0.9866289873877906,0.0,0.01337101261220944,1.0,0.0,0.0
-120.783007,38.5112405,515.516845703125,rain,snow,0.7136774843310305,0.0,0.2863225156689695,0.0,0.0,1.0
-119.950296646891,39.5248034946087,1538.666748046875,snow,snow,1.0,0.0,0.0,1.0,0.0,0.0
-120.4689888,39.8057203,1484.389892578125,snow,snow,1.0,0.0,0.0,1.0,0.0,0.0
-119.9637053,39.2519628,2016.028076171875,snow,snow,1.0,0.0,0.0,1.0,0.0,0.0
-119.808178855491,39.5282173278469,1371.004638671875,snow,snow,1.0,0.0,0.0,1.0,0.0,0.0
-120.10075834424,39.3565007271587,1798.48291015625,snow,snow,1.0,0.0,0.0,1.0,0.0,0.0
-120.070643065914,39.2378630619555,1922.7923583984375,snow,snow,1.0,0.0,0.0,1.0,0.0,0.0
-119.840646335654,39.4997435858799,1451.5361328125,snow,snow,1.0,0.0,0.0,1.0,0.0,0.0
-119.808229808359,39.5280514978552,1371.004638671875,snow,snow,1.0,0.0,0.0,1.0,0.0,0.0
-119.822812731621,39.3154304815106,1581.5333251953125,snow,snow,1.0,0.0,0.0,1.0,0.0,0.0
-119.8517456,39.4853553833333,1527.5068359375,snow,snow,1.0,0.0,0.0,1.0,0.0,0.0
-119.781773495404,39.4205708425384,1454.221923828125,snow,snow,1.0,0.0,0.0,1.0,0.0,0.0
-120.4689888,39.8057203,1484.389892578125,snow,snow,0.7807609210276217,0.0,0.2192390789723783,1.0,0.0,0.0
-119.929877883319,39.5227786147118,1500.779541015625,snow,snow,0.9791537020864554,0.0,0.020846297913544705,1.0,0.0,0.0
-120.957487353749,39.0159080220113,588.9312744140625,rain,rain,0.28470336606282576,0.0,0.7152966339371742,0.0,0.0,1.0
-120.1914567,37.8369031,872.5946044921875,rain,rain,0.3193788167328355,0.0,0.6806211832671645,0.0,0.0,1.0
-119.9670605,39.2520143,2016.028076171875,snow,snow,0.8506235799346186,0.0,0.1493764200653815,1.0,0.0,0.0
-120.7827896,38.5112408,515.516845703125,rain,rain,0.09503233842427349,0.0,0.9049676615757264,0.0,0.0,1.0
-119.869339,39.6024165,1591.5308837890625,snow,snow,0.9812054515217467,0.0,0.018794548478253303,1.0,0.0,0.0
-120.9688664,38.6639796,416.0556945800781,rain,rain,0.08893246802944074,0.0,0.9110675319705592,0.0,0.0,1.0
-120.7830027,38.5112412,515.516845703125,rain,snow,1.0,0.0,0.0,0.0,0.0,1.0
-119.6974044,39.6253491,1365.6988525390625,snow,snow,1.0,0.0,0.0,1.0,0.0,0.0
-119.858311714074,37.8766884188484,1410.0882568359375,snow,snow,0.9539792806288925,0.0,0.04602071937110757,1.0,0.0,0.0
-120.1914141,37.8368967,872.5946044921875,snow,snow,0.9583729740613689,0.0,0.04162702593863111,1.0,0.0,0.0
-119.9668372,39.2519766,2016.028076171875,snow,snow,1.0,0.0,0.0,1.0,0.0,0.0
-120.2440471,39.6788365,1505.601806640625,snow,snow,1.0,0.0,0.0,1.0,0.0,0.0
-120.162960713223,39.3581811979174,1793.0777587890625,snow,snow,1.0,0.0,0.0,1.0,0.0,0.0
-119.74059214917,38.9381880423117,1454.7825927734375,snow,snow,1.0,0.0,0.0,1.0,0.0,0.0
-119.964660495207,39.524381293265,1480.8189697265625,snow,snow,1.0,0.0,0.0,1.0,0.0,0.0
-119.929877883319,39.5227786147118,1500.779541015625,snow,snow,1.0,0.0,0.0,1.0,0.0,0.0
-120.352378022705,38.0360439532364,984.2950439453125,snow,snow,0.900523867248668,0.0,0.09947613275133206,1.0,0.0,0.0
-119.88504986307,39.5322190666787,1516.285888671875,snow,snow,1.0,0.0,0.0,1.0,0.0,0.0
-119.9937067,39.5181843,1494.7957763671875,snow,snow,1.0,0.0,0.0,1.0,0.0,0.0
-119.929877883319,39.5227786147118,1500.779541015625,snow,snow,1.0,0.0,0.0,1.0,0.0,0.0
-119.68778204909,38.9157185194919,1515.9644775390625,snow,snow,1.0,0.0,0.0,1.0,0.0,0.0
-119.803257446011,39.5180111140646,1359.778076171875,snow,snow,1.0,0.0,0.0,1.0,0.0,0.0
-119.968328502444,39.6941819623659,1549.4569091796875,snow,snow,0.9954869651724833,0.004513034827516739,0.0,1.0,0.0,0.0
-119.8643932,39.6412093,1511.9696044921875,snow,snow,1.0,0.0,0.0,1.0,0.0,0.0
-119.8694064,39.6024016,1591.5308837890625,snow,snow,1.0,0.0,0.0,1.0,0.0,0.0
-119.980793969391,38.9396250596553,1908.990234375,snow,snow,1.0,0.0,0.0,1.0,0.0,0.0
-119.8642696,39.6411947,1511.9696044921875,snow,snow,1.0,0.0,0.0,1.0,0.0,0.0
-120.4690123,39.8057278,1484.389892578125,snow,snow,0.802866768283736,0.19713323171626398,0.0,1.0,0.0,0.0
-120.951087135305,39.9368391247489,1042.9046630859375,mix,snow,1.0,0.0,0.0,0.0,1.0,0.0
-120.957487353749,39.0159080220113,588.9312744140625,rain,mix,0.09916976763479174,0.9008302323652083,0.0,0.0,0.0,1.0
-120.689651307236,38.695362319957,809.8617553710938,mix,rain,0.08032315302730969,0.0,0.9196768469726904,0.0,1.0,0.0
-119.925321790562,39.8472028751664,1491.7423095703125,snow,rain,0.0,0.44238682168119153,0.5576131783188084,1.0,0.0,0.0
-119.709401086301,39.5456505602807,1341.52783203125,snow,snow,1.0,0.0,0.0,1.0,0.0,0.0
-119.68778204909,38.9157185194919,1515.9644775390625,snow,snow,1.0,0.0,0.0,1.0,0.0,0.0
-119.765898585031,39.4078234268979,1410.70751953125,snow,snow,1.0,0.0,0.0,1.0,0.0,0.0
-119.777882685517,39.3828449048846,1549.0029296875,snow,snow,1.0,0.0,0.0,1.0,0.0,0.0
-119.989585571756,38.8870465529854,1952.5621337890625,snow,snow,1.0,0.0,0.0,1.0,0.0,0.0
-119.997460210543,38.852382073041,1980.7945556640625,snow,snow,1.0,0.0,0.0,1.0,0.0,0.0
-119.7617087,39.1559959,1420.0274658203125,snow,snow,1.0,0.0,0.0,1.0,0.0,0.0
-119.997460210543,38.852382073041,1980.7945556640625,snow,snow,1.0,0.0,0.0,1.0,0.0,0.0
-119.811109392136,39.3210450934021,1542.5299072265625,snow,snow,1.0,0.0,0.0,1.0,0.0,0.0
-119.9541692,39.2526503,2003.246337890625,snow,snow,1.0,0.0,0.0,1.0,0.0,0.0
-119.9467734,39.2498648,1927.8106689453125,snow,snow,1.0,0.0,0.0,1.0,0.0,0.0
-119.7467835,39.4250671,1368.7227783203125,snow,snow,1.0,0.0,0.0,1.0,0.0,0.0
-119.788636558795,39.3544184057732,1691.99462890625,snow,snow,1.0,0.0,0.0,1.0,0.0,0.0
-119.841356815654,39.4996188779842,1451.5361328125,snow,mix,0.486094569716923,0.513905430283077,0.0,1.0,0.0,0.0
-119.8079333,39.5366982,1371.004638671875,mix,snow,1.0,0.0,0.0,0.0,1.0,0.0
-119.789135152556,39.4767188080437,1367.4193115234375,snow,snow,0.6369930120701084,0.36300698792989167,0.0,1.0,0.0,0.0
-119.961526909776,39.251894472078,2003.246337890625,snow,snow,1.0,0.0,0.0,1.0,0.0,0.0
-119.8485921,39.5976961,1597.0430908203125,snow,snow,1.0,0.0,0.0,1.0,0.0,0.0
-119.722627895382,39.6214123245961,1393.6322021484375,snow,snow,1.0,0.0,0.0,1.0,0.0,0.0
-119.783026446493,39.5073026368657,1347.0509033203125,snow,snow,1.0,0.0,0.0,1.0,0.0,0.0
-119.9668187,39.2519807,2016.028076171875,snow,snow,1.0,0.0,0.0,1.0,0.0,0.0
-120.255458855593,39.3592672029065,2037.10009765625,snow,snow,0.9349386309624713,0.0,0.06506136903752875,1.0,0.0,0.0
-120.266035500065,39.1887363279358,2432.888671875,snow,snow,0.8662745237195995,0.0,0.1337254762804006,1.0,0.0,0.0
-119.779572285602,39.4560543894818,1364.1851806640625,snow,snow,0.9976706075917724,0.0,0.0023293924082276414,1.0,0.0,0.0
-119.855266011836,39.4827731205125,1560.6016845703125,snow,snow,0.9974891333247252,0.0,0.0025108666752747537,1.0,0.0,0.0
-119.9667536,39.2519858,2016.028076171875,snow,snow,0.9366515945157305,0.0,0.06334840548426945,1.0,0.0,0.0
-119.812124459317,39.4766267695068,1392.6644287109375,snow,snow,0.9984571394214015,0.0,0.0015428605785984982,1.0,0.0,0.0
-120.3783181,38.7684707,1159.484375,rain,rain,0.005082601665438736,0.0,0.9949173983345613,0.0,0.0,1.0
-120.3563418,38.7655293,1202.1072998046875,rain,rain,0.00513111008457799,0.0,0.9948688899154221,0.0,0.0,1.0
-119.848608,39.5977215,1597.0430908203125,snow,snow,0.9884935322124399,0.0,0.011506467787560202,1.0,0.0,0.0
-119.961526909776,39.251894472078,2003.246337890625,snow,snow,0.9997089551823459,0.00012392345136968353,0.00016712136628435222,1.0,0.0,0.0
-119.753328821065,39.5431951058752,1346.665771484375,rain,snow,0.7707443541207489,0.22925564587925107,0.0,0.0,0.0,1.0
-119.781773495404,39.4205708425384,1454.221923828125,snow,rain,0.42786732602459426,0.13144197381508374,0.440690700160322,1.0,0.0,0.0
-119.697388,39.6253461,1365.6988525390625,snow,rain,0.1568108652213171,0.28489898144407194,0.558290153334611,1.0,0.0,0.0
-119.8948446497,37.4389191177266,611.9118041992188,mix,snow,0.7126651129613999,0.1373119850719165,0.15002290196668372,0.0,1.0,0.0
-119.8643959,39.6412313,1511.9696044921875,mix,snow,0.6058761575036927,0.00137893807130691,0.3927449044250004,0.0,1.0,0.0
-119.9670471,39.251767,2016.028076171875,snow,snow,0.9997117496217609,0.00012334306944066252,0.0001649073087984602,1.0,0.0,0.0
-120.9816029,39.044077,689.05712890625,rain,mix,0.0,1.0,0.0,0.0,0.0,1.0
-120.23917613664,37.971363821053,805.6617431640625,mix,mix,0.0,0.8063434138919894,0.19365658610801065,0.0,1.0,0.0
-119.894834062255,37.4388947225832,611.9118041992188,mix,mix,0.0,0.9023799530842622,0.09762004691573778,0.0,1.0,0.0
-119.9668314,39.2520336,2016.028076171875,snow,snow,0.9998334400825258,0.0,0.00016655991747414127,1.0,0.0,0.0
-119.9525524,39.2717873,2182.246337890625,snow,snow,0.9998369967057898,0.0,0.00016300329421017727,1.0,0.0,0.0
-119.894844649695,37.4389191177263,611.9118041992188,rain,snow,1.0,0.0,0.0,0.0,0.0,1.0
-119.925409252913,39.8472802458568,1491.7423095703125,snow,snow,0.9712328510077568,0.0,0.028767148992243148,1.0,0.0,0.0
-119.9668254,39.2520064,2016.028076171875,snow,snow,1.0,0.0,0.0,1.0,0.0,0.0
-119.952511,39.2719432,2182.246337890625,snow,snow,1.0,0.0,0.0,1.0,0.0,0.0
-119.9351848,38.9730195,1965.334716796875,snow,snow,1.0,0.0,0.0,1.0,0.0,0.0
-119.80889,39.57357,1493.806640625,snow,snow,1.0,0.0,0.0,1.0,0.0,0.0
-119.9409346,38.9600045,1925.515625,snow,snow,1.0,0.0,0.0,1.0,0.0,0.0
-119.9630791,39.2533591,2016.028076171875,rain,rain,0.0,0.0,1.0,0.0,0.0,1.0
-119.949746,38.9382133,1944.6693115234375,rain,rain,0.0,0.0,1.0,0.0,0.0,1.0
-119.996519482298,38.8704076241599,1950.8565673828125,rain,rain,0.0,0.0,1.0,0.0,0.0,1.0
-119.799326775251,39.5708363719623,1488.3441162109375,mix,rain,0.4443594072690349,0.0,0.5556405927309651,0.0,1.0,0.0
-119.79938787462,39.5708455461264,1488.3441162109375,snow,rain,0.0,0.0777355732936339,0.9222644267063661,1.0,0.0,0.0
-119.799376181489,39.5708562075787,1488.3441162109375,rain,snow,0.9046532124692812,0.09534678753071885,0.0,0.0,0.0,1.0
-119.811689974356,39.3214876149394,1542.5299072265625,snow,mix,0.18762515395634305,0.8123748460436571,0.0,1.0,0.0,0.0
-119.811533695255,39.3215909578379,1542.5299072265625,mix,snow,0.667975036750422,0.3320249632495779,0.0,0.0,1.0,0.0
-119.811618454863,39.3217527897547,1542.5299072265625,mix,snow,0.9997008305039435,0.0002991694960564624,0.0,0.0,1.0,0.0
-119.811925682294,39.3211631402071,1542.5299072265625,mix,snow,0.6138747711956618,0.38612522880433825,0.0,0.0,1.0,0.0
-119.811617766201,39.3217499246871,1542.5299072265625,snow,mix,0.00011800981092367459,0.9998819901890764,0.0,1.0,0.0,0.0
-119.697264727178,39.5547654249225,1362.3389892578125,rain,rain,0.0,0.0,1.0,0.0,0.0,1.0
-119.734020144732,39.5795111638143,1362.42431640625,rain,rain,0.0,0.0,1.0,0.0,0.0,1.0
-119.728930003708,39.4187198200239,1365.783447265625,rain,rain,0.0,0.0,1.0,0.0,0.0,1.0
-120.022406258071,39.3948551120609,1664.7598876953125,snow,snow,0.9999869853893445,4.041025404272352e-06,8.973585251246678e-06,1.0,0.0,0.0
-119.8255152,39.4921184,1421.2965087890625,rain,rain,0.22517687793386432,0.08389063328716767,0.6909324887789681,0.0,0.0,1.0
-119.773644139909,39.4351474383077,1398.550537109375,mix,snow,0.9987772875319202,0.0,0.0012227124680798834,0.0,1.0,0.0
-119.765891244475,39.4078130990723,1410.70751953125,snow,snow,0.5700057311985651,0.35305899651211753,0.07693527228931737,1.0,0.0,0.0
-119.9667757,39.2517804,2016.028076171875,snow,snow,0.754096787079536,0.09400359514041444,0.15189961778004968,1.0,0.0,0.0
-119.772278050875,39.4342207800299,1398.550537109375,snow,mix,0.006676561594925565,0.9921572850126791,0.0011661533923953463,1.0,0.0,0.0
-120.022916541212,39.3948301777217,1664.7598876953125,snow,snow,0.9999870354080117,4.025014093873993e-06,8.939577894465607e-06,1.0,0.0,0.0
-119.7981783,39.4803116,1379.0013427734375,rain,rain,0.3204273230783028,0.13408862339547598,0.5454840535262212,0.0,0.0,1.0
-119.747143165375,39.4457167510686,1354.9398193359375,snow,snow,0.5207993349375071,0.37265981403483334,0.10654085102765967,1.0,0.0,0.0
-120.2443615,39.6789445,1505.601806640625,snow,snow,0.817017036138812,0.18298296386118784,0.0,1.0,0.0,0.0
-119.925246508084,39.8472339102361,1491.7423095703125,snow,snow,0.49558493142731935,0.3818038084301274,0.12261126014255329,1.0,0.0,0.0
-119.831922380143,39.5577382760441,1477.43408203125,mix,mix,0.3253726446082728,0.5691893052967689,0.10543805009495832,0.0,1.0,0.0
-119.950319867108,39.5248225190953,1538.666748046875,snow,snow,0.8330141213148351,0.15444870672577654,0.012537171959388312,1.0,0.0,0.0
-119.9672555,39.2516869,2016.028076171875,snow,snow,0.9936113743586366,0.006388625641363475,0.0,1.0,0.0,0.0
-120.175706789263,39.3532649754038,1832.049560546875,snow,snow,0.8344092835512475,0.16559071644875245,0.0,1.0,0.0,0.0
-119.9808833,39.5169506,1517.4693603515625,snow,snow,0.8731191047589768,0.1268808952410233,0.0,1.0,0.0,0.0
-119.745951460453,39.4435630327054,1356.8773193359375,mix,snow,0.5893319054495865,0.3657359055124182,0.04493218903799542,0.0,1.0,0.0
-119.73393763711,39.5795307367872,1362.42431640625,rain,mix,6.689171110835674e-07,0.9999993310828889,0.0,0.0,0.0,1.0
-120.47843921756,39.8764899161917,1795.1607666015625,snow,snow,0.8567705558503612,0.1432294441496388,0.0,1.0,0.0,0.0
-119.765738286733,39.4077935170988,1410.70751953125,snow,mix,0.038663622544268125,0.9290168287836789,0.03231954867205304,1.0,0.0,0.0
-119.6974045,39.6253599,1365.6988525390625,snow,mix,0.024942283833840492,0.6969164731557049,0.2781412430104546,1.0,0.0,0.0
-119.733962370037,39.5795668339437,1362.42431640625,mix,rain,6.693660187109519e-07,1.7479861734006746e-05,0.9999818507722473,0.0,1.0,0.0
-119.841356815654,39.4996188779842,1451.5361328125,mix,mix,0.11134342416186627,0.8886565758381337,0.0,0.0,1.0,0.0
-119.99746173819,38.8523733403096,1980.7945556640625,snow,snow,0.7818006349767038,0.2181993650232962,0.0,1.0,0.0,0.0
-119.894854154428,39.5307921262286,1531.3826904296875,snow,mix,0.4064121996464184,0.5632664153554451,0.03032138499813655,1.0,0.0,0.0
-119.743514766522,39.5859541940615,1414.6666259765625,mix,mix,0.019740578722227224,0.5011398396433953,0.4791195816343776,0.0,1.0,0.0
-119.8255957,39.4921189,1421.2965087890625,mix,mix,0.07413181659043236,0.9123277964662643,0.013540386943303312,0.0,1.0,0.0
-119.750186100162,39.1854284147362,1433.7567138671875,snow,snow,0.7397962332119837,0.2602037667880163,0.0,1.0,0.0,0.0
-119.9515277,39.2507996,1992.6064453125,snow,snow,0.9933639157314893,0.006636084268510764,0.0,1.0,0.0,0.0
-120.23186610954,38.018018018018,1084.9864501953125,rain,snow,0.8287815326573276,0.17121846734267254,0.0,0.0,0.0,1.0
-119.8530567,39.4945381,1479.0650634765625,snow,snow,0.6797284645442789,0.3056773783360844,0.014594157119636781,1.0,0.0,0.0
-119.7471609,39.4250576,1368.7227783203125,snow,snow,0.9299866993363514,0.057180386647228215,0.012832914016420399,1.0,0.0,0.0
-120.007684993908,39.5274345493404,1521.617431640625,snow,snow,0.9385580679951998,0.043461289919137,0.01798064208566323,1.0,0.0,0.0
-119.9808195,39.516873,1517.4693603515625,snow,snow,0.9200200045474054,0.058144592791648936,0.021835402660945736,1.0,0.0,0.0
-119.803837481598,39.5528259377709,1396.88232421875,rain,snow,0.6669624741512427,0.3330375258487574,0.0,0.0,0.0,1.0
-119.750188979166,39.1853914514534,1433.7567138671875,snow,snow,0.8612583531324514,0.13874164686754875,0.0,1.0,0.0,0.0
-119.95556052528,38.9097402129917,1956.0849609375,snow,snow,1.0,0.0,0.0,1.0,0.0,0.0
-119.8255957,39.4921189,1421.2965087890625,mix,mix,2.100286751252267e-05,0.9999782945837243,7.025487632093466e-07,0.0,1.0,0.0
-119.733935870213,39.579531262352,1362.42431640625,snow,snow,0.5825922424611337,0.15228428127862637,0.26512347626024,1.0,0.0,0.0
-119.9636199,39.2523225,2016.028076171875,snow,snow,0.9999095542625932,9.044573740680862e-05,0.0,1.0,0.0,0.0
-119.986021304779,39.6800233030282,1552.726806640625,snow,snow,0.8360017478627445,0.06813685239688014,0.09586139974037541,1.0,0.0,0.0
-119.6974178,39.625387,1365.6988525390625,snow,snow,0.7617654091901698,0.11102183348094168,0.12721275732888856,1.0,0.0,0.0
-120.100168701032,39.3565974273495,1798.48291015625,snow,snow,0.8543174398465463,0.1456825601534537,0.0,1.0,0.0,0.0
-119.946987264557,38.960922829387,1902.406005859375,snow,snow,1.0,0.0,0.0,1.0,0.0,0.0
-119.841356815654,39.4996188779842,1451.5361328125,snow,mix,0.4914982921205202,0.49456957355185227,0.013932134327627469,1.0,0.0,0.0
-119.765881545117,39.4078131497897,1410.70751953125,snow,snow,0.9232586096115838,0.0633607360832889,0.013380654305127379,1.0,0.0,0.0
-119.771531519476,39.4392336971687,1379.3941650390625,snow,snow,0.8589628540035777,0.12072729657970463,0.020309849416717665,1.0,0.0,0.0
-119.8255305,39.4921035,1421.2965087890625,mix,mix,2.0880200417217673e-05,0.9999784172809274,7.025186554382899e-07,0.0,1.0,0.0
-119.9668155,39.2519857,2016.028076171875,snow,snow,0.9999104556102534,8.954438974657236e-05,0.0,1.0,0.0,0.0
-119.8644035,39.6412194,1511.9696044921875,snow,snow,0.6339647360184025,0.16990305405106407,0.19613220993053335,1.0,0.0,0.0
-119.980831950084,38.9396199012668,1908.990234375,snow,snow,0.8644590300790583,0.0,0.13554096992094172,1.0,0.0,0.0
-119.858210341652,37.8755973483051,1410.0882568359375,snow,snow,0.8128967275374943,0.0,0.18710327246250574,1.0,0.0,0.0
-119.7606006,39.1598412,1422.213134765625,snow,snow,0.7618958481957261,0.0,0.23810415180427397,1.0,0.0,0.0
-119.8363158,39.4930725,1451.5361328125,snow,rain,0.02711828133348331,0.014640373210401191,0.9582413454561155,1.0,0.0,0.0
-119.893331263289,39.5508477865885,1662.9447021484375,snow,rain,0.28501253715045866,0.10202428824088504,0.6129631746086563,1.0,0.0,0.0
-119.8484856,39.5977228,1597.0430908203125,snow,snow,0.40421073723271295,0.262733736779131,0.333055525988156,1.0,0.0,0.0
-119.8258635,39.4922873,1421.2965087890625,rain,snow,0.9475633227233785,0.015697840037484253,0.03673883723913722,0.0,0.0,1.0
-120.176986757785,39.3403685139523,1818.37109375,snow,snow,0.700786547053007,0.07976702846946092,0.21944642447753204,1.0,0.0,0.0
-119.781752695742,39.420619213201,1454.221923828125,snow,rain,0.407508071061026,0.09878172027503439,0.4937102086639397,1.0,0.0,0.0
-119.870731870772,39.5248651630677,1486.023193359375,rain,snow,0.6871946769029049,0.10738378961010603,0.20542153348698913,0.0,0.0,1.0
-119.7504153,39.5483827,1349.3743896484375,rain,mix,0.3291147760247949,0.4638968625890513,0.20698836138615395,0.0,0.0,1.0
-119.986021304779,39.6800233030282,1552.726806640625,snow,snow,0.573988349296364,0.11976932020788311,0.3062423304957529,1.0,0.0,0.0
-119.803554407754,39.5527440865879,1396.88232421875,mix,rain,0.42483867922076807,0.0,0.575161320779232,0.0,1.0,0.0
-119.9668155,39.2519857,2016.028076171875,snow,snow,0.8096735609245183,0.0,0.19032643907548183,1.0,0.0,0.0
-119.5082719,39.3120483,1324.5926513671875,mix,mix,0.313059666123143,0.49144212266384685,0.19549821121301017,0.0,1.0,0.0
-119.950319867108,39.5248225190953,1538.666748046875,mix,rain,0.32279106259146295,0.10845855644909569,0.5687503809594413,0.0,1.0,0.0
-119.765881543385,39.4078131505616,1410.70751953125,mix,mix,0.028499867343919252,0.9256339948579256,0.04586613779815513,0.0,1.0,0.0
-119.7467847,39.424837,1368.7227783203125,mix,mix,0.02860207099654614,0.9177428924650973,0.053655036538356536,0.0,1.0,0.0
-119.8485858,39.5977497,1597.0430908203125,snow,snow,0.5348211234491227,0.14775603291402375,0.3174228436368535,1.0,0.0,0.0
-119.7607382,39.1599488,1422.213134765625,snow,mix,0.34890167068707634,0.5174180031076379,0.13368032620528586,1.0,0.0,0.0
-119.870731547485,39.5248651515248,1486.023193359375,rain,mix,0.36851400759602476,0.48670563557829716,0.14478035682567805,0.0,0.0,1.0
-120.175706789263,39.3532649754038,1832.049560546875,snow,snow,0.5157594679569266,0.36254359357822685,0.12169693846484655,1.0,0.0,0.0
-119.7506461,39.5485744,1349.3743896484375,rain,snow,0.4094664210375129,0.3583181122387052,0.2322154667237819,0.0,0.0,1.0
-119.8643966,39.6412136,1511.9696044921875,snow,snow,0.6901505061380999,0.12432194843174825,0.1855275454301518,1.0,0.0,0.0
-119.9673286,39.2517823,2016.028076171875,snow,snow,0.47280236120929836,0.37216853405723155,0.15502910473347012,1.0,0.0,0.0
-119.8644074,39.6412089,1511.9696044921875,snow,snow,0.6306405910554413,0.21084571390314097,0.1585136950414177,1.0,0.0,0.0
-119.8183006,39.4286514,1546.7161865234375,snow,snow,0.8460115070772486,0.025769283948964335,0.12821920897378702,1.0,0.0,0.0
-120.1877013,39.3156493,1840.956298828125,snow,snow,0.9132920768933916,0.05161773847237471,0.03509018463423372,1.0,0.0,0.0
-119.870733669994,39.5248647411267,1486.023193359375,snow,snow,0.49703678016859265,0.21983312385500137,0.2831300959764059,1.0,0.0,0.0
-119.781752695742,39.420619213201,1454.221923828125,snow,snow,0.8733648170016639,0.021454406560461756,0.10518077643787445,1.0,0.0,0.0
-119.8323367,39.4791726,1471.4849853515625,snow,rain,0.23417503367988418,0.02285277969196392,0.742972186628152,1.0,0.0,0.0
-119.99746173819,38.8523733403096,1980.7945556640625,snow,snow,0.8318246583461499,0.08169806548596532,0.08647727616788478,1.0,0.0,0.0
-119.950303411408,39.5248206339807,1538.666748046875,mix,snow,0.8661190971153169,0.0,0.13388090288468307,0.0,1.0,0.0
-119.8156893,39.4913433,1399.85205078125,rain,snow,0.9793768763606079,0.02062312363939217,0.0,0.0,0.0,1.0
-120.100168701032,39.3565974273495,1798.48291015625,snow,snow,0.8754917201861083,0.07662638915191307,0.04788189066197856,1.0,0.0,0.0
-119.9673286,39.2517823,2016.028076171875,snow,snow,0.8431716081654068,0.07665551389437442,0.08017287794021878,1.0,0.0,0.0
-119.925306216984,39.847246043754,1491.7423095703125,rain,mix,0.07818168027829003,0.92181831972171,0.0,0.0,0.0,1.0
-119.966898,39.2520326,2016.028076171875,snow,mix,0.0,0.6594467445792169,0.3405532554207832,1.0,0.0,0.0
-119.986020408705,39.6800243275043,1552.726806640625,mix,rain,0.14106371226117306,0.0,0.858936287738827,0.0,1.0,0.0
-120.0144923,39.2318747,1982.2445068359375,snow,snow,0.9613297717005175,0.024714943926408134,0.013955284373074405,1.0,0.0,0.0
-120.0839172,39.2255499,1958.6190185546875,snow,snow,0.9384600228026397,0.03952932049270026,0.02201065670465996,1.0,0.0,0.0
-119.8485851,39.5977095,1597.0430908203125,snow,mix,0.06748944346296486,0.6372286305338627,0.29528192600317243,1.0,0.0,0.0
-120.497664282275,38.5046362730733,1265.690673828125,rain,snow,0.6806730079900629,0.21360336314693232,0.10572362886300479,0.0,0.0,1.0
-119.841356815654,39.4996188779842,1451.5361328125,mix,rain,0.02525685792869169,0.023690668539832437,0.9510524735314759,0.0,1.0,0.0
-119.950319867108,39.5248225190953,1538.666748046875,mix,mix,0.3484858593994518,0.3705242212944799,0.28098991930606826,0.0,1.0,0.0
-119.962515,39.2480932,1922.8812255859375,snow,snow,0.938066019802353,0.03932902875151516,0.022604951446131796,1.0,0.0,0.0
-119.8260991,39.4923641,1421.2965087890625,rain,mix,0.022571824191681116,0.9772796894479837,0.00014848636033508016,0.0,0.0,1.0
-119.9667826,39.2519804,2016.028076171875,snow,snow,0.9999993914332753,0.0,6.085667247334444e-07,1.0,0.0,0.0
-119.7654074,39.149891,1420.0274658203125,rain,snow,0.8160408901571369,0.0,0.1839591098428631,0.0,0.0,1.0
-119.8260965,39.4923787,1421.2965087890625,rain,rain,0.22674001567213928,0.0,0.7732599843278608,0.0,0.0,1.0
-119.950307755849,39.5248223759079,1538.666748046875,rain,rain,0.21913241020757168,0.0,0.7808675897924284,0.0,0.0,1.0
-119.99746173819,38.8523733403096,1980.7945556640625,snow,rain,0.4944327090279001,0.0,0.5055672909721,1.0,0.0,0.0
-119.9668627,39.2520642,2016.028076171875,snow,snow,0.9999993916060363,0.0,6.083939636590091e-07,1.0,0.0,0.0
-119.9592173,39.2542529,2003.246337890625,snow,snow,0.999980497187647,0.0,1.9502812352998374e-05,1.0,0.0,0.0
-119.9656265,39.2518476,2016.028076171875,snow,snow,0.9999803869083873,0.0,1.961309161275958e-05,1.0,0.0,0.0
-120.352487826765,38.0359815632022,984.2950439453125,rain,snow,1.0,0.0,0.0,0.0,0.0,1.0
-119.99746173819,38.8523733403096,1980.7945556640625,snow,snow,0.7219841511974874,0.0,0.2780158488025126,1.0,0.0,0.0
-119.9669418,39.2518626,2016.028076171875,snow,snow,0.8427740051429911,0.0,0.157225994857009,1.0,0.0,0.0
-119.858255712737,37.8763951392364,1410.0882568359375,rain,rain,0.1440844474272866,0.0,0.8559155525727133,0.0,0.0,1.0
-120.23186610954,38.018018018018,1084.9864501953125,rain,rain,0.17765615519598194,0.0,0.8223438448040181,0.0,0.0,1.0
-119.5083717,39.3120132,1324.5926513671875,rain,snow,0.5302777816891611,0.4271564892055053,0.04256572910533362,0.0,0.0,1.0
-120.7830045,38.5112518,515.516845703125,rain,snow,0.44494744881348897,0.2939661125797029,0.26108643860680814,0.0,0.0,1.0
-119.950319867108,39.5248225190953,1538.666748046875,mix,snow,0.6613814197029625,0.0,0.3386185802970376,0.0,1.0,0.0
-119.96684,39.2518955,2016.028076171875,snow,mix,0.0,0.6061908238517699,0.39380917614823013,1.0,0.0,0.0
-119.9620269,39.2501565,2003.246337890625,snow,snow,0.9999865371343063,0.0,1.346286569368054e-05,1.0,0.0,0.0
-120.352486357594,38.035982817564,984.2950439453125,rain,snow,1.0,0.0,0.0,0.0,0.0,1.0
-119.874271759875,39.3392951880017,2313.341552734375,snow,snow,0.9968692250483943,0.0,0.0031307749516056933,1.0,0.0,0.0
-119.99746173819,38.8523733403096,1980.7945556640625,snow,snow,0.9319752018845886,0.0,0.06802479811541136,1.0,0.0,0.0
-120.478424439961,39.8766678261064,1795.1607666015625,snow,snow,0.9949702867664655,0.0,0.0050297132335345475,1.0,0.0,0.0
-119.9580777,39.2535829,2003.246337890625,snow,snow,0.9999866262232635,0.0,1.3373776736477573e-05,1.0,0.0,0.0
-120.315866977035,39.8175421865681,1494.4031982421875,snow,snow,0.9948383742819359,0.0,0.005161625718064061,1.0,0.0,0.0
-120.175706789263,39.3532649754038,1832.049560546875,snow,snow,0.9617483527669838,0.03825164723301609,0.0,1.0,0.0,0.0
-120.100177317622,39.3565978753659,1798.48291015625,snow,snow,0.9884680487011622,0.011531951298837823,0.0,1.0,0.0,0.0
-119.925246508084,39.8472339102361,1491.7423095703125,snow,snow,0.8993585747976406,0.1006414252023595,0.0,1.0,0.0,0.0
-120.001091352472,39.4704022970812,1628.6617431640625,mix,snow,1.0,0.0,0.0,0.0,1.0,0.0
-120.010491731514,39.4451111046719,1745.0489501953125,snow,mix,0.13760418954692408,0.862395810453076,0.0,1.0,0.0,0.0
-120.116305041767,39.3654504797092,1731.5933837890625,snow,snow,0.9888910181760489,0.011108981823951196,0.0,1.0,0.0,0.0
-120.315866977035,39.8175421865681,1494.4031982421875,snow,snow,0.8803567456564215,0.11964325434357856,0.0,1.0,0.0,0.0
-119.986020364188,39.6800244244874,1552.726806640625,snow,snow,0.7967328936503077,0.20326710634969236,0.0,1.0,0.0,0.0
-120.315866977035,39.8175421865681,1494.4031982421875,snow,snow,0.6865295716100115,0.0,0.3134704283899885,1.0,0.0,0.0
-119.955401540601,38.909860020189,1956.0849609375,snow,snow,0.9883367938038199,0.0,0.011663206196180099,1.0,0.0,0.0
-119.9668198,39.2519773,2016.028076171875,snow,snow,0.8198052360547843,0.0,0.18019476394521577,1.0,0.0,0.0
-119.99746173819,38.8523733403096,1980.7945556640625,snow,snow,0.9903136170624698,0.0,0.00968638293753019,1.0,0.0,0.0
-120.098421759421,39.3545499901769,1798.48291015625,snow,snow,0.7939018499221094,0.0,0.20609815007789056,1.0,0.0,0.0
-119.8255351,39.4921243,1421.2965087890625,rain,snow,1.0,0.0,0.0,0.0,0.0,1.0
-119.924766991251,39.8470586921008,1491.7423095703125,snow,snow,0.8995922388455575,0.0,0.10040776115444247,1.0,0.0,0.0
-119.986020364188,39.6800244244874,1552.726806640625,snow,snow,0.8251332447838122,0.0,0.17486675521618783,1.0,0.0,0.0
-119.7625748,39.4282677,1377.8040771484375,rain,snow,1.0,0.0,0.0,0.0,0.0,1.0
-119.9668198,39.2519773,2016.028076171875,snow,rain,0.37995982002277445,0.0,0.6200401799772256,1.0,0.0,0.0
-120.315866977035,39.8175421865681,1494.4031982421875,snow,snow,0.8946398961455811,0.0,0.1053601038544189,1.0,0.0,0.0
-120.1827613,38.7895614,1780.03369140625,snow,snow,1.0,0.0,0.0,1.0,0.0,0.0
-120.0918637,38.8104916,2092.12060546875,snow,snow,1.0,0.0,0.0,1.0,0.0,0.0
-119.9668198,39.2519773,2016.028076171875,snow,snow,1.0,0.0,0.0,1.0,0.0,0.0
-120.2442933,39.6789444,1505.601806640625,rain,rain,0.0,0.0,1.0,0.0,0.0,1.0
-119.9666888,39.2520075,2016.028076171875,rain,rain,0.0,0.0,1.0,0.0,0.0,1.0
-119.749523163765,38.9503623114045,1446.9903564453125,rain,rain,0.0,0.0,1.0,0.0,0.0,1.0
-119.5823986,39.2715208,1333.44287109375,rain,rain,0.0,0.0,1.0,0.0,0.0,1.0
-119.8257056,39.4921225,1421.2965087890625,rain,rain,0.0,0.0,1.0,0.0,0.0,1.0
-119.749659591541,39.4018600642105,1392.5533447265625,rain,rain,0.0,0.0,1.0,0.0,0.0,1.0
-119.7469513,39.4250499,1368.7227783203125,rain,rain,0.0,0.0,1.0,0.0,0.0,1.0
-119.76588248831,39.4078274389193,1410.70751953125,rain,rain,0.0,0.0,1.0,0.0,0.0,1.0
-119.8256621,39.4921313,1421.2965087890625,rain,rain,0.0,0.0,1.0,0.0,0.0,1.0
-119.7468331,39.4250749,1368.7227783203125,rain,rain,0.0,0.0,1.0,0.0,0.0,1.0
-119.8127124,39.500007,1371.762451171875,rain,rain,0.0,0.0,1.0,0.0,0.0,1.0
-119.8644456,39.6412792,1511.9696044921875,rain,rain,0.0,0.0,1.0,0.0,0.0,1.0
-119.9619869,39.2541217,2003.246337890625,rain,rain,0.0,0.0,1.0,0.0,0.0,1.0
-119.997450122557,38.8523518107497,1980.7945556640625,rain,rain,0.0,0.0,1.0,0.0,0.0,1.0
-119.9668237,39.2519631,2016.028076171875,rain,rain,0.0,0.0,1.0,0.0,0.0,1.0
-119.838073532253,39.5027192068415,1414.5765380859375,rain,rain,0.0,0.0,1.0,0.0,0.0,1.0
-119.8088786,39.518607,1370.511474609375,rain,rain,0.0,0.0,1.0,0.0,0.0,1.0
-119.8322987,39.4790692,1471.4849853515625,rain,rain,0.0,0.0,1.0,0.0,0.0,1.0
-119.8644262,39.6411835,1511.9696044921875,rain,rain,0.0,0.0,1.0,0.0,0.0,1.0
-119.8644262,39.6411835,1511.9696044921875,rain,rain,0.0,0.0,1.0,0.0,0.0,1.0
-119.8643334,39.6412659,1511.9696044921875,rain,rain,0.0,0.0,1.0,0.0,0.0,1.0
-119.5082979,39.3120501,1324.5926513671875,rain,rain,0.0,0.0,1.0,0.0,0.0,1.0
-119.8122786,39.4998146,1374.2261962890625,rain,rain,0.0,0.0,1.0,0.0,0.0,1.0
-119.9667958,39.2519686,2016.028076171875,rain,rain,0.0,0.0,1.0,0.0,0.0,1.0
-120.653753966811,39.3455142258595,1650.6158447265625,mix,snow,0.9990245519929859,0.0,0.0009754480070141199,0.0,1.0,0.0
-120.671800781116,39.3676846939905,1702.3770751953125,snow,mix,0.0,0.9990705325087244,0.0009294674912756496,1.0,0.0,0.0
-120.7809049,38.51095,515.516845703125,rain,mix,0.4879195884369563,0.5120804115630436,0.0,0.0,0.0,1.0
-119.945331692698,39.2752746037279,2182.246337890625,snow,snow,0.9977496200409323,0.0,0.002250379959067752,1.0,0.0,0.0
-119.9668502,39.251923,2016.028076171875,snow,snow,0.9978469183632641,0.0,0.0021530816367359424,1.0,0.0,0.0
-120.315868330026,39.8175325634834,1494.4031982421875,rain,snow,1.0,0.0,0.0,0.0,0.0,1.0
-119.99744014698,38.852403258166,1980.7945556640625,snow,snow,0.9927225364334746,0.0,0.007277463566525392,1.0,0.0,0.0
-119.977475172455,38.940234341492,1908.990234375,snow,snow,0.9918309074425246,0.0,0.008169092557475492,1.0,0.0,0.0
-119.945332804777,39.2752735126035,2182.246337890625,snow,snow,0.9999999585704759,4.510965626277227e-09,3.691855855594934e-08,1.0,0.0,0.0
-119.945371460177,39.2752568285996,2182.246337890625,snow,snow,0.9999999585627491,4.511463696443455e-09,3.692578718303884e-08,1.0,0.0,0.0
-120.16296877293,39.3581878978947,1793.0777587890625,rain,snow,0.8469044139377834,0.08534960883074783,0.06774597723146876,0.0,0.0,1.0
-120.656557288227,39.3493781827747,1650.6158447265625,rain,mix,0.02419984279505251,0.9589943810351897,0.016805776169757626,0.0,0.0,1.0
-119.966834,39.2519696,2016.028076171875,snow,snow,0.9846646178294386,0.0017033121498628919,0.013632070020698528,1.0,0.0,0.0
-120.600554752257,39.3237078949451,1787.235107421875,mix,rain,0.02858927989367669,0.0,0.9714107201063233,0.0,1.0,0.0
-120.565576066802,39.3200037783833,1777.3656005859375,mix,snow,1.0,0.0,0.0,0.0,1.0,0.0
-119.945332841062,39.2752734994676,2182.246337890625,snow,snow,0.9963710902506482,0.0036289097493518237,0.0,1.0,0.0,0.0
-119.997441180159,38.8523338245545,1980.7945556640625,snow,snow,0.8301335789818642,0.16986642101813573,0.0,1.0,0.0,0.0
-119.966834,39.2519696,2016.028076171875,snow,snow,0.9961567064633281,0.0038432935366719454,0.0,1.0,0.0,0.0
-119.9617003,39.2541232,2003.246337890625,mix,mix,0.013823705671920495,0.9861762943280795,0.0,0.0,1.0,0.0
-119.945333896753,39.2752700004291,2182.246337890625,snow,mix,0.0,1.0,0.0,1.0,0.0,0.0
-119.963859,39.2516552,2016.028076171875,mix,mix,0.011259129061352777,0.9887408709386473,0.0,0.0,1.0,0.0
-119.997860802772,38.9176606675114,1903.6112060546875,rain,snow,0.9856847556941408,0.014315244305859105,0.0,0.0,0.0,1.0
-120.176547383865,39.3513789608871,1846.0054931640625,snow,mix,0.03278061500944906,0.924791705966297,0.04242767902425392,1.0,0.0,0.0
-120.1362748,39.4437498,1763.386474609375,mix,snow,0.9688426653905836,0.0,0.03115733460941642,0.0,1.0,0.0
-119.997441180159,38.8523338245545,1980.7945556640625,snow,rain,0.015488590856093406,0.011505353761765256,0.9730060553821414,1.0,0.0,0.0
-119.945333566667,39.2753941333333,2182.246337890625,snow,snow,0.9934714813206211,0.0,0.006528518679378865,1.0,0.0,0.0
-119.918123921034,39.3024631057904,2612.475341796875,snow,snow,0.9930911554591709,0.0,0.006908844540829104,1.0,0.0,0.0
-119.90033765027,39.3223204667039,2655.501708984375,snow,snow,0.9894969627971218,0.0,0.010503037202878143,1.0,0.0,0.0
-119.854754,39.5268086,1454.2401123046875,rain,snow,1.0,0.0,0.0,0.0,0.0,1.0
-119.9638628,39.251626,2016.028076171875,snow,snow,0.9925291749192084,0.0,0.00747082508079149,1.0,0.0,0.0
-120.137245892001,39.3485147554294,1782.0194091796875,snow,mix,0.03202542206580153,0.9679745779341985,0.0,1.0,0.0,0.0
-120.100227348551,39.3565474100279,1798.48291015625,mix,snow,1.0,0.0,0.0,0.0,1.0,0.0
-119.9668099,39.251966,2016.028076171875,snow,mix,0.4467268470310952,0.5532731529689048,0.0,1.0,0.0,0.0
-120.315868330026,39.8175325634834,1494.4031982421875,snow,snow,0.8334795225547864,0.16652047744521356,0.0,1.0,0.0,0.0
-120.100225367713,39.3565471574232,1798.48291015625,snow,snow,0.43402306561200077,0.3066053655970139,0.25937156879098544,1.0,0.0,0.0
-120.2439744,39.6784959,1505.601806640625,snow,snow,0.8689007762865422,0.1310992237134579,0.0,1.0,0.0,0.0
-120.4280874,39.6477541,1504.4288330078125,snow,snow,0.9999996030059288,3.969940712207468e-07,0.0,1.0,0.0,0.0
-119.80055,39.572585,1488.3441162109375,mix,mix,0.1492540363118575,0.6597201283016536,0.19102583538648893,0.0,1.0,0.0
-120.021292,39.8868079,1396.6046142578125,mix,snow,0.7293243169094293,0.2706756830905706,0.0,0.0,1.0,0.0
-119.844395,39.606535,1568.7435302734375,snow,mix,0.3600579526630647,0.5002045022025459,0.13973754513438946,1.0,0.0,0.0
-119.882075,39.62517,1553.86962890625,snow,snow,0.5435306354660988,0.3664632637992103,0.09000610073469094,1.0,0.0,0.0
-119.825624830006,39.5149869066414,1390.4053955078125,rain,rain,0.003899987647246545,0.2969359798193861,0.6991640325333675,0.0,0.0,1.0
-119.813672765161,39.5450347111307,1381.1461181640625,mix,mix,0.04577983931075877,0.5958336908515566,0.3583864698376847,0.0,1.0,0.0
-119.831924287512,39.5577429289498,1477.43408203125,mix,mix,0.09088936567464813,0.6861975883081449,0.22291304601720696,0.0,1.0,0.0
-119.950315623226,39.5248211012618,1538.666748046875,mix,snow,0.47878370752120647,0.25690600419712684,0.2643102882816668,0.0,1.0,0.0
-120.007684993908,39.5274345493404,1521.617431640625,snow,mix,0.11355946289689961,0.7110303213797221,0.17541021572337834,1.0,0.0,0.0
-119.9576782,39.2533922,2003.246337890625,snow,snow,0.4262557519889772,0.28177750934647217,0.2919667386645507,1.0,0.0,0.0
-119.838038523775,39.5049818248679,1414.5765380859375,rain,mix,0.0003650379087421492,0.9708652854781826,0.028769676613075265,0.0,0.0,1.0
-120.4280694,39.64758,1504.4288330078125,snow,snow,0.9999996030301231,3.9696987690192816e-07,0.0,1.0,0.0,0.0
-119.83578340999,39.5059115767678,1414.5765380859375,mix,rain,0.0003677949050026081,0.004621474363591146,0.9950107307314062,0.0,1.0,0.0
-119.8152863,39.5149911,1387.5543212890625,rain,rain,0.00484780878665703,0.21495993894043286,0.7801922522729101,0.0,0.0,1.0
-119.950296071582,39.524830308508,1538.666748046875,snow,mix,0.25583847072943144,0.5836714690965618,0.16049006017400683,1.0,0.0,0.0
-119.8324299,39.4790281,1471.4849853515625,rain,mix,0.2076665637593651,0.5556366626328939,0.23669677360774094,0.0,0.0,1.0
-119.8710084,39.5248703,1486.023193359375,mix,mix,0.0031490765581647143,0.9944785373264189,0.0023723861154164748,0.0,1.0,0.0
-119.831924287512,39.5577429289498,1477.43408203125,snow,rain,0.05561008312355781,0.19551962048018162,0.7488702963962607,1.0,0.0,0.0
-119.8708466,39.5231729,1486.023193359375,mix,mix,0.0030343825798534955,0.9945923719504699,0.0023732454696765593,0.0,1.0,0.0
-119.8693531,39.6023088,1591.5308837890625,snow,snow,0.9999256208941782,4.867611772563011e-05,2.5702988096098085e-05,1.0,0.0,0.0
-119.8548018,39.5429531,1495.9249267578125,mix,mix,0.3144817568898838,0.47166535610820726,0.21385288700190908,0.0,1.0,0.0
-119.8236388,39.550796,1425.5679931640625,rain,snow,0.8080943344357397,0.17823899078703542,0.013666674777224781,0.0,0.0,1.0
-119.796614452885,39.4190380411246,1507.8775634765625,snow,mix,0.20391683825535434,0.5019134116063284,0.2941697501383173,1.0,0.0,0.0
-119.777932537244,39.3828375538392,1549.0029296875,snow,mix,0.26429908918852046,0.5923540642945083,0.1433468465169712,1.0,0.0,0.0
-119.765924719037,39.407832889731,1410.70751953125,mix,snow,0.7429414714053704,0.038199465996226714,0.218859062598403,0.0,1.0,0.0
-119.7625886,39.4471163,1369.423095703125,rain,snow,0.42748302098113716,0.41508092979097266,0.1574360492278901,0.0,0.0,1.0
-119.8694743,39.6020395,1591.5308837890625,snow,snow,0.9999251253061847,4.904172271118899e-05,2.5832971104076062e-05,1.0,0.0,0.0
-119.9668034,39.2519629,2016.028076171875,snow,snow,0.44168351111024545,0.3291568956459039,0.2291595932438506,1.0,0.0,0.0
-119.7628371,39.4470446,1369.423095703125,rain,rain,5.397893284238458e-06,0.0,0.9999946021067158,0.0,0.0,1.0
-119.746906,39.4251279,1368.7227783203125,rain,rain,0.042665147895723475,0.0,0.9573348521042765,0.0,0.0,1.0
-119.816158450827,39.3723323766939,1695.472412109375,snow,rain,0.0,0.0,1.0,1.0,0.0,0.0
-119.7625954,39.4471153,1369.423095703125,rain,rain,5.378991355532338e-06,0.0,0.9999946210086446,0.0,0.0,1.0
-119.796614452885,39.4190380411246,1507.8775634765625,rain,rain,0.16621496127796126,0.0,0.8337850387220388,0.0,0.0,1.0
-119.863724755815,39.5322053321581,1486.790283203125,rain,rain,0.12286219440016408,0.0,0.877137805599836,0.0,0.0,1.0
-119.749517569277,38.9503609534399,1446.9903564453125,rain,snow,1.0,0.0,0.0,0.0,0.0,1.0
-119.807492858496,39.1962270401942,1641.729248046875,snow,rain,0.3082070607448637,0.0,0.6917929392551363,1.0,0.0,0.0
-119.997441180159,38.8523338245545,1980.7945556640625,snow,rain,0.2528677939530676,0.0,0.7471322060469325,1.0,0.0,0.0
-119.997441180159,38.8523338245545,1980.7945556640625,snow,rain,0.0,0.0,1.0,1.0,0.0,0.0
-120.208995296128,38.018018018018,1367.6544189453125,rain,snow,0.8175946225433062,0.0,0.18240537745669388,0.0,0.0,1.0
-120.315868330026,39.8175325634834,1494.4031982421875,rain,snow,0.7656926411515383,0.0,0.23430735884846168,0.0,0.0,1.0
-119.997441180159,38.8523338245545,1980.7945556640625,snow,rain,0.3792018584639033,0.0,0.6207981415360967,1.0,0.0,0.0
-119.8643957,39.6411892,1511.9696044921875,rain,snow,0.9273870627544247,0.0,0.07261293724557528,0.0,0.0,1.0
-120.3697491,39.5838409,1511.8182373046875,rain,snow,0.501816151802151,0.0,0.49818384819784906,0.0,0.0,1.0
-119.784225500379,39.5485100146762,1365.86572265625,snow,rain,0.022416187944209458,0.0,0.9775838120557906,1.0,0.0,0.0
-119.956910275375,39.0010379383825,1906.7586669921875,snow,snow,0.9781194775094019,0.0,0.02188052249059818,1.0,0.0,0.0
-119.997441180159,38.8523338245545,1980.7945556640625,snow,snow,0.9801282251914633,0.0,0.019871774808536743,1.0,0.0,0.0
-119.9361881,39.2445937,1933.2171630859375,snow,snow,0.9058828781622106,0.0,0.09411712183778942,1.0,0.0,0.0
-120.315868330026,39.8175325634834,1494.4031982421875,rain,snow,1.0,0.0,0.0,0.0,0.0,1.0
-119.9361881,39.2445937,1933.2171630859375,snow,rain,0.0,0.0,1.0,1.0,0.0,0.0
-119.733900769782,39.5795105080844,1362.42431640625,rain,snow,0.6535558297898274,0.0,0.34644417021017265,0.0,0.0,1.0
-120.315868330026,39.8175325634834,1494.4031982421875,rain,rain,0.38408267791195233,0.0,0.6159173220880476,0.0,0.0,1.0
-119.997441180159,38.8523338245545,1980.7945556640625,snow,rain,0.0,0.0,1.0,1.0,0.0,0.0
-119.8323217,39.479066,1471.4849853515625,rain,rain,0.021645893779408863,0.0,0.9783541062205912,0.0,0.0,1.0
-119.8694812,39.6024164,1591.5308837890625,rain,rain,0.01424422812585841,0.0,0.9857557718741417,0.0,0.0,1.0
-120.007684993908,39.5274345493404,1521.617431640625,rain,rain,0.020142535866165545,0.0,0.9798574641338345,0.0,0.0,1.0
-119.846243264088,39.5185898834723,1417.013427734375,rain,rain,0.0,0.0,1.0,0.0,0.0,1.0
-119.831818775417,39.5577099648384,1477.43408203125,rain,rain,0.0,0.0,1.0,0.0,0.0,1.0
-119.838093839959,39.5027076192039,1414.5765380859375,rain,rain,0.0,0.0,1.0,0.0,0.0,1.0
-119.997438646991,38.8523344549369,1980.7945556640625,mix,rain,0.0,0.0,1.0,0.0,1.0,0.0
-119.8692846,39.6023884,1591.5308837890625,rain,rain,0.0,0.002613719907766352,0.9973862800922336,0.0,0.0,1.0
-120.2441332,39.6788071,1505.601806640625,rain,rain,0.0,0.05800670658143566,0.9419932934185643,0.0,0.0,1.0
-119.8643912,39.6411664,1511.9696044921875,rain,rain,0.0,0.002363440139381976,0.997636559860618,0.0,0.0,1.0
-119.8694842,39.6024024,1591.5308837890625,rain,rain,0.01218955711299167,0.09974712957206054,0.8880633133149478,0.0,0.0,1.0
-119.822677616667,39.49196625,1399.85205078125,mix,rain,0.1310888596928943,0.0,0.8689111403071058,0.0,1.0,0.0
-119.8644299,39.6411213,1511.9696044921875,rain,rain,0.01022387383807796,0.06069710595618516,0.929079020205737,0.0,0.0,1.0
-119.945338959255,39.2752652569714,2182.246337890625,snow,mix,0.0,0.5200945710755008,0.4799054289244991,1.0,0.0,0.0
-119.945443826003,39.275238059435,2182.246337890625,snow,snow,0.8550854087215212,0.14491459127847878,0.0,1.0,0.0,0.0
-119.9627819,39.2537483,2003.246337890625,mix,snow,1.0,0.0,0.0,0.0,1.0,0.0
-119.931162876332,39.2626647889282,2271.30078125,snow,snow,0.8476446387614475,0.15235536123855248,0.0,1.0,0.0,0.0
-119.930589629706,39.2865426072974,2513.06689453125,snow,snow,0.9734380381838533,0.02656196181614667,0.0,1.0,0.0,0.0
-119.923312234486,39.2945626177348,2582.84716796875,snow,snow,1.0,0.0,0.0,1.0,0.0,0.0
-119.914765610821,39.3048283374437,2605.041259765625,snow,snow,1.0,0.0,0.0,1.0,0.0,0.0
-119.900843006668,39.3105453295778,2698.538818359375,snow,snow,1.0,0.0,0.0,1.0,0.0,0.0
-119.903347095334,39.3150365235219,2655.501708984375,snow,snow,1.0,0.0,0.0,1.0,0.0,0.0
-119.896574787894,39.3199582548064,2645.622314453125,snow,snow,1.0,0.0,0.0,1.0,0.0,0.0
-119.886736737465,39.3297197759942,2501.984619140625,snow,snow,0.9805335485879811,0.0,0.01946645141201882,1.0,0.0,0.0
-119.876832294707,39.3262190000266,2412.533935546875,snow,snow,0.9764023331103914,0.0,0.023597666889608716,1.0,0.0,0.0
-119.869123657449,39.3374470110922,2208.241455078125,snow,snow,0.9598846228863248,0.0,0.04011537711367524,1.0,0.0,0.0
-119.872747235626,39.3404086019284,2313.341552734375,snow,snow,0.9643130065438337,0.0,0.0356869934561663,1.0,0.0,0.0
-119.856167913756,39.3560044801848,1904.5369873046875,rain,snow,1.0,0.0,0.0,0.0,0.0,1.0
-119.794067616015,39.4203380813969,1477.6451416015625,rain,rain,0.151960421611804,0.0,0.848039578388196,0.0,0.0,1.0
-119.774000999517,39.434450527654,1398.550537109375,rain,rain,0.11694632038366283,0.0,0.8830536796163372,0.0,0.0,1.0
